,June_band_1,June_band_2,June_band_3,June_band_4,June_band_5,June_band_6,June_band_7,June_band_8,June_band_9,June_band_10,June_band_11,June_band_12,June_band_13,location_name,geometry,July_band_1,July_band_2,July_band_3,July_band_4,July_band_5,July_band_6,July_band_7,July_band_8,July_band_9,July_band_10,July_band_11,July_band_12,July_band_13,August_band_1,August_band_2,August_band_3,August_band_4,August_band_5,August_band_6,August_band_7,August_band_8,August_band_9,August_band_10,August_band_11,August_band_12,August_band_13,September_band_1,September_band_2,September_band_3,September_band_4,September_band_5,September_band_6,September_band_7,September_band_8,September_band_9,September_band_10,September_band_11,September_band_12,September_band_13,October_band_1,October_band_2,October_band_3,October_band_4,October_band_5,October_band_6,October_band_7,October_band_8,October_band_9,October_band_10,October_band_11,October_band_12,October_band_13
135650,0.1399,0.1285,0.1235,0.13689999,0.1363,0.14740001,0.1619,0.1576,0.1787,0.034400001,0.0011,0.1912,0.1534,El Gazira_41,POINT (32.72791535241451 14.319034330744511),0.14300001,0.1234,0.1176,0.1259,0.1246,0.13600001,0.15009999,0.13860001,0.16140001,0.0268,0.0012,0.17919999,0.14749999,0.2798,0.27489999,0.27090001,0.28060001,0.29280001,0.32069999,0.34580001,0.3082,0.35960001,0.1046,0.0035,0.34060001,0.26769999,0.1736,0.15,0.14229999,0.13850001,0.14740001,0.1978,0.23639999,0.2122,0.2527,0.049199998,0.0145,0.1908,0.138,0.159,0.1284,0.1196,0.1119,0.1248,0.17200001,0.1982,0.1762,0.20730001,0.0508,0.0133,0.16680001,0.108
103953,0.155,0.1521,0.1604,0.19930001,0.1973,0.2145,0.2394,0.2282,0.25979999,0.035300002,0.0011,0.2633,0.20900001,El Gazira_41,POINT (32.71550622393266 14.329536155912912),0.14390001,0.1189,0.1085,0.1145,0.1119,0.1207,0.1269,0.1232,0.1391,0.0267,0.0009,0.1198,0.083700001,0.45950001,0.44190001,0.4224,0.44229999,0.43869999,0.47220001,0.48679999,0.46950001,0.50019997,0.2163,0.005,0.47060001,0.39300001,0.1707,0.1446,0.1443,0.1187,0.14040001,0.2978,0.3757,0.343,0.40720001,0.0556,0.0148,0.20190001,0.1089,0.1373,0.1025,0.090400003,0.083700001,0.1009,0.18430001,0.232,0.20280001,0.2511,0.0301,0.0031,0.14749999,0.074900001
128309,0.16410001,0.1578,0.1663,0.1973,0.2007,0.2192,0.24429999,0.22830001,0.2701,0.039299998,0.0013,0.27959999,0.21529999,El Gazira_41,POINT (32.71633967286054 14.321297655134252),0.15620001,0.14,0.138,0.1595,0.1595,0.1802,0.19930001,0.1901,0.2221,0.0347,0.0009,0.2406,0.1838,0.38319999,0.32640001,0.3452,0.3761,0.3802,0.40279999,0.4262,0.37419999,0.44139999,0.17640001,0.0047,0.41859999,0.35640001,0.1839,0.1596,0.15440001,0.151,0.1602,0.2149,0.25330001,0.2272,0.26800001,0.0587,0.020300001,0.2088,0.15,0.1481,0.1246,0.1143,0.1128,0.1111,0.1362,0.15700001,0.15090001,0.1693,0.035100002,0.0073,0.1461,0.1054
38601,0.1594,0.1609,0.17460001,0.2154,0.208,0.2279,0.25960001,0.23450001,0.27700001,0.036,0.0013,0.28470001,0.21430001,El Gazira_41,POINT (32.72041431206354 14.353255795517407),0.1516,0.1286,0.1211,0.1301,0.132,0.1534,0.17039999,0.15530001,0.1838,0.03,0.0009,0.1925,0.1477,0.47049999,0.48789999,0.48249999,0.5108,0.51310003,0.538,0.51010001,0.52740002,0.5298,0.2103,0.0064,0.49779999,0.41600001,0.1653,0.1388,0.1473,0.1144,0.15279999,0.2967,0.362,0.32640001,0.3917,0.046700001,0.0074,0.2112,0.1142,0.13860001,0.1067,0.1056,0.091799997,0.1141,0.1823,0.2172,0.2212,0.2481,0.022,0.0006,0.1707,0.088200003
69262,0.1444,0.1244,0.1184,0.13590001,0.13519999,0.1451,0.1626,0.148,0.17479999,0.0275,0.0011,0.1798,0.14120001,El Gazira_41,POINT (32.71578404024196 14.339947448105725),0.1427,0.1236,0.1181,0.12909999,0.1303,0.1433,0.1573,0.1455,0.17,0.0256,0.0009,0.1698,0.1321,0.41569999,0.39719999,0.3928,0.4192,0.41460001,0.42449999,0.44029999,0.42460001,0.4542,0.1754,0.0052,0.42019999,0.35479999,0.1743,0.1508,0.1455,0.1364,0.153,0.2272,0.269,0.2456,0.2859,0.0567,0.0148,0.1858,0.1205,0.12890001,0.1058,0.0959,0.076399997,0.1,0.1938,0.2377,0.2193,0.252,0.025800001,0.0016,0.12800001,0.0605
71391,0.1481,0.14740001,0.1534,0.185,0.1814,0.1929,0.2198,0.2098,0.234,0.031,0.0011,0.2368,0.1865,El Gazira_41,POINT (32.717543543534156 14.339404250252187),0.1429,0.1206,0.1132,0.1214,0.1205,0.13420001,0.1497,0.1367,0.15629999,0.0264,0.001,0.1608,0.1259,0.41510001,0.44670001,0.433,0.46919999,0.47420001,0.45269999,0.46160001,0.4824,0.46489999,0.18269999,0.0053,0.49219999,0.35929999,0.1735,0.1471,0.155,0.1148,0.1525,0.35069999,0.4551,0.4188,0.47909999,0.067900002,0.0156,0.2221,0.1102,0.13070001,0.1031,0.1011,0.0787,0.1065,0.175,0.2084,0.1849,0.2315,0.0253,0.0011,0.1594,0.079800002
53715,0.1534,0.1451,0.1516,0.1763,0.1856,0.2233,0.2538,0.2339,0.2823,0.0396,0.0011,0.26980001,0.1948,El Gazira_41,POINT (32.73032309376174 14.34411196498285),0.151,0.1314,0.1302,0.1464,0.1608,0.1894,0.2183,0.1909,0.23890001,0.034600001,0.001,0.24519999,0.1763,0.3935,0.36669999,0.3721,0.36590001,0.371,0.38620001,0.4039,0.4084,0.4127,0.17829999,0.0073,0.39649999,0.34130001,0.1696,0.14920001,0.1513,0.1488,0.1661,0.23710001,0.27469999,0.2536,0.30090001,0.043699998,0.0101,0.2288,0.15620001,0.1234,0.1023,0.089,0.0862,0.0889,0.1133,0.13070001,0.1136,0.1362,0.0137,0.0011,0.1081,0.0704
68393,0.15459999,0.1416,0.1451,0.1629,0.1696,0.1971,0.2221,0.208,0.24150001,0.0361,0.0011,0.24250001,0.17739999,El Gazira_41,POINT (32.73273083510897 14.340219047032495),0.1434,0.1228,0.1133,0.1246,0.1234,0.1349,0.1499,0.1402,0.16320001,0.027100001,0.001,0.1789,0.1471,0.33059999,0.32409999,0.31959999,0.33770001,0.33930001,0.36500001,0.3836,0.34810001,0.3899,0.1417,0.0078,0.3705,0.31420001,0.1662,0.1444,0.1373,0.1344,0.1426,0.19509999,0.22589999,0.2043,0.2406,0.045400001,0.01,0.19140001,0.1383,0.145,0.1073,0.096199997,0.092,0.096600004,0.132,0.1507,0.1249,0.1631,0.0409,0.0082,0.1285,0.092100002
57376,0.16329999,0.1664,0.18179999,0.2272,0.2141,0.2325,0.26069999,0.26460001,0.28569999,0.041900001,0.0013,0.30680001,0.23720001,El Gazira_41,POINT (32.69920766712067 14.343025569275774),0.15369999,0.14300001,0.14390001,0.1654,0.15790001,0.1794,0.20039999,0.2032,0.2234,0.034200002,0.001,0.2279,0.1655,0.32010001,0.38460001,0.34310001,0.34729999,0.35620001,0.37169999,0.3811,0.389,0.36989999,0.1127,0.003,0.36090001,0.26280001,0.1751,0.1541,0.1525,0.1471,0.1639,0.2288,0.26859999,0.2367,0.29069999,0.051800001,0.0145,0.2147,0.1416,0.1433,0.1285,0.1224,0.13169999,0.1311,0.148,0.1682,0.15530001,0.18430001,0.0201,0.001,0.18610001,0.1454
117953,0.1479,0.1191,0.1098,0.1225,0.1285,0.13779999,0.156,0.13429999,0.16329999,0.0325,0.0011,0.1726,0.1354,El Gazira_41,POINT (32.73273083510897 14.32473790820666),0.1454,0.1219,0.1111,0.1193,0.1178,0.1312,0.1462,0.13330001,0.15109999,0.0285,0.001,0.1578,0.12639999,0.28830001,0.25690001,0.2411,0.25279999,0.2572,0.28839999,0.31200001,0.28369999,0.327,0.1135,0.0045,0.30090001,0.2474,0.1663,0.14309999,0.13249999,0.1279,0.137,0.1895,0.2227,0.20290001,0.22939999,0.0469,0.0117,0.1646,0.1172,0.13779999,0.12540001,0.112,0.098399997,0.099,0.12620001,0.14560001,0.1543,0.1593,0.034899998,0.0071,0.1219,0.091200002
34061,0.1552,0.1455,0.14740001,0.1743,0.1767,0.19670001,0.2246,0.2142,0.25119999,0.0367,0.0011,0.28380001,0.2148,El Gazira_41,POINT (32.7054122313616 14.355700185858328),0.1576,0.1426,0.14139999,0.1635,0.1647,0.1831,0.2078,0.193,0.22849999,0.0347,0.0009,0.26249999,0.198,0.62029999,0.56309998,0.55720001,0.61549997,0.64050001,0.66820002,0.69880003,0.61650002,0.71649998,0.2947,0.0047,0.55849999,0.4267,0.1635,0.1411,0.1354,0.12530001,0.1441,0.2208,0.2642,0.2484,0.299,0.043699998,0.0073,0.23639999,0.14920001,0.1479,0.1356,0.1347,0.152,0.1558,0.1806,0.2113,0.2014,0.2431,0.026,0.0009,0.25240001,0.1776
19968,0.1542,0.15710001,0.16779999,0.1992,0.1928,0.21089999,0.2359,0.23469999,0.2579,0.030400001,0.0011,0.25009999,0.19069999,El Gazira_41,POINT (32.71439495869548 14.361313230344887),0.1499,0.1217,0.1125,0.1175,0.1219,0.13070001,0.14470001,0.12890001,0.1551,0.0265,0.001,0.15440001,0.1083,0.62620002,0.64410001,0.61860001,0.64490002,0.6462,0.67390001,0.70410001,0.66250002,0.71759999,0.28560001,0.007,0.52090001,0.39089999,0.1601,0.14219999,0.14139999,0.124,0.14659999,0.2613,0.322,0.27880001,0.3434,0.0497,0.0071,0.1998,0.1154,0.137,0.1131,0.1161,0.087200001,0.1313,0.26879999,0.33379999,0.32570001,0.36570001,0.032400001,0.0008,0.2023,0.1004
60099,0.1645,0.15970001,0.1689,0.2032,0.1997,0.2194,0.2462,0.23109999,0.27110001,0.0416,0.0013,0.29660001,0.2316,El Gazira_41,POINT (32.69781858557419 14.342301305471057),0.15090001,0.1384,0.137,0.1568,0.1468,0.16,0.1822,0.1807,0.1978,0.030400001,0.0009,0.1892,0.139,0.40709999,0.39480001,0.3863,0.41620001,0.42030001,0.43349999,0.44510001,0.42550001,0.44049999,0.1657,0.0035,0.44490001,0.33860001,0.17389999,0.1521,0.1463,0.1362,0.14910001,0.2049,0.2358,0.22229999,0.25080001,0.0491,0.0154,0.1857,0.1233,0.147,0.12630001,0.1182,0.1227,0.123,0.1383,0.1552,0.1436,0.1673,0.020300001,0.0009,0.17200001,0.13429999
84339,0.1532,0.15989999,0.1689,0.21259999,0.1978,0.2163,0.2467,0.2429,0.26210001,0.035100002,0.0011,0.26370001,0.20100001,El Gazira_41,POINT (32.72476676757584 14.336145063130958),0.1428,0.1228,0.115,0.12620001,0.1252,0.1407,0.1525,0.1383,0.163,0.0268,0.001,0.1688,0.1323,0.37279999,0.35089999,0.3087,0.33360001,0.34189999,0.37689999,0.40079999,0.359,0.41659999,0.1644,0.0062,0.36989999,0.31670001,0.1663,0.1425,0.1392,0.1249,0.1462,0.2288,0.27559999,0.255,0.2886,0.053599998,0.0118,0.1647,0.093500003,0.1356,0.1062,0.093500003,0.086,0.1009,0.1516,0.1823,0.16140001,0.19320001,0.024900001,0.0025,0.1348,0.079099998
123938,0.14659999,0.124,0.1217,0.13249999,0.1354,0.1472,0.1666,0.15350001,0.1798,0.029,0.001,0.15180001,0.1056,El Gazira_41,POINT (32.72819316872381 14.322746182743687),0.1446,0.1238,0.1146,0.1213,0.1189,0.132,0.1459,0.1409,0.1593,0.0277,0.001,0.17910001,0.1426,0.28189999,0.27379999,0.2841,0.294,0.29249999,0.31420001,0.33019999,0.3206,0.33450001,0.1058,0.0045,0.34490001,0.25189999,0.1698,0.1453,0.1383,0.1327,0.13959999,0.20190001,0.2308,0.22480001,0.249,0.055,0.0135,0.17919999,0.1245,0.133,0.1177,0.1051,0.099699996,0.1014,0.1277,0.1503,0.14309999,0.1594,0.0272,0.0043,0.1328,0.092100002
51440,0.15360001,0.14830001,0.15369999,0.1798,0.1733,0.1881,0.21170001,0.2025,0.23,0.033500001,0.0012,0.2438,0.19580001,El Gazira_41,POINT (32.72096994468213 14.345107827714337),0.14929999,0.13420001,0.1329,0.1507,0.1469,0.159,0.1749,0.1647,0.1883,0.029300001,0.001,0.1989,0.16,0.44909999,0.4594,0.44319999,0.46200001,0.46259999,0.48649999,0.50129998,0.49509999,0.5147,0.2059,0.007,0.4698,0.40040001,0.17020001,0.1514,0.14489999,0.14669999,0.1463,0.1893,0.2185,0.21,0.2304,0.0422,0.0109,0.18189999,0.1353,0.13609999,0.1147,0.1044,0.1042,0.094300002,0.1048,0.1161,0.1147,0.1204,0.0152,0.0009,0.1073,0.080700003
9523,0.1635,0.15809999,0.1644,0.2018,0.1989,0.2139,0.24250001,0.22840001,0.269,0.0374,0.0013,0.28510001,0.22480001,El Gazira_41,POINT (32.71439495869548 14.365206148295243),0.14910001,0.13160001,0.124,0.13609999,0.1356,0.14740001,0.1646,0.1529,0.1761,0.0265,0.001,0.1929,0.1547,0.405,0.34209999,0.35890001,0.34169999,0.36629999,0.3809,0.4233,0.378,0.46180001,0.1851,0.0065,0.3504,0.30919999,0.15970001,0.13850001,0.1392,0.1182,0.1435,0.25150001,0.31259999,0.2872,0.3256,0.0455,0.0058,0.18340001,0.0942,0.1384,0.1159,0.118,0.1027,0.12980001,0.2168,0.2642,0.25319999,0.29789999,0.030200001,0.0008,0.2017,0.1053
113711,0.1566,0.1443,0.147,0.1743,0.1737,0.1841,0.2078,0.19159999,0.22390001,0.033,0.001,0.2252,0.18269999,El Gazira_41,POINT (32.711524190166095 14.326095902840505),0.1507,0.13150001,0.1266,0.146,0.1427,0.1565,0.1737,0.1574,0.1867,0.0288,0.0007,0.1846,0.1487,0.43450001,0.3795,0.3867,0.43020001,0.4253,0.45140001,0.47409999,0.4251,0.48750001,0.2057,0.0054,0.45120001,0.394,0.17839999,0.1529,0.1415,0.1398,0.1452,0.18340001,0.2094,0.18610001,0.218,0.0523,0.0198,0.1593,0.1208,0.1274,0.1148,0.097599998,0.093199998,0.092100002,0.1035,0.1144,0.116,0.1213,0.014,0.0025,0.1003,0.075499997
142500,0.1472,0.13609999,0.13689999,0.15790001,0.1506,0.1671,0.189,0.1847,0.2052,0.0309,0.0013,0.2128,0.16779999,El Gazira_41,POINT (32.72893401221526 14.316952072305948),0.15009999,0.1243,0.1171,0.1256,0.1397,0.1602,0.1744,0.14910001,0.188,0.0295,0.0008,0.1891,0.14309999,0.2388,0.26350001,0.2006,0.2095,0.2078,0.24160001,0.26800001,0.27180001,0.28349999,0.081200004,0.0031,0.2358,0.1952,0.1691,0.1443,0.14139999,0.117,0.1452,0.2472,0.28889999,0.2782,0.3175,0.055500001,0.0146,0.1767,0.101,0.15790001,0.127,0.1192,0.1185,0.1332,0.1709,0.19159999,0.1744,0.1989,0.0517,0.0155,0.1584,0.1096
122633,0.1525,0.13850001,0.142,0.168,0.1693,0.1823,0.2061,0.19159999,0.2274,0.032200001,0.0011,0.22480001,0.1751,El Gazira_41,POINT (32.71013510861962 14.323108314646046),0.149,0.12809999,0.1242,0.1401,0.1418,0.15970001,0.181,0.1644,0.1944,0.0309,0.001,0.1988,0.1547,0.4235,0.45629999,0.43880001,0.45840001,0.46380001,0.4851,0.50239998,0.50209999,0.50410002,0.1956,0.0055,0.49559999,0.4064,0.1771,0.1503,0.1437,0.1401,0.1462,0.1884,0.2148,0.191,0.22130001,0.051399998,0.0212,0.1663,0.1237,0.1345,0.1172,0.1008,0.1025,0.1048,0.1216,0.1328,0.1129,0.13869999,0.019,0.0032,0.12549999,0.088
93764,0.15350001,0.134,0.1389,0.1434,0.154,0.1735,0.1948,0.1538,0.2016,0.035100002,0.0011,0.1875,0.15360001,El Gazira_41,POINT (32.718469597898476 14.333338540887679),0.14650001,0.1311,0.129,0.1374,0.14040001,0.1521,0.1645,0.1312,0.1837,0.0287,0.0009,0.1522,0.1207,0.37869999,0.39480001,0.3707,0.37819999,0.36989999,0.38159999,0.3811,0.4181,0.38690001,0.16230001,0.005,0.38339999,0.3062,0.17550001,0.153,0.1538,0.1455,0.1567,0.21529999,0.2446,0.21089999,0.2581,0.053599998,0.0146,0.1644,0.1083,0.13590001,0.1037,0.096600004,0.090300001,0.1018,0.1116,0.133,0.092699997,0.1209,0.020400001,0.0024,0.1085,0.069399998
140977,0.1517,0.13789999,0.1375,0.1585,0.15530001,0.168,0.191,0.1805,0.2133,0.034,0.0011,0.2264,0.18700001,El Gazira_41,POINT (32.72708190348663 14.317404737183896),0.1462,0.1283,0.1223,0.1374,0.13500001,0.1469,0.1655,0.1559,0.1751,0.030300001,0.001,0.1982,0.1596,0.3299,0.3001,0.26339999,0.2814,0.29809999,0.3292,0.35820001,0.31310001,0.37819999,0.13860001,0.0037,0.36590001,0.29300001,0.1732,0.1496,0.14229999,0.1429,0.1486,0.1963,0.23280001,0.2093,0.244,0.053300001,0.016,0.1881,0.1383,0.15369999,0.1392,0.1192,0.118,0.1227,0.15019999,0.1718,0.1644,0.1831,0.0442,0.0122,0.1569,0.1169
5856,0.1547,0.14489999,0.144,0.1662,0.1788,0.1946,0.2194,0.18870001,0.2393,0.035500001,0.0013,0.2481,0.18880001,El Gazira_41,POINT (32.704208360687986 14.36656414292909),0.1576,0.1425,0.13680001,0.1547,0.14910001,0.1649,0.18,0.17219999,0.19949999,0.0321,0.001,0.2138,0.1645,0.3714,0.32080001,0.32429999,0.3317,0.3337,0.3531,0.3576,0.34380001,0.35080001,0.144,0.0037,0.34079999,0.25749999,0.1629,0.14569999,0.14040001,0.1323,0.1425,0.2104,0.2484,0.21070001,0.26539999,0.0394,0.0065,0.1912,0.1267,0.1366,0.114,0.1114,0.091899998,0.1193,0.2396,0.29539999,0.2563,0.31600001,0.0341,0.0009,0.18,0.088
67318,0.1594,0.14749999,0.1561,0.18780001,0.1926,0.2106,0.2384,0.21960001,0.26280001,0.04,0.0013,0.29229999,0.2334,El Gazira_41,POINT (32.730415699198176 14.340490645959264),0.145,0.1229,0.1131,0.1239,0.1269,0.142,0.1595,0.1444,0.173,0.029200001,0.0012,0.1815,0.1366,0.3836,0.36840001,0.35800001,0.37180001,0.37450001,0.3994,0.417,0.40619999,0.4294,0.1749,0.0071,0.4091,0.35319999,0.16249999,0.1389,0.1347,0.113,0.1409,0.2613,0.32120001,0.3152,0.34439999,0.051600002,0.0096,0.188,0.1148,0.1313,0.1073,0.0981,0.093400002,0.099799998,0.1302,0.146,0.13420001,0.1471,0.0245,0.0055,0.1356,0.082400002
87593,0.1517,0.1358,0.13689999,0.15549999,0.15539999,0.1735,0.195,0.18260001,0.21250001,0.0347,0.001,0.2211,0.1733,El Gazira_41,POINT (32.723099869720066 14.335330266350653),0.14300001,0.1207,0.1107,0.1207,0.1188,0.1337,0.1452,0.137,0.16249999,0.028200001,0.001,0.1714,0.13410001,0.37630001,0.3818,0.35350001,0.373,0.38330001,0.41049999,0.43020001,0.39789999,0.43430001,0.1644,0.0062,0.40189999,0.3364,0.1672,0.1478,0.14309999,0.1382,0.1565,0.2234,0.2649,0.2411,0.28619999,0.056200001,0.0124,0.20550001,0.13609999,0.12819999,0.1174,0.107,0.091300003,0.095200002,0.1371,0.1619,0.1665,0.1674,0.0222,0.0026,0.12530001,0.0743
112588,0.147,0.1288,0.1257,0.1451,0.14030001,0.1517,0.17,0.162,0.18449999,0.0323,0.0011,0.1926,0.15360001,El Gazira_41,POINT (32.72976746114315 14.326548567718454),0.1437,0.121,0.113,0.1181,0.1186,0.13789999,0.1533,0.1389,0.16429999,0.0285,0.001,0.1407,0.090499997,0.33320001,0.33129999,0.31549999,0.3238,0.31720001,0.34130001,0.3603,0.35420001,0.37580001,0.13770001,0.0047,0.35389999,0.29210001,0.16590001,0.1407,0.14480001,0.1104,0.14210001,0.3272,0.43450001,0.38980001,0.45950001,0.0578,0.0118,0.2089,0.0999,0.12989999,0.094899997,0.0889,0.075599998,0.098,0.131,0.1542,0.13429999,0.17470001,0.0276,0.0037,0.1374,0.083400004
129856,0.1524,0.14210001,0.14569999,0.1657,0.1645,0.1776,0.20100001,0.1883,0.2181,0.0348,0.0011,0.22409999,0.1719,El Gazira_41,POINT (32.72763753610522 14.320844990256305),0.14740001,0.124,0.1157,0.12549999,0.127,0.1417,0.156,0.1476,0.1679,0.0286,0.001,0.18179999,0.1454,0.26809999,0.2404,0.2277,0.2209,0.2351,0.2606,0.28870001,0.26570001,0.29949999,0.1,0.0034,0.27649999,0.2184,0.1673,0.1419,0.1451,0.111,0.14659999,0.32319999,0.42680001,0.392,0.4513,0.064099997,0.0144,0.2061,0.1019,0.13860001,0.102,0.098,0.085100003,0.1045,0.16140001,0.19159999,0.17290001,0.2149,0.038199998,0.0057,0.1461,0.091
21563,0.16,0.1498,0.1494,0.17479999,0.17389999,0.18790001,0.2115,0.1947,0.2309,0.033799998,0.0011,0.2474,0.20119999,El Gazira_41,POINT (32.70837560532741 14.36067949951576),0.1574,0.14040001,0.1374,0.1529,0.15279999,0.1683,0.1874,0.1708,0.2005,0.031500001,0.0011,0.21359999,0.17020001,0.64289999,0.68150002,0.66479999,0.70020002,0.71160001,0.73540002,0.7525,0.71689999,0.75569999,0.30070001,0.0059,0.57529998,0.42809999,0.1647,0.1476,0.1409,0.14030001,0.14839999,0.1981,0.2323,0.2121,0.245,0.0376,0.0069,0.2001,0.14480001,0.1481,0.1278,0.1159,0.1225,0.1204,0.1397,0.1576,0.14129999,0.1693,0.0222,0.0008,0.16060001,0.12630001
1380,0.147,0.1366,0.13600001,0.15989999,0.15700001,0.17479999,0.19840001,0.1794,0.217,0.0323,0.0011,0.20649999,0.15719999,El Gazira_41,POINT (32.7054122313616 14.368736934343241),0.1489,0.1292,0.1249,0.14030001,0.1409,0.1566,0.17380001,0.156,0.1875,0.0296,0.0009,0.1934,0.14920001,0.44220001,0.40259999,0.4039,0.443,0.44209999,0.45449999,0.46880001,0.429,0.4826,0.1866,0.0046,0.43360001,0.34580001,0.1646,0.1428,0.1376,0.13950001,0.1472,0.19239999,0.2254,0.20209999,0.239,0.036,0.0057,0.1955,0.1433,0.1418,0.1211,0.1128,0.1217,0.1194,0.1381,0.15710001,0.14390001,0.16680001,0.0196,0.0009,0.163,0.1268
27878,0.1523,0.13869999,0.1381,0.16329999,0.1719,0.1856,0.2146,0.1848,0.2279,0.034600001,0.0011,0.2374,0.184,El Gazira_41,POINT (32.70031893235785 14.358235109174839),0.1462,0.129,0.122,0.1328,0.1296,0.14210001,0.1585,0.15009999,0.17200001,0.0254,0.0009,0.1813,0.1428,0.58380002,0.542,0.52810001,0.5772,0.57630002,0.60329998,0.63239998,0.58590001,0.65750003,0.27129999,0.005,0.55549997,0.44400001,0.16159999,0.1391,0.1381,0.1164,0.14650001,0.2441,0.2911,0.26440001,0.30489999,0.042100001,0.008,0.19589999,0.1138,0.139,0.1197,0.1147,0.105,0.12909999,0.2,0.2432,0.232,0.26879999,0.0274,0.0007,0.1895,0.1055
53408,0.1541,0.1407,0.1477,0.1672,0.1761,0.2053,0.2362,0.2315,0.26019999,0.037500001,0.0012,0.26640001,0.1948,El Gazira_41,POINT (32.724211134957244 14.34420249795844),0.1494,0.1309,0.1277,0.14210001,0.14380001,0.17020001,0.18960001,0.1901,0.197,0.0319,0.001,0.2146,0.1584,0.427,0.3836,0.38479999,0.42309999,0.4316,0.45269999,0.4675,0.4111,0.47130001,0.1957,0.007,0.4452,0.36750001,0.16949999,0.1505,0.1481,0.1416,0.15279999,0.20739999,0.25209999,0.2474,0.26359999,0.043200001,0.0105,0.2057,0.14569999,0.1381,0.1132,0.1067,0.1077,0.1054,0.132,0.148,0.15090001,0.1665,0.0173,0.0007,0.14040001,0.097499996
40945,0.1542,0.1429,0.1451,0.1655,0.1672,0.18520001,0.2075,0.1981,0.2278,0.033799998,0.0012,0.23890001,0.1884,El Gazira_41,POINT (32.72735971979593 14.351354603030023),0.1417,0.1209,0.1096,0.1163,0.1159,0.1243,0.1373,0.12970001,0.1497,0.0253,0.0008,0.15360001,0.124,0.47479999,0.4941,0.47749999,0.49509999,0.4914,0.51130003,0.52179998,0.52920002,0.53030002,0.2186,0.0051,0.47960001,0.37979999,0.1622,0.1373,0.12989999,0.1252,0.12980001,0.17380001,0.1998,0.18629999,0.2177,0.041499998,0.0078,0.1683,0.1243,0.13,0.1041,0.092900001,0.0893,0.086499996,0.099,0.1124,0.1044,0.1197,0.0162,0.0008,0.1015,0.074
76685,0.1532,0.1336,0.1347,0.1551,0.1591,0.1692,0.1909,0.1716,0.2051,0.0311,0.0012,0.21870001,0.1806,El Gazira_41,POINT (32.7150431967505 14.338046255618343),0.1434,0.1216,0.1146,0.1261,0.1257,0.14309999,0.15549999,0.1446,0.1654,0.026900001,0.0009,0.1707,0.13420001,0.38589999,0.3836,0.3599,0.37450001,0.3698,0.38240001,0.38909999,0.3953,0.38710001,0.16320001,0.0055,0.38209999,0.29519999,0.1714,0.1487,0.1547,0.1248,0.15790001,0.3057,0.36809999,0.33629999,0.3964,0.0633,0.0163,0.2058,0.1069,0.1283,0.1019,0.096600004,0.081699997,0.1019,0.1496,0.1772,0.1628,0.2,0.023700001,0.0008,0.1459,0.076800004
53154,0.1505,0.1399,0.1392,0.1595,0.1665,0.18880001,0.21520001,0.2093,0.2333,0.0321,0.0011,0.2321,0.17389999,El Gazira_41,POINT (32.72096994468213 14.344293030934029),0.1476,0.1309,0.1286,0.1376,0.1425,0.1699,0.1849,0.1838,0.1972,0.028,0.001,0.195,0.1459,0.41080001,0.44589999,0.4233,0.43830001,0.4427,0.46180001,0.4752,0.47319999,0.4835,0.1786,0.0074,0.45230001,0.38080001,0.1717,0.1495,0.14659999,0.1402,0.1479,0.1963,0.2403,0.23280001,0.2448,0.0438,0.0111,0.186,0.1302,0.13680001,0.1127,0.102,0.0986,0.094099998,0.1227,0.1348,0.1381,0.1505,0.0156,0.0008,0.1172,0.080399998
85272,0.1585,0.1481,0.1541,0.186,0.18430001,0.2031,0.2265,0.20819999,0.2482,0.035500001,0.0012,0.2683,0.2145,El Gazira_41,POINT (32.70865342163671 14.33587346420419),0.1505,0.1321,0.1296,0.1485,0.1507,0.1664,0.18610001,0.1691,0.20379999,0.0301,0.0011,0.2174,0.1718,0.36880001,0.3651,0.36970001,0.40009999,0.39379999,0.4086,0.41589999,0.39570001,0.40720001,0.15549999,0.0046,0.41859999,0.32449999,0.1777,0.15449999,0.1472,0.14749999,0.15620001,0.2035,0.2333,0.20630001,0.24680001,0.051600002,0.017,0.1948,0.142,0.1337,0.1152,0.1038,0.1076,0.1036,0.1147,0.13070001,0.116,0.1356,0.0153,0.0007,0.1286,0.095799997
108883,0.15189999,0.1442,0.149,0.167,0.16680001,0.1919,0.21789999,0.198,0.23360001,0.033300001,0.0011,0.2186,0.1664,El Gazira_41,POINT (32.72430374039368 14.32781602937671),0.14489999,0.1235,0.1201,0.1164,0.1309,0.175,0.1996,0.18440001,0.2096,0.0294,0.001,0.1568,0.098800004,0.3488,0.35879999,0.33680001,0.34509999,0.34869999,0.37169999,0.38749999,0.38890001,0.38940001,0.1487,0.0049,0.38980001,0.315,0.17110001,0.1486,0.1462,0.1295,0.1487,0.23649999,0.2773,0.25459999,0.2976,0.053,0.0138,0.16850001,0.097400002,0.1402,0.1126,0.1053,0.1036,0.1104,0.1476,0.1728,0.1418,0.18359999,0.0285,0.0073,0.1429,0.092100002
109981,0.15019999,0.137,0.1357,0.15719999,0.16,0.175,0.19930001,0.18260001,0.21430001,0.0337,0.0011,0.2247,0.17460001,El Gazira_41,POINT (32.73023048832531 14.327453897474351),0.1453,0.1212,0.1136,0.1196,0.1214,0.14040001,0.1574,0.14120001,0.1665,0.0294,0.0011,0.1682,0.1276,0.32839999,0.3432,0.3075,0.31900001,0.3105,0.33700001,0.35440001,0.36480001,0.36300001,0.13590001,0.0061,0.34650001,0.28150001,0.166,0.14120001,0.1451,0.1158,0.15,0.26679999,0.3258,0.29719999,0.34419999,0.0513,0.0118,0.1752,0.0937,0.127,0.101,0.090499997,0.074600004,0.086099997,0.1302,0.15440001,0.1389,0.17460001,0.0246,0.0035,0.1136,0.063699998
69634,0.1476,0.1185,0.113,0.1213,0.1176,0.125,0.1418,0.1314,0.1481,0.0297,0.0012,0.1604,0.1269,El Gazira_41,POINT (32.71772875440702 14.339856915130136),0.14380001,0.1201,0.1135,0.1194,0.1195,0.1373,0.1498,0.1427,0.1592,0.0261,0.001,0.1603,0.1258,0.4725,0.46489999,0.45070001,0.47589999,0.47490001,0.48609999,0.5007,0.50520003,0.51520002,0.22310001,0.0059,0.4833,0.3994,0.1725,0.1503,0.15989999,0.1229,0.1608,0.33140001,0.41580001,0.38550001,0.4456,0.070699997,0.015900001,0.22050001,0.112,0.1321,0.1049,0.096900001,0.088500001,0.1027,0.1499,0.17820001,0.1568,0.1978,0.024900001,0.0009,0.1574,0.086400002
55707,0.1578,0.1476,0.151,0.1798,0.1769,0.19230001,0.2164,0.2022,0.2367,0.035500001,0.0013,0.255,0.20379999,El Gazira_41,POINT (32.70235625195935 14.343478234153721),0.14929999,0.1322,0.129,0.1455,0.1425,0.15809999,0.17460001,0.16150001,0.18700001,0.0285,0.001,0.1867,0.1429,0.50309998,0.41150001,0.44010001,0.49079999,0.47960001,0.53390002,0.57730001,0.4655,0.6063,0.2334,0.0037,0.52880001,0.4522,0.16779999,0.1478,0.13860001,0.1345,0.13770001,0.17550001,0.1979,0.1895,0.2128,0.042100001,0.0131,0.16689999,0.1245,0.1416,0.122,0.1119,0.1188,0.1158,0.12989999,0.14740001,0.13330001,0.1559,0.018100001,0.0009,0.14470001,0.1107
23769,0.1567,0.1499,0.1551,0.1858,0.183,0.1969,0.2234,0.2105,0.243,0.0339,0.0011,0.2658,0.21600001,El Gazira_41,POINT (32.71458016956834 14.359864702735454),0.15180001,0.14120001,0.14030001,0.16240001,0.15800001,0.1735,0.1895,0.18700001,0.21070001,0.030300001,0.001,0.2271,0.17900001,0.65249997,0.65249997,0.64310002,0.68989998,0.68709999,0.70380002,0.71630001,0.69400001,0.72430003,0.30419999,0.008,0.55620003,0.40200001,0.16419999,0.1498,0.14480001,0.15279999,0.16509999,0.2209,0.2581,0.23370001,0.28029999,0.045200001,0.0068,0.22579999,0.1577,0.14210001,0.1206,0.113,0.1122,0.1184,0.15530001,0.17730001,0.16590001,0.1927,0.028100001,0.001,0.17730001,0.1261
56501,0.1552,0.1398,0.1407,0.1631,0.1679,0.1812,0.2062,0.1946,0.2256,0.034,0.0012,0.2403,0.1894,El Gazira_41,POINT (32.719858679444954 14.343297168202543),0.1497,0.129,0.1222,0.1357,0.1392,0.16140001,0.1781,0.1734,0.196,0.0307,0.0009,0.2025,0.1573,0.4373,0.35319999,0.33790001,0.42500001,0.42750001,0.4488,0.46869999,0.3777,0.482,0.20290001,0.0066,0.44670001,0.38350001,0.1745,0.1498,0.1494,0.149,0.16500001,0.2369,0.27869999,0.269,0.30090001,0.0506,0.0119,0.2156,0.1417,0.1371,0.1096,0.0994,0.086400002,0.1021,0.13779999,0.1673,0.15809999,0.1732,0.017,0.0008,0.095799997,0.057300001
53987,0.1515,0.1313,0.13510001,0.1401,0.1534,0.21619999,0.24590001,0.22409999,0.2647,0.0396,0.0011,0.22390001,0.1499,El Gazira_41,POINT (32.73097133181676 14.34402143200726),0.14920001,0.1276,0.1225,0.13869999,0.1419,0.15800001,0.1753,0.1604,0.1936,0.0321,0.001,0.20730001,0.1547,0.3942,0.40239999,0.3788,0.3906,0.38909999,0.4145,0.442,0.4249,0.45750001,0.1839,0.0057,0.41980001,0.38280001,0.1699,0.14229999,0.1372,0.1354,0.14040001,0.1892,0.2145,0.1913,0.234,0.0433,0.0103,0.1849,0.1346,0.1249,0.0977,0.0818,0.077100001,0.077200003,0.0875,0.1015,0.089400001,0.098800004,0.0158,0.0015,0.087300003,0.059900001
62905,0.1559,0.1453,0.1506,0.1804,0.188,0.211,0.241,0.2139,0.26140001,0.0363,0.0012,0.264,0.1937,El Gazira_41,POINT (32.70244885739578 14.341577041666339),0.15109999,0.13249999,0.1304,0.1507,0.1601,0.18520001,0.20819999,0.1716,0.2291,0.0311,0.0011,0.2192,0.16,0.3987,0.38710001,0.34279999,0.37090001,0.35839999,0.38460001,0.41679999,0.39309999,0.44209999,0.1656,0.0033,0.38319999,0.32589999,0.1705,0.1542,0.1507,0.14569999,0.15710001,0.2242,0.26679999,0.2331,0.28080001,0.045400001,0.0152,0.1954,0.1338,0.1416,0.1246,0.1166,0.12630001,0.1283,0.1525,0.17479999,0.1445,0.183,0.0185,0.0008,0.1577,0.1114
67867,0.1513,0.15449999,0.168,0.2084,0.18610001,0.1988,0.2225,0.2291,0.24,0.033300001,0.0009,0.23980001,0.1865,El Gazira_41,POINT (32.71643227829698 14.340309580008084),0.14229999,0.1242,0.1181,0.1292,0.1268,0.13860001,0.1487,0.1442,0.16140001,0.0255,0.0009,0.16689999,0.1238,0.4341,0.4145,0.39649999,0.41240001,0.41949999,0.44150001,0.4578,0.43180001,0.46349999,0.1874,0.0057,0.42449999,0.3574,0.17209999,0.1473,0.1513,0.12530001,0.1512,0.29249999,0.35949999,0.31740001,0.38609999,0.062,0.0146,0.2097,0.116,0.12909999,0.1047,0.0955,0.078100003,0.0959,0.1486,0.1753,0.1569,0.19490001,0.0228,0.0011,0.1374,0.0704
95600,0.1531,0.13510001,0.13860001,0.15989999,0.15710001,0.1769,0.199,0.17820001,0.2053,0.0337,0.001,0.2131,0.1684,El Gazira_41,POINT (32.71282066627614 14.332614277082962),0.1487,0.1217,0.1185,0.1186,0.1246,0.1768,0.19329999,0.1821,0.2066,0.034600001,0.0011,0.1833,0.126,0.44260001,0.44369999,0.4303,0.44459999,0.44330001,0.461,0.47060001,0.48320001,0.4826,0.20909999,0.0059,0.4659,0.3976,0.1707,0.1508,0.1549,0.1249,0.1595,0.29879999,0.3739,0.34959999,0.4059,0.058400001,0.015,0.2077,0.11,0.1268,0.1017,0.094700001,0.083899997,0.098700002,0.14120001,0.1714,0.1585,0.1901,0.0207,0.0009,0.1373,0.070600003
57684,0.1574,0.1451,0.1473,0.17389999,0.1737,0.1913,0.21520001,0.2032,0.2393,0.035700001,0.0012,0.2622,0.2043,El Gazira_41,POINT (32.69605908228199 14.342935036300185),0.1534,0.13410001,0.12720001,0.1452,0.14489999,0.1602,0.1797,0.1679,0.1963,0.0311,0.001,0.2217,0.1674,0.44580001,0.4152,0.4111,0.43970001,0.4393,0.46419999,0.49180001,0.4447,0.50309998,0.1938,0.0036,0.4774,0.3964,0.18610001,0.1693,0.1656,0.16419999,0.1723,0.2216,0.259,0.2414,0.278,0.0535,0.018200001,0.236,0.1699,0.1407,0.1161,0.1036,0.1028,0.1014,0.1161,0.1344,0.1237,0.1464,0.0186,0.0007,0.152,0.12
88734,0.1499,0.1349,0.1376,0.15889999,0.15880001,0.1707,0.19329999,0.1759,0.2058,0.0314,0.0011,0.21870001,0.1787,El Gazira_41,POINT (32.72735971979593 14.335058667423883),0.1408,0.12,0.1122,0.1192,0.1184,0.13339999,0.14569999,0.1358,0.1584,0.0254,0.0009,0.155,0.1242,0.3231,0.3644,0.33140001,0.32359999,0.3136,0.33520001,0.35510001,0.38820001,0.36700001,0.1327,0.007,0.34490001,0.28690001,0.16429999,0.141,0.1384,0.1199,0.1473,0.28659999,0.3576,0.2929,0.3766,0.056,0.0114,0.20039999,0.1094,0.129,0.0959,0.0871,0.072300002,0.0928,0.14390001,0.1674,0.1478,0.1787,0.0272,0.004,0.1175,0.058800001
27167,0.155,0.1354,0.13330001,0.1479,0.1499,0.1638,0.183,0.1621,0.1983,0.035300002,0.0011,0.2077,0.16509999,El Gazira_41,POINT (32.6993002725571 14.358506708101608),0.14480001,0.1193,0.1084,0.1134,0.1131,0.12,0.1295,0.1158,0.1355,0.0231,0.0008,0.1062,0.070900001,0.60509998,0.58350003,0.575,0.61909997,0.61769998,0.63840002,0.66369998,0.62900001,0.68309999,0.27959999,0.0049,0.60320002,0.48629999,0.1618,0.1384,0.14139999,0.1112,0.1432,0.25470001,0.30649999,0.2836,0.32730001,0.043400001,0.0086,0.1901,0.1029,0.13689999,0.1183,0.1251,0.1051,0.13249999,0.21690001,0.2606,0.24690001,0.2911,0.0287,0.0008,0.1957,0.1036
45755,0.15700001,0.14740001,0.1505,0.1777,0.1778,0.1909,0.2175,0.20200001,0.2377,0.034,0.0011,0.25389999,0.20290001,El Gazira_41,POINT (32.71735833266129 14.348095415908796),0.15279999,0.13249999,0.12809999,0.14470001,0.1446,0.1594,0.1759,0.1637,0.1934,0.030300001,0.001,0.2112,0.1665,0.55140001,0.52280003,0.52,0.55409998,0.56629997,0.5941,0.62400001,0.56650001,0.64319998,0.26280001,0.0062,0.56150001,0.49129999,0.1688,0.1443,0.1344,0.1332,0.1383,0.174,0.1999,0.18709999,0.2167,0.041700002,0.01,0.1813,0.1373,0.1411,0.1161,0.1049,0.1079,0.1057,0.1187,0.1344,0.1192,0.14210001,0.0174,0.0008,0.1337,0.1002
53519,0.15549999,0.1435,0.1496,0.1794,0.183,0.203,0.2308,0.20720001,0.25229999,0.0369,0.0011,0.26190001,0.1974,El Gazira_41,POINT (32.704578782433714 14.34411196498285),0.1446,0.1232,0.117,0.12630001,0.12720001,0.1478,0.1654,0.1496,0.1769,0.028100001,0.0011,0.1573,0.1019,0.61159998,0.552,0.55879998,0.602,0.61009997,0.63340002,0.65960002,0.60710001,0.67820001,0.30180001,0.006,0.60180002,0.50089997,0.1644,0.1473,0.1416,0.1371,0.1472,0.2183,0.25529999,0.21520001,0.26800001,0.049400002,0.0116,0.1911,0.126,0.1389,0.1232,0.1149,0.1183,0.1176,0.14579999,0.1639,0.14,0.1753,0.024700001,0.001,0.14830001,0.1001
113417,0.1583,0.1407,0.1469,0.1735,0.199,0.22149999,0.257,0.2421,0.2881,0.0387,0.0012,0.2757,0.2026,El Gazira_41,POINT (32.708838632509575 14.326186435816094),0.156,0.138,0.1371,0.1574,0.1674,0.1936,0.2261,0.21250001,0.2476,0.037,0.001,0.2613,0.1935,0.44960001,0.46180001,0.44209999,0.46450001,0.4693,0.49520001,0.51849997,0.49180001,0.53140002,0.2132,0.0054,0.48910001,0.43450001,0.17569999,0.1591,0.15279999,0.1513,0.1751,0.245,0.28929999,0.26949999,0.3145,0.056,0.016100001,0.2414,0.1603,0.1346,0.104,0.094899997,0.089,0.112,0.14300001,0.16680001,0.1551,0.17749999,0.0229,0.0009,0.149,0.095399998
104569,0.1503,0.142,0.14560001,0.1701,0.1592,0.1723,0.1938,0.192,0.205,0.030400001,0.0011,0.1841,0.12989999,El Gazira_41,POINT (32.72597063824945 14.329355089961734),0.1479,0.1347,0.13079999,0.14929999,0.1389,0.1595,0.1787,0.1735,0.1881,0.028200001,0.001,0.19149999,0.14820001,0.32980001,0.29550001,0.28639999,0.3125,0.31470001,0.34330001,0.36610001,0.32030001,0.373,0.1407,0.0046,0.3502,0.29030001,0.1723,0.1522,0.14910001,0.1473,0.15369999,0.2119,0.2474,0.2341,0.2622,0.0506,0.0129,0.19239999,0.1353,0.1383,0.1072,0.0946,0.098499998,0.094700001,0.1164,0.13420001,0.1106,0.14030001,0.0262,0.003,0.1128,0.079099998
31166,0.1613,0.1494,0.15459999,0.1829,0.1839,0.2018,0.22669999,0.2098,0.25040001,0.038400002,0.0013,0.26949999,0.2087,El Gazira_41,POINT (32.71207982278469 14.356967647516583),0.15620001,0.133,0.1313,0.1418,0.1418,0.16339999,0.183,0.16500001,0.1945,0.032200001,0.0008,0.1947,0.1426,0.63480002,0.63020003,0.61299998,0.63529998,0.63249999,0.65030003,0.67259997,0.67290002,0.69059998,0.30050001,0.0053,0.5273,0.39179999,0.16240001,0.14390001,0.144,0.1323,0.1552,0.25920001,0.313,0.28619999,0.33360001,0.0488,0.0063,0.21960001,0.13060001,0.1479,0.13060001,0.13249999,0.1305,0.1541,0.24879999,0.31009999,0.29179999,0.3457,0.034200002,0.0009,0.24510001,0.14920001
41250,0.15369999,0.1433,0.1452,0.1649,0.1595,0.17120001,0.192,0.18170001,0.20900001,0.0309,0.0012,0.2202,0.17829999,El Gazira_41,POINT (32.722173815355745 14.351083004103256),0.1462,0.12620001,0.1202,0.126,0.1279,0.1488,0.16590001,0.1551,0.17900001,0.0283,0.0008,0.1816,0.1397,0.48980001,0.4145,0.47279999,0.50400001,0.51349998,0.53850001,0.5607,0.52289999,0.574,0.2272,0.0056,0.52130002,0.4594,0.16140001,0.1376,0.1464,0.1095,0.1433,0.3211,0.40700001,0.36449999,0.44780001,0.059300002,0.0085,0.2128,0.1026,0.1285,0.1006,0.092600003,0.0757,0.092299998,0.1382,0.1638,0.1564,0.1786,0.0209,0.0008,0.1283,0.064099997
117317,0.148,0.1418,0.14569999,0.17640001,0.17020001,0.1981,0.2277,0.2277,0.25420001,0.0321,0.0011,0.25189999,0.18089999,El Gazira_41,POINT (32.723840713211516 14.324918974157839),0.14659999,0.1347,0.1331,0.1454,0.15,0.19230001,0.21179999,0.2139,0.23980001,0.0306,0.001,0.2192,0.1503,0.34709999,0.3436,0.31380001,0.32600001,0.33320001,0.36449999,0.3838,0.3671,0.38730001,0.15009999,0.0053,0.37909999,0.30419999,0.1737,0.1468,0.1463,0.122,0.1504,0.2719,0.327,0.29789999,0.3556,0.061700001,0.0154,0.20730001,0.1155,0.1363,0.1076,0.1004,0.085699998,0.1026,0.1627,0.19509999,0.17730001,0.2139,0.033,0.0044,0.14569999,0.084200002
21163,0.1573,0.1496,0.1515,0.1779,0.17290001,0.18790001,0.2121,0.19859999,0.2297,0.0328,0.0011,0.2418,0.18870001,El Gazira_41,POINT (32.715228407623364 14.36086056546694),0.15090001,0.1302,0.122,0.1319,0.1318,0.14659999,0.1609,0.1496,0.1742,0.0284,0.001,0.1858,0.14650001,0.62269998,0.63279998,0.61430001,0.63529998,0.6329,0.65259999,0.66790003,0.66589999,0.6742,0.28920001,0.008,0.5345,0.40110001,0.159,0.1381,0.1455,0.1084,0.1451,0.29980001,0.377,0.33759999,0.4073,0.051800001,0.0068,0.19660001,0.094400004,0.13590001,0.1149,0.1174,0.0999,0.13150001,0.1928,0.2269,0.2112,0.25529999,0.0295,0.0009,0.1973,0.1049
145820,0.1577,0.15260001,0.1604,0.1909,0.19769999,0.21349999,0.24590001,0.22130001,0.26750001,0.039299998,0.0012,0.27900001,0.212,El Gazira_41,POINT (32.72504458388513 14.315775143623283),0.142,0.1238,0.1142,0.124,0.1189,0.1332,0.14380001,0.14,0.1584,0.0265,0.001,0.1683,0.1256,0.33930001,0.24969999,0.25389999,0.2762,0.285,0.3267,0.36300001,0.28580001,0.389,0.1479,0.004,0.36410001,0.3125,0.17389999,0.1464,0.1436,0.1184,0.1427,0.27900001,0.34619999,0.31400001,0.3714,0.0669,0.0174,0.1813,0.097099997,0.1531,0.1211,0.1143,0.096199997,0.1112,0.1734,0.20100001,0.1815,0.22050001,0.049400002,0.0114,0.142,0.098399997
110230,0.1505,0.1494,0.1567,0.19159999,0.1831,0.1989,0.22589999,0.2203,0.2384,0.0352,0.001,0.2482,0.1913,El Gazira_41,POINT (32.72921182852456 14.32736336449876),0.14489999,0.13259999,0.1344,0.1564,0.1383,0.1496,0.17470001,0.1838,0.18279999,0.0299,0.001,0.1797,0.13420001,0.3741,0.37850001,0.3594,0.36649999,0.3723,0.396,0.41,0.4007,0.41350001,0.1585,0.0063,0.3985,0.32429999,0.16689999,0.1455,0.1437,0.13060001,0.1469,0.2728,0.3493,0.299,0.38440001,0.0561,0.012,0.2075,0.1153,0.125,0.1016,0.0862,0.08,0.087200001,0.1256,0.1462,0.1237,0.1559,0.021,0.0038,0.112,0.0611
129523,0.15440001,0.148,0.1529,0.1816,0.18,0.1973,0.22490001,0.21520001,0.24600001,0.0347,0.0013,0.26,0.2104,El Gazira_41,POINT (32.72328508059293 14.320935523231894),0.15180001,0.1424,0.14390001,0.1636,0.1618,0.1816,0.2013,0.1955,0.22050001,0.0323,0.0011,0.2427,0.1945,0.37720001,0.3574,0.3495,0.3678,0.36970001,0.39840001,0.415,0.3976,0.41960001,0.16769999,0.0051,0.42739999,0.33829999,0.17829999,0.16,0.15970001,0.15800001,0.1666,0.2233,0.266,0.26089999,0.2832,0.053100001,0.0169,0.2147,0.1552,0.1558,0.1284,0.12530001,0.1259,0.12549999,0.1595,0.18430001,0.1701,0.19589999,0.045899998,0.0102,0.1652,0.1177
134372,0.1596,0.142,0.14219999,0.163,0.1628,0.175,0.1934,0.18,0.21259999,0.036400001,0.0011,0.22840001,0.18279999,El Gazira_41,POINT (32.717913965279884 14.31939646264687),0.1503,0.13169999,0.12530001,0.1365,0.1365,0.1489,0.162,0.15350001,0.17749999,0.030200001,0.001,0.1877,0.1507,0.4375,0.4086,0.36930001,0.38850001,0.40079999,0.4461,0.48840001,0.44,0.5226,0.21170001,0.0045,0.48210001,0.44080001,0.18089999,0.15979999,0.15009999,0.151,0.1542,0.1913,0.2154,0.20190001,0.2281,0.051399998,0.019300001,0.18269999,0.1428,0.1551,0.12909999,0.1138,0.1159,0.1176,0.1406,0.16159999,0.13600001,0.1637,0.0402,0.01,0.1523,0.1091
38552,0.1558,0.14920001,0.1574,0.19059999,0.1868,0.2059,0.23559999,0.22679999,0.26190001,0.0381,0.0013,0.27450001,0.204,El Gazira_41,POINT (32.72541500563086 14.353346328492997),0.1541,0.1397,0.1367,0.15889999,0.1603,0.18,0.2005,0.1857,0.2192,0.0332,0.001,0.23980001,0.18089999,0.44459999,0.38690001,0.37450001,0.42140001,0.42930001,0.463,0.4973,0.4224,0.50590003,0.20630001,0.0046,0.43740001,0.3768,0.16670001,0.1469,0.1428,0.1435,0.14929999,0.1996,0.2314,0.2155,0.2502,0.039700001,0.0069,0.2079,0.1522,0.1314,0.0999,0.083800003,0.079400003,0.079700001,0.092299998,0.1032,0.0911,0.1094,0.0142,0.0007,0.098,0.071400002
39015,0.1512,0.12909999,0.1259,0.1419,0.1444,0.1576,0.17839999,0.1593,0.1912,0.0319,0.0011,0.2076,0.1682,El Gazira_41,POINT (32.72189599904645 14.352893663615049),0.1464,0.1274,0.1211,0.1296,0.1286,0.14380001,0.1583,0.1517,0.17219999,0.0288,0.0008,0.1822,0.14380001,0.4337,0.4761,0.44890001,0.43619999,0.44620001,0.47330001,0.4937,0.51310003,0.49880001,0.1866,0.005,0.4664,0.36770001,0.1621,0.13789999,0.1393,0.1172,0.14669999,0.27610001,0.3425,0.2841,0.3655,0.0499,0.0078,0.204,0.1107,0.13,0.097900003,0.095399998,0.0651,0.107,0.20550001,0.25479999,0.25740001,0.2859,0.029300001,0.0007,0.16159999,0.078900002
18720,0.1626,0.14669999,0.1477,0.17020001,0.1684,0.18080001,0.2043,0.18889999,0.22149999,0.034,0.0012,0.2353,0.191,El Gazira_41,POINT (32.70846821076385 14.361765895222836),0.164,0.14669999,0.1428,0.1603,0.1602,0.174,0.1927,0.17560001,0.20810001,0.032600001,0.0011,0.21619999,0.17219999,0.54589999,0.5848,0.55379999,0.57569999,0.55400002,0.56760001,0.5898,0.60729998,0.6,0.24959999,0.0052,0.4878,0.37459999,0.1675,0.1529,0.1513,0.14929999,0.1567,0.2094,0.2439,0.2349,0.265,0.037900001,0.0068,0.1978,0.13869999,0.1472,0.1311,0.12639999,0.12809999,0.13150001,0.17749999,0.20739999,0.1701,0.22239999,0.0239,0.0008,0.18520001,0.1322
34549,0.16500001,0.15369999,0.1587,0.1841,0.1803,0.19750001,0.2201,0.2051,0.2411,0.038400002,0.0012,0.25979999,0.2103,El Gazira_41,POINT (32.720506917499975 14.355519119907148),0.16150001,0.1408,0.1383,0.15889999,0.1583,0.1698,0.1864,0.175,0.1997,0.034400001,0.0008,0.2237,0.17739999,0.47979999,0.48570001,0.4844,0.51179999,0.51529998,0.54009998,0.56160003,0.52719998,0.55059999,0.2212,0.0082,0.50370002,0.4258,0.1679,0.13850001,0.1294,0.1248,0.1276,0.1639,0.1873,0.1742,0.19750001,0.0367,0.0068,0.16249999,0.1223,0.1428,0.1168,0.1034,0.104,0.1006,0.1165,0.1293,0.1103,0.1367,0.0162,0.0006,0.118,0.088600002
19610,0.1609,0.1498,0.1524,0.1778,0.17649999,0.19220001,0.21619999,0.20190001,0.23890001,0.0352,0.0013,0.2483,0.1952,El Gazira_41,POINT (32.703282306323665 14.361403763320478),0.16150001,0.14300001,0.1409,0.163,0.1635,0.1776,0.1974,0.18089999,0.2137,0.032699998,0.0012,0.2226,0.1734,0.43309999,0.38609999,0.39829999,0.4454,0.44080001,0.48179999,0.51380002,0.4224,0.53259999,0.1848,0.0035,0.434,0.35879999,0.1707,0.1531,0.1473,0.1452,0.1549,0.21340001,0.2473,0.2261,0.26069999,0.040100001,0.0076,0.2098,0.149,0.151,0.13060001,0.1225,0.1314,0.1296,0.1442,0.1684,0.15260001,0.17900001,0.021600001,0.0007,0.17659999,0.1371
3553,0.14910001,0.1424,0.1454,0.1737,0.1684,0.193,0.21870001,0.2307,0.24590001,0.033500001,0.0012,0.2559,0.18080001,El Gazira_41,POINT (32.71106116298394 14.367560005660575),0.153,0.132,0.12980001,0.1425,0.1481,0.18009999,0.1979,0.2042,0.226,0.031300001,0.0011,0.22840001,0.163,0.58829999,0.56550002,0.55690002,0.593,0.59490001,0.61699998,0.64020002,0.6038,0.65380001,0.27500001,0.0071,0.54570001,0.43020001,0.1627,0.1373,0.13510001,0.1137,0.1375,0.22480001,0.2726,0.276,0.28740001,0.037099998,0.0055,0.16779999,0.094099998,0.1499,0.1302,0.1322,0.13600001,0.1464,0.1902,0.2245,0.2473,0.2552,0.024700001,0.0009,0.241,0.1576
44864,0.1503,0.1372,0.1365,0.1558,0.15,0.16240001,0.182,0.17309999,0.19750001,0.030300001,0.001,0.2113,0.1706,El Gazira_41,POINT (32.7191178359535 14.348638613762335),0.1477,0.12909999,0.1243,0.13600001,0.13600001,0.15180001,0.16580001,0.15539999,0.1749,0.0266,0.0009,0.1848,0.1446,0.49829999,0.50919998,0.49439999,0.51709998,0.51980001,0.54689997,0.5679,0.55369997,0.55699998,0.2281,0.0045,0.51370001,0.43360001,0.1656,0.14040001,0.1471,0.1126,0.14740001,0.3028,0.38769999,0.38330001,0.41159999,0.052,0.0099,0.21250001,0.1156,0.1441,0.1336,0.1328,0.156,0.15800001,0.2208,0.26609999,0.24349999,0.31189999,0.0284,0.0008,0.2554,0.1577
117533,0.1551,0.14480001,0.15019999,0.17919999,0.181,0.19939999,0.2252,0.2097,0.2456,0.0394,0.0011,0.252,0.1926,El Gazira_41,POINT (32.718840019644205 14.32482844118225),0.15189999,0.1362,0.1355,0.1567,0.15620001,0.1754,0.1952,0.1802,0.2103,0.034600001,0.0008,0.2278,0.1741,0.37,0.34330001,0.33610001,0.37110001,0.37439999,0.40329999,0.42309999,0.36579999,0.43090001,0.166,0.0058,0.4188,0.3515,0.1778,0.1498,0.13869999,0.13689999,0.149,0.18960001,0.22040001,0.188,0.2333,0.0517,0.0175,0.1824,0.1353,0.14210001,0.1063,0.093,0.090300001,0.0933,0.1123,0.1228,0.102,0.1365,0.0297,0.0065,0.1142,0.086
36844,0.1522,0.1416,0.1426,0.1664,0.1666,0.18170001,0.20469999,0.19059999,0.2253,0.033799998,0.0011,0.2392,0.1875,El Gazira_41,POINT (32.70281927914151 14.354342191224482),0.15189999,0.13060001,0.1277,0.144,0.1451,0.16140001,0.1788,0.1653,0.1981,0.0308,0.0009,0.21349999,0.1648,0.64569998,0.64560002,0.62650001,0.6595,0.65210003,0.67269999,0.69090003,0.67879999,0.69940001,0.31220001,0.0057,0.58710003,0.43430001,0.166,0.1471,0.1419,0.1391,0.1533,0.21960001,0.25440001,0.2217,0.27070001,0.040600002,0.008,0.215,0.14569999,0.1425,0.1225,0.1142,0.1203,0.1181,0.1355,0.1552,0.14,0.1652,0.0201,0.001,0.1617,0.125
38867,0.1549,0.1512,0.1575,0.19490001,0.19419999,0.2165,0.24879999,0.2423,0.28169999,0.042300001,0.0012,0.295,0.2034,El Gazira_41,POINT (32.726804087177335 14.353074729566227),0.1411,0.1205,0.1093,0.1151,0.1144,0.1235,0.13680001,0.129,0.1488,0.024700001,0.001,0.16159999,0.1304,0.51050001,0.49689999,0.491,0.51569998,0.51560003,0.53969997,0.56349999,0.54159999,0.58139998,0.24770001,0.0051,0.509,0.43520001,0.1617,0.13519999,0.12549999,0.1249,0.12639999,0.16329999,0.1882,0.1715,0.20100001,0.035700001,0.0072,0.1654,0.12530001,0.12989999,0.1044,0.090099998,0.0867,0.085100003,0.099699996,0.1115,0.0986,0.1182,0.0156,0.0007,0.1032,0.075400002
33129,0.16590001,0.1558,0.1618,0.18970001,0.1825,0.19760001,0.2211,0.20990001,0.239,0.038199998,0.0012,0.26230001,0.21259999,El Gazira_41,POINT (32.72032170662711 14.356152850736276),0.16249999,0.1451,0.1436,0.1656,0.16249999,0.178,0.19310001,0.1803,0.20909999,0.0343,0.001,0.2298,0.18340001,0.50529999,0.51419997,0.50279999,0.53049999,0.53130001,0.55519998,0.5733,0.5535,0.58939999,0.2026,0.0076,0.52100003,0.4355,0.16850001,0.13950001,0.1322,0.1293,0.13160001,0.1672,0.19140001,0.17749999,0.204,0.0374,0.0069,0.1631,0.1181,0.1397,0.1161,0.106,0.1037,0.101,0.1114,0.12639999,0.111,0.1314,0.0146,0.0007,0.1137,0.0832
134341,0.1666,0.1754,0.19410001,0.2423,0.2404,0.25929999,0.2902,0.2807,0.31830001,0.041,0.0012,0.31079999,0.2316,El Gazira_41,POINT (32.7150431967505 14.31939646264687),0.1583,0.1559,0.16069999,0.19660001,0.19400001,0.2157,0.2366,0.22589999,0.25839999,0.0367,0.0011,0.2656,0.20039999,0.38080001,0.30430001,0.25670001,0.31189999,0.32179999,0.3603,0.40110001,0.27790001,0.42739999,0.18009999,0.0037,0.3673,0.3565,0.1831,0.1566,0.1427,0.14219999,0.1471,0.184,0.2105,0.1891,0.22040001,0.056400001,0.0223,0.16689999,0.12639999,0.14390001,0.1241,0.1108,0.1065,0.1063,0.1214,0.1393,0.131,0.1428,0.0277,0.0065,0.1278,0.092200004
139403,0.1464,0.13160001,0.13079999,0.152,0.1522,0.16590001,0.18610001,0.17479999,0.2066,0.0312,0.0012,0.2212,0.1723,El Gazira_41,POINT (32.71967346857209 14.317857402061845),0.1455,0.1261,0.1187,0.1344,0.1318,0.1514,0.1648,0.1549,0.1823,0.030300001,0.001,0.2027,0.15719999,0.43059999,0.3732,0.3743,0.41240001,0.4312,0.46219999,0.49149999,0.42340001,0.50980002,0.2071,0.0045,0.49649999,0.43180001,0.1768,0.15019999,0.1374,0.13420001,0.1389,0.1733,0.1981,0.18170001,0.2106,0.051800001,0.0187,0.1627,0.1235,0.1515,0.1243,0.1084,0.1059,0.1116,0.13420001,0.147,0.13510001,0.1523,0.0403,0.0115,0.1445,0.1053
21386,0.15350001,0.1375,0.1353,0.1524,0.1538,0.1684,0.1867,0.1758,0.2054,0.032400001,0.0012,0.21619999,0.1725,El Gazira_41,POINT (32.71383932607689 14.36077003249135),0.1513,0.1337,0.1286,0.1416,0.14820001,0.1631,0.1752,0.1637,0.19589999,0.030300001,0.001,0.2026,0.1549,0.66759998,0.70770001,0.67820001,0.7148,0.69440001,0.70719999,0.72649997,0.73159999,0.73640001,0.3105,0.0067,0.54390001,0.38710001,0.1629,0.142,0.1401,0.12710001,0.14820001,0.24330001,0.2872,0.26069999,0.30500001,0.044500001,0.007,0.1945,0.1165,0.1428,0.1293,0.1248,0.12720001,0.1372,0.2158,0.26120001,0.2325,0.2976,0.031800002,0.001,0.2076,0.1303
144537,0.1591,0.1574,0.1679,0.2025,0.20630001,0.2251,0.25130001,0.23370001,0.2771,0.0381,0.0011,0.2933,0.2252,El Gazira_41,POINT (32.71272806083971 14.31622780850123),0.1523,0.1427,0.1373,0.1649,0.16949999,0.1856,0.20649999,0.1886,0.2274,0.0334,0.001,0.2484,0.1884,0.35350001,0.3351,0.3134,0.33489999,0.37009999,0.4016,0.42030001,0.35949999,0.43340001,0.1534,0.0041,0.44440001,0.36700001,0.17560001,0.1522,0.14470001,0.14049999,0.14219999,0.1771,0.2027,0.1908,0.214,0.0502,0.0201,0.1735,0.1345,0.13680001,0.1247,0.1057,0.1047,0.0981,0.1135,0.12729999,0.12620001,0.1338,0.024,0.0051,0.1218,0.089699998
106622,0.1516,0.1372,0.1407,0.164,0.164,0.1779,0.20100001,0.1873,0.2211,0.0339,0.0012,0.2251,0.1772,El Gazira_41,POINT (32.72856359046954 14.328630826157015),0.1479,0.1285,0.125,0.1418,0.1401,0.1636,0.18350001,0.16680001,0.19679999,0.031500001,0.001,0.20200001,0.1517,0.3888,0.34490001,0.33610001,0.35069999,0.35960001,0.3897,0.4161,0.37400001,0.4285,0.17820001,0.0057,0.40079999,0.34869999,0.16769999,0.14040001,0.13349999,0.1295,0.13420001,0.17550001,0.20990001,0.191,0.2281,0.0471,0.0118,0.1663,0.1233,0.129,0.1076,0.0915,0.089900002,0.0893,0.1004,0.1072,0.1047,0.1108,0.0187,0.0041,0.1001,0.064599998
44589,0.1433,0.1233,0.1191,0.1303,0.13169999,0.1409,0.1583,0.14579999,0.17209999,0.027100001,0.0012,0.18700001,0.14920001,El Gazira_41,POINT (32.72096994468213 14.348819679713513),0.15090001,0.1332,0.1283,0.1434,0.1402,0.1533,0.169,0.1619,0.1814,0.0294,0.001,0.1909,0.1485,0.43970001,0.452,0.44240001,0.45429999,0.45660001,0.4817,0.50050002,0.49020001,0.51120001,0.1883,0.0047,0.46250001,0.385,0.16320001,0.1388,0.14049999,0.118,0.144,0.2802,0.338,0.31200001,0.36660001,0.057,0.0098,0.1981,0.1068,0.13429999,0.1107,0.1013,0.086499996,0.1113,0.182,0.217,0.2088,0.24330001,0.0267,0.0008,0.1498,0.076
20208,0.1542,0.1301,0.12800001,0.1435,0.1631,0.1824,0.2009,0.16,0.223,0.030400001,0.0011,0.21179999,0.1541,El Gazira_41,POINT (32.71467277500477 14.361222697369298),0.1499,0.12890001,0.1202,0.13070001,0.1242,0.137,0.14920001,0.1429,0.1622,0.0265,0.001,0.1663,0.1258,0.62620002,0.63510001,0.61309999,0.63200003,0.63209999,0.6559,0.67930001,0.6602,0.69120002,0.28560001,0.007,0.51209998,0.37169999,0.1601,0.13680001,0.14489999,0.106,0.1429,0.2942,0.37560001,0.38949999,0.40439999,0.0497,0.0071,0.2049,0.1076,0.137,0.1187,0.1295,0.1177,0.1382,0.2412,0.28929999,0.25510001,0.32600001,0.032400001,0.0008,0.20640001,0.1021
41880,0.15539999,0.15180001,0.15620001,0.1833,0.18709999,0.20469999,0.2263,0.2084,0.2483,0.033500001,0.0011,0.2538,0.2013,El Gazira_41,POINT (32.723099869720066 14.350630339225306),0.1477,0.1353,0.13079999,0.1389,0.1389,0.1575,0.1759,0.1645,0.19059999,0.0287,0.001,0.1876,0.1407,0.47240001,0.48559999,0.47209999,0.4932,0.491,0.51139998,0.51620001,0.52420002,0.51889998,0.2163,0.0059,0.49110001,0.4012,0.1613,0.13519999,0.1446,0.1056,0.1435,0.33379999,0.42660001,0.39829999,0.46470001,0.0607,0.0083,0.2226,0.1071,0.1295,0.102,0.1024,0.080200002,0.1074,0.1781,0.213,0.2043,0.2374,0.0242,0.0008,0.167,0.081299998
133874,0.1516,0.13510001,0.13330001,0.1532,0.1566,0.17479999,0.1996,0.1714,0.218,0.032900002,0.0011,0.2256,0.1781,El Gazira_41,POINT (32.725785427376586 14.31957752859805),0.1495,0.127,0.1209,0.1331,0.13689999,0.15279999,0.1698,0.1485,0.1868,0.0312,0.001,0.2005,0.15350001,0.3407,0.36410001,0.33790001,0.34400001,0.3479,0.37369999,0.3926,0.39019999,0.4052,0.14650001,0.0039,0.40920001,0.32280001,0.1726,0.1452,0.13500001,0.1305,0.14219999,0.1999,0.2314,0.1858,0.2476,0.0484,0.0154,0.17659999,0.1251,0.1564,0.113,0.107,0.1051,0.1123,0.14830001,0.1727,0.12620001,0.1858,0.0464,0.0098,0.1495,0.1147
27919,0.15719999,0.1517,0.161,0.19400001,0.19320001,0.2097,0.23649999,0.221,0.25440001,0.0359,0.0012,0.2624,0.2016,El Gazira_41,POINT (32.70411575525155 14.358235109174839),0.1471,0.1266,0.1198,0.1305,0.1269,0.1371,0.1543,0.1427,0.1679,0.0264,0.001,0.17649999,0.13940001,0.4472,0.44119999,0.41159999,0.415,0.4023,0.41479999,0.4373,0.44859999,0.44819999,0.17209999,0.0035,0.32640001,0.2191,0.1603,0.1426,0.1436,0.12809999,0.1486,0.2269,0.26969999,0.2455,0.28960001,0.045400001,0.007,0.1925,0.1149,0.13609999,0.1143,0.1185,0.094099998,0.1279,0.2265,0.27039999,0.2502,0.29929999,0.0321,0.0009,0.20029999,0.1025
97146,0.15530001,0.1371,0.1435,0.1574,0.1699,0.19239999,0.2185,0.19239999,0.2309,0.0356,0.0011,0.18870001,0.1249,El Gazira_41,POINT (32.72272944797434 14.332071079229424),0.1469,0.1214,0.1147,0.1207,0.1205,0.1294,0.1436,0.1314,0.1503,0.0268,0.001,0.1318,0.096100003,0.33410001,0.331,0.30430001,0.29620001,0.3012,0.32980001,0.35800001,0.3608,0.37200001,0.1392,0.0056,0.33880001,0.29249999,0.16869999,0.15,0.1565,0.13950001,0.1788,0.273,0.32679999,0.302,0.35929999,0.0605,0.0131,0.21179999,0.1198,0.1363,0.1157,0.1078,0.099,0.1059,0.13950001,0.1592,0.1556,0.1762,0.03,0.0058,0.1417,0.089599997
89959,0.1587,0.13609999,0.1417,0.1499,0.1717,0.21520001,0.2457,0.2395,0.26750001,0.0365,0.001,0.2332,0.17120001,El Gazira_41,POINT (32.704300966124414 14.334696535521523),0.1538,0.1328,0.1312,0.14390001,0.1507,0.176,0.1957,0.1908,0.2146,0.032699998,0.0011,0.2098,0.15530001,0.3725,0.30680001,0.27700001,0.3087,0.3373,0.3698,0.39570001,0.301,0.41370001,0.15549999,0.0035,0.36449999,0.31330001,0.178,0.1603,0.1495,0.1485,0.15270001,0.1903,0.2185,0.20190001,0.22579999,0.050500002,0.019200001,0.1752,0.13060001,0.1388,0.1197,0.1101,0.1134,0.1095,0.1215,0.13959999,0.1229,0.141,0.015900001,0.0008,0.1245,0.095399998
53370,0.1505,0.1314,0.1344,0.1503,0.1524,0.175,0.19509999,0.17569999,0.20900001,0.0321,0.0011,0.192,0.1434,El Gazira_41,POINT (32.72069212837284 14.34420249795844),0.1476,0.1274,0.1217,0.1313,0.1337,0.1478,0.1628,0.1435,0.1706,0.028,0.001,0.1592,0.1182,0.41080001,0.4323,0.42300001,0.4267,0.4059,0.41330001,0.41980001,0.47350001,0.4192,0.1786,0.0074,0.41100001,0.32659999,0.1717,0.14820001,0.147,0.14210001,0.15109999,0.20720001,0.2357,0.2113,0.2525,0.0438,0.0111,0.1707,0.1182,0.13680001,0.115,0.1083,0.1066,0.1096,0.1346,0.15270001,0.1349,0.15279999,0.0156,0.0008,0.119,0.0801
54035,0.1569,0.1489,0.1551,0.189,0.18790001,0.2027,0.2313,0.21340001,0.252,0.0359,0.0011,0.2647,0.206,El Gazira_41,POINT (32.7013375921586 14.34393089903167),0.1444,0.1194,0.1122,0.1184,0.1236,0.13070001,0.1464,0.1293,0.1531,0.0239,0.001,0.094400004,0.0585,0.533,0.4434,0.4535,0.49430001,0.51920003,0.55620003,0.59710002,0.48910001,0.6239,0.25760001,0.0041,0.55500001,0.47440001,0.1688,0.14820001,0.13959999,0.13510001,0.1402,0.18279999,0.2113,0.19239999,0.2199,0.0453,0.0134,0.1715,0.1234,0.1426,0.1127,0.1009,0.1018,0.1018,0.1171,0.13150001,0.1153,0.1401,0.018300001,0.0008,0.12819999,0.098
27238,0.1611,0.15979999,0.168,0.2066,0.205,0.2216,0.2494,0.233,0.27219999,0.0376,0.0011,0.27520001,0.2093,El Gazira_41,POINT (32.705875258543756 14.358506708101608),0.1479,0.1276,0.1189,0.1319,0.1261,0.1393,0.1532,0.1428,0.16410001,0.0257,0.001,0.1585,0.1192,0.66049999,0.62010002,0.61229998,0.6789,0.6832,0.70310003,0.72509998,0.62980002,0.73839998,0.31659999,0.0048,0.546,0.4152,0.15809999,0.13590001,0.1445,0.1071,0.1401,0.29449999,0.3712,0.3576,0.39379999,0.0479,0.0068,0.1974,0.096500002,0.1356,0.1145,0.1186,0.1034,0.13249999,0.2102,0.2534,0.2318,0.28619999,0.0309,0.0008,0.2032,0.1016
29462,0.1559,0.139,0.1392,0.1657,0.1744,0.19329999,0.2186,0.2041,0.2438,0.0369,0.0013,0.2545,0.1903,El Gazira_41,POINT (32.69874463993851 14.357601378345711),0.1566,0.13150001,0.1319,0.1381,0.1532,0.17569999,0.19419999,0.1779,0.2132,0.0334,0.0011,0.2182,0.1568,0.54269999,0.50400001,0.4862,0.53899997,0.54040003,0.57260001,0.61629999,0.53659999,0.63929999,0.24950001,0.0049,0.54210001,0.45609999,0.1646,0.14120001,0.14,0.1216,0.14229999,0.2253,0.26840001,0.253,0.28189999,0.0414,0.0089,0.17839999,0.1049,0.14300001,0.1224,0.1188,0.1121,0.1229,0.17290001,0.20460001,0.21089999,0.2218,0.0218,0.0009,0.1613,0.095100001
132073,0.14380001,0.1314,0.131,0.14669999,0.15629999,0.16850001,0.1904,0.1673,0.2078,0.0276,0.001,0.1628,0.1219,El Gazira_41,POINT (32.72004389031782 14.320120726451586),0.1506,0.1267,0.1184,0.12980001,0.13789999,0.1585,0.17110001,0.1442,0.1893,0.0323,0.001,0.1908,0.1471,0.41679999,0.3576,0.3612,0.3953,0.39610001,0.43180001,0.463,0.40180001,0.48500001,0.19769999,0.0042,0.46219999,0.405,0.1806,0.1534,0.144,0.1424,0.1549,0.1989,0.22319999,0.19310001,0.24250001,0.053599998,0.0186,0.1811,0.13420001,0.1587,0.12989999,0.1184,0.1162,0.1189,0.14049999,0.1576,0.1416,0.1653,0.042800002,0.0103,0.1473,0.1141
135151,0.1576,0.13940001,0.146,0.16689999,0.16779999,0.1824,0.20919999,0.1929,0.21969999,0.0339,0.0012,0.2101,0.1592,El Gazira_41,POINT (32.708838632509575 14.3191248637201),0.15019999,0.1247,0.1198,0.12819999,0.13079999,0.15360001,0.16060001,0.1464,0.17820001,0.0289,0.001,0.1617,0.1202,0.40560001,0.35929999,0.3506,0.3741,0.37900001,0.40849999,0.43309999,0.3953,0.4445,0.1902,0.0049,0.4237,0.3651,0.1762,0.1533,0.1508,0.13169999,0.1525,0.2265,0.26910001,0.25749999,0.2789,0.0537,0.018200001,0.1681,0.1086,0.1349,0.1041,0.090899996,0.088100001,0.097900003,0.131,0.1548,0.1244,0.15970001,0.0251,0.0062,0.1238,0.076899998
113737,0.1564,0.14569999,0.1489,0.1776,0.1776,0.1943,0.22050001,0.208,0.2418,0.0363,0.0013,0.2604,0.19760001,El Gazira_41,POINT (32.71393193151332 14.326095902840505),0.149,0.123,0.116,0.1248,0.1318,0.1391,0.14820001,0.1406,0.1631,0.0309,0.0009,0.1903,0.13940001,0.38929999,0.31310001,0.28470001,0.33559999,0.33579999,0.36309999,0.37689999,0.3276,0.41980001,0.1776,0.0054,0.37400001,0.29769999,0.17990001,0.1478,0.1407,0.1366,0.1409,0.1797,0.2077,0.18870001,0.223,0.054400001,0.0188,0.171,0.13,0.1424,0.1114,0.089199997,0.078199998,0.080700003,0.1018,0.1155,0.1038,0.1231,0.0307,0.0042,0.112,0.081200004
2282,0.1552,0.13940001,0.1408,0.167,0.1656,0.1903,0.21510001,0.21960001,0.2396,0.035700001,0.0011,0.24150001,0.1815,El Gazira_41,POINT (32.70819039445455 14.368193736489703),0.15889999,0.13609999,0.1353,0.15260001,0.154,0.17479999,0.1929,0.1911,0.2133,0.0334,0.0011,0.2229,0.166,0.547,0.52209997,0.51859999,0.55140001,0.5557,0.57959998,0.60909998,0.5589,0.62379998,0.25080001,0.0063,0.52749997,0.42300001,0.16509999,0.1479,0.146,0.1434,0.1548,0.2164,0.25409999,0.249,0.27289999,0.039,0.0058,0.2137,0.14560001,0.1513,0.1314,0.132,0.1388,0.1424,0.1742,0.20209999,0.2101,0.2271,0.0246,0.0009,0.21780001,0.1602
104862,0.15009999,0.1425,0.1477,0.1681,0.173,0.2022,0.22679999,0.2167,0.2458,0.034400001,0.0012,0.2334,0.1701,El Gazira_41,POINT (32.72976746114315 14.329264556986145),0.1451,0.12630001,0.1178,0.12809999,0.1303,0.14380001,0.1661,0.1486,0.1726,0.0288,0.0009,0.1733,0.13259999,0.37259999,0.34819999,0.34,0.36070001,0.36469999,0.38780001,0.40650001,0.38409999,0.4154,0.1683,0.006,0.39989999,0.33149999,0.1652,0.14219999,0.1505,0.1259,0.1525,0.28690001,0.36140001,0.32929999,0.39109999,0.055799998,0.0118,0.2036,0.1127,0.1277,0.1025,0.093400002,0.0814,0.094899997,0.1362,0.16230001,0.1433,0.17739999,0.024800001,0.0037,0.1202,0.069700003
113328,0.1522,0.1426,0.1468,0.1735,0.174,0.18960001,0.2128,0.1999,0.23010001,0.034600001,0.001,0.22939999,0.1788,El Gazira_41,POINT (32.72504458388513 14.326276968791685),0.14669999,0.1238,0.1157,0.1238,0.129,0.1428,0.162,0.14139999,0.17120001,0.029,0.001,0.1699,0.13349999,0.2845,0.2737,0.2306,0.2366,0.23649999,0.25819999,0.28490001,0.2816,0.31369999,0.1086,0.0045,0.2721,0.236,0.1701,0.14489999,0.1464,0.1204,0.1525,0.2579,0.3064,0.2863,0.329,0.053300001,0.0131,0.1957,0.1155,0.1349,0.1154,0.1034,0.092600003,0.1053,0.15260001,0.1772,0.16760001,0.191,0.025900001,0.0063,0.1345,0.0766
70139,0.15889999,0.15880001,0.1708,0.2105,0.2106,0.2318,0.26089999,0.2454,0.2859,0.04,0.0011,0.2985,0.2242,El Gazira_41,POINT (32.73189738618108 14.339766382154545),0.1515,0.1477,0.1481,0.1732,0.17470001,0.2001,0.2217,0.2114,0.24590001,0.034600001,0.0012,0.2599,0.19580001,0.35550001,0.338,0.3285,0.34920001,0.34540001,0.3624,0.3779,0.37200001,0.39570001,0.1561,0.0074,0.3741,0.3186,0.1671,0.14489999,0.1416,0.1375,0.14820001,0.20649999,0.24,0.22139999,0.26109999,0.043,0.0096,0.2043,0.1428,0.1383,0.1058,0.093,0.082800001,0.0924,0.15270001,0.18179999,0.1609,0.19760001,0.039900001,0.0075,0.12809999,0.082500003
141027,0.15360001,0.1485,0.15369999,0.17900001,0.1802,0.1948,0.22040001,0.20900001,0.2454,0.035500001,0.0011,0.25510001,0.2067,El Gazira_41,POINT (32.73171217530822 14.317404737183896),0.14830001,0.1346,0.1322,0.1514,0.15270001,0.16689999,0.1866,0.173,0.20559999,0.0309,0.0008,0.219,0.1762,0.24529999,0.33039999,0.27959999,0.26409999,0.26269999,0.28279999,0.29460001,0.3457,0.2958,0.083,0.0036,0.301,0.20819999,0.17380001,0.15440001,0.1478,0.14910001,0.1558,0.21359999,0.25009999,0.2262,0.2667,0.0543,0.0151,0.1989,0.1441,0.1749,0.1371,0.1276,0.1286,0.13339999,0.16760001,0.1912,0.169,0.2049,0.064099997,0.0167,0.17,0.1354
107264,0.1525,0.13689999,0.1415,0.1655,0.1778,0.1929,0.2156,0.18610001,0.23630001,0.0319,0.0011,0.2077,0.16249999,El Gazira_41,POINT (32.717080516352 14.328359227230248),0.14669999,0.1251,0.121,0.13160001,0.12800001,0.1418,0.1532,0.14049999,0.16419999,0.0268,0.0008,0.1592,0.1232,0.39480001,0.4188,0.378,0.396,0.39930001,0.4208,0.44229999,0.43509999,0.45410001,0.18080001,0.0062,0.4312,0.3689,0.1716,0.1469,0.1512,0.1168,0.14659999,0.30989999,0.39340001,0.3644,0.42030001,0.066,0.016100001,0.2053,0.107,0.13500001,0.1106,0.1016,0.0876,0.1018,0.1557,0.18430001,0.17120001,0.20209999,0.0308,0.0054,0.13860001,0.0743
8942,0.1585,0.147,0.15109999,0.1718,0.1656,0.17990001,0.2001,0.1945,0.2208,0.038600001,0.0011,0.2316,0.1807,El Gazira_41,POINT (32.70494920417944 14.365387214246423),0.15009999,0.1234,0.1158,0.1204,0.1188,0.1302,0.1428,0.12800001,0.15530001,0.0273,0.0009,0.13060001,0.082800001,0.29710001,0.3506,0.29949999,0.2719,0.26719999,0.27559999,0.29089999,0.3475,0.3008,0.098300003,0.004,0.26859999,0.20559999,0.16069999,0.14390001,0.1425,0.12639999,0.1505,0.2599,0.3064,0.26320001,0.33700001,0.046300001,0.0067,0.2058,0.1175,0.13850001,0.12549999,0.1203,0.1169,0.13,0.19760001,0.2368,0.21520001,0.26550001,0.0323,0.0008,0.21340001,0.1226
136503,0.15270001,0.1393,0.1408,0.1652,0.16159999,0.1745,0.197,0.1891,0.213,0.0328,0.0011,0.2309,0.1858,El Gazira_41,POINT (32.72532240019443 14.318762731817742),0.15019999,0.1347,0.1311,0.14820001,0.14560001,0.1569,0.17460001,0.16580001,0.19310001,0.0305,0.001,0.20909999,0.1706,0.336,0.3364,0.3321,0.34130001,0.33419999,0.36140001,0.38010001,0.3793,0.39379999,0.1399,0.0041,0.40040001,0.30840001,0.1736,0.1427,0.13600001,0.132,0.1363,0.17569999,0.2054,0.185,0.2194,0.053300001,0.0162,0.16140001,0.1199,0.1529,0.1245,0.1177,0.1131,0.1147,0.14470001,0.1635,0.15180001,0.1696,0.0418,0.0112,0.1479,0.1041
1789,0.1497,0.1295,0.1285,0.14210001,0.14820001,0.16689999,0.185,0.173,0.2018,0.0336,0.0011,0.2008,0.1521,El Gazira_41,POINT (32.70494920417944 14.368465335416472),0.1499,0.12530001,0.1199,0.13330001,0.1329,0.146,0.1647,0.153,0.1737,0.0319,0.001,0.1886,0.1464,0.42640001,0.36880001,0.3876,0.426,0.41760001,0.43830001,0.45210001,0.40169999,0.45629999,0.1825,0.0044,0.41010001,0.3202,0.1621,0.14579999,0.14139999,0.14300001,0.1472,0.1895,0.2189,0.205,0.23289999,0.042800002,0.0059,0.1974,0.14650001,0.14229999,0.1231,0.1143,0.1243,0.1238,0.1424,0.1605,0.1478,0.17120001,0.0283,0.0008,0.1759,0.1355
80784,0.1506,0.1391,0.1408,0.1673,0.169,0.1832,0.20280001,0.18430001,0.2208,0.0336,0.0011,0.2366,0.188,El Gazira_41,POINT (32.72976746114315 14.337050392886855),0.14219999,0.1182,0.1081,0.1169,0.1207,0.13240001,0.1434,0.1274,0.1557,0.027,0.001,0.15710001,0.1167,0.30430001,0.2764,0.258,0.27790001,0.27770001,0.2942,0.30669999,0.294,0.30939999,0.1226,0.0063,0.29890001,0.2367,0.1631,0.1392,0.1428,0.1138,0.1453,0.2798,0.34419999,0.30590001,0.36390001,0.0546,0.0104,0.18870001,0.097099997,0.1239,0.1036,0.081,0.0598,0.075300001,0.1284,0.1591,0.1489,0.1705,0.0239,0.0021,0.1023,0.056400001
98926,0.14470001,0.1261,0.1224,0.1362,0.1355,0.1462,0.1648,0.15549999,0.1779,0.030200001,0.0011,0.1864,0.1495,El Gazira_41,POINT (32.73069351550747 14.331437348400296),0.1442,0.1186,0.1112,0.121,0.1185,0.1312,0.1445,0.13160001,0.1594,0.0284,0.001,0.16670001,0.1318,0.36070001,0.32690001,0.31369999,0.32359999,0.32949999,0.3626,0.39070001,0.35249999,0.4082,0.16429999,0.0069,0.37740001,0.3283,0.1657,0.13860001,0.1294,0.1256,0.1321,0.18,0.2111,0.18260001,0.2216,0.042300001,0.0108,0.15710001,0.1113,0.1296,0.1137,0.1035,0.092200004,0.084299996,0.1027,0.1164,0.1247,0.1247,0.0228,0.0061,0.1015,0.07
83090,0.1583,0.15790001,0.1671,0.21170001,0.2036,0.2229,0.25409999,0.24959999,0.28080001,0.038,0.0011,0.28279999,0.20720001,El Gazira_41,POINT (32.707542156399526 14.336416662057728),0.1524,0.1365,0.1381,0.1631,0.1498,0.1681,0.1795,0.1875,0.1939,0.031599998,0.001,0.1927,0.1348,0.4443,0.42340001,0.41479999,0.4377,0.4418,0.46560001,0.4914,0.45829999,0.50160003,0.2053,0.0049,0.48140001,0.42030001,0.17730001,0.16069999,0.1549,0.1557,0.16339999,0.2229,0.25740001,0.2322,0.2719,0.051800001,0.0176,0.1929,0.1318,0.13410001,0.1179,0.1109,0.1197,0.1131,0.1293,0.1468,0.138,0.1574,0.016,0.0006,0.1364,0.1009
137131,0.1512,0.13789999,0.13959999,0.16230001,0.15989999,0.1734,0.1944,0.1839,0.21269999,0.032699998,0.0011,0.2297,0.18790001,El Gazira_41,POINT (32.72893401221526 14.318581665866562),0.146,0.1294,0.126,0.1418,0.1406,0.1566,0.1701,0.1582,0.1857,0.0284,0.001,0.2051,0.1673,0.3109,0.29910001,0.28380001,0.31740001,0.33320001,0.3565,0.37869999,0.31830001,0.38870001,0.1246,0.0038,0.3777,0.3087,0.17030001,0.1489,0.1411,0.1372,0.1548,0.2026,0.2359,0.20819999,0.25189999,0.0561,0.0152,0.1945,0.13779999,0.1531,0.12800001,0.123,0.125,0.13429999,0.16230001,0.184,0.1626,0.18619999,0.0497,0.0119,0.1656,0.1154
61239,0.153,0.14659999,0.149,0.18170001,0.18260001,0.1957,0.2252,0.2093,0.24969999,0.034899998,0.0011,0.25979999,0.1913,El Gazira_41,POINT (32.707912578145255 14.342029706544288),0.151,0.1357,0.1347,0.1608,0.1577,0.1732,0.191,0.1842,0.2085,0.031,0.001,0.2255,0.1657,0.51639998,0.4686,0.4657,0.4982,0.50809997,0.53939998,0.56489998,0.50569999,0.58560002,0.2439,0.0048,0.53280002,0.45649999,0.169,0.1479,0.13860001,0.1348,0.13590001,0.16769999,0.19050001,0.17990001,0.1996,0.0424,0.0136,0.1671,0.1252,0.1399,0.1175,0.1071,0.1106,0.1065,0.1173,0.133,0.1234,0.1372,0.0179,0.0008,0.1349,0.1001
136851,0.1556,0.1453,0.14910001,0.17389999,0.16680001,0.1824,0.20810001,0.1998,0.2277,0.0365,0.0011,0.2492,0.2,El Gazira_41,POINT (32.73032309376174 14.318672198842153),0.1524,0.138,0.1336,0.1532,0.148,0.1622,0.17990001,0.1717,0.1969,0.0319,0.0012,0.22149999,0.18009999,0.38749999,0.3795,0.36680001,0.3874,0.38690001,0.41080001,0.43169999,0.42039999,0.43579999,0.17479999,0.0045,0.43830001,0.36989999,0.1743,0.1525,0.1455,0.14210001,0.15189999,0.2024,0.2367,0.2148,0.2538,0.052900001,0.0152,0.1946,0.14210001,0.15369999,0.1445,0.1183,0.1142,0.1198,0.14920001,0.1726,0.1661,0.1851,0.045899998,0.0126,0.15530001,0.1131
122290,0.15360001,0.13789999,0.13869999,0.16150001,0.1619,0.177,0.1979,0.1837,0.217,0.0356,0.0012,0.2395,0.1919,El Gazira_41,POINT (32.72958225027029 14.323289380597226),0.1437,0.1188,0.1136,0.1188,0.1245,0.1406,0.155,0.1418,0.17030001,0.0277,0.001,0.1846,0.14659999,0.30770001,0.2457,0.24680001,0.2581,0.28009999,0.31709999,0.3448,0.2832,0.35429999,0.1257,0.0041,0.33610001,0.2791,0.16769999,0.1409,0.13860001,0.1188,0.14650001,0.2744,0.3364,0.33270001,0.35659999,0.059,0.0135,0.1996,0.1178,0.12549999,0.1073,0.099,0.076899998,0.0937,0.17640001,0.21070001,0.20200001,0.2168,0.0263,0.0073,0.1208,0.060199998
34856,0.1539,0.1435,0.1443,0.174,0.17560001,0.1919,0.2167,0.20990001,0.24349999,0.037500001,0.0012,0.2696,0.20720001,El Gazira_41,POINT (32.70596786398019 14.35533805395597),0.15539999,0.1408,0.13789999,0.1585,0.1582,0.177,0.1997,0.18709999,0.2199,0.0348,0.0012,0.2482,0.18889999,0.611,0.589,0.57929999,0.6311,0.63450003,0.65619999,0.68269998,0.63309997,0.69679999,0.29859999,0.0048,0.54439998,0.40419999,0.16230001,0.144,0.1391,0.1284,0.15090001,0.23029999,0.274,0.25560001,0.30050001,0.043400001,0.0071,0.2226,0.13940001,0.1443,0.1186,0.109,0.1134,0.1161,0.13079999,0.1556,0.1426,0.16769999,0.024800001,0.0009,0.17110001,0.1231
22351,0.1573,0.151,0.1538,0.1743,0.1644,0.17910001,0.1987,0.198,0.2128,0.0328,0.0011,0.185,0.12710001,El Gazira_41,POINT (32.71541361849623 14.36040790058899),0.15090001,0.1328,0.12620001,0.13789999,0.1349,0.1497,0.1621,0.1524,0.1781,0.0284,0.001,0.1864,0.14560001,0.62269998,0.64499998,0.61110002,0.63980001,0.64649999,0.66479999,0.6825,0.67580003,0.69190001,0.28920001,0.008,0.547,0.41749999,0.159,0.1358,0.1426,0.1035,0.13850001,0.3267,0.43540001,0.40529999,0.46340001,0.051800001,0.0068,0.2079,0.097499996,0.13590001,0.1178,0.1256,0.1117,0.14139999,0.21070001,0.2489,0.2427,0.2859,0.0295,0.0009,0.2148,0.1132
96849,0.1533,0.1462,0.1533,0.18080001,0.1825,0.20649999,0.2326,0.2114,0.24969999,0.0348,0.0011,0.248,0.1886,El Gazira_41,POINT (32.717543543534156 14.332161612205013),0.14300001,0.1217,0.1126,0.1218,0.1221,0.13410001,0.1429,0.13150001,0.153,0.0262,0.0008,0.14,0.1,0.39579999,0.3646,0.38409999,0.38530001,0.38620001,0.4129,0.4341,0.42660001,0.44420001,0.17739999,0.0054,0.41940001,0.36059999,0.1698,0.14929999,0.1556,0.1211,0.1584,0.29269999,0.35409999,0.3371,0.37459999,0.0581,0.0145,0.1962,0.1045,0.1323,0.1025,0.099799998,0.088,0.1062,0.167,0.1981,0.1777,0.21870001,0.026900001,0.0021,0.146,0.078900002
136067,0.1576,0.14929999,0.1534,0.18539999,0.1762,0.191,0.2157,0.20909999,0.2362,0.035100002,0.0011,0.25279999,0.204,El Gazira_41,POINT (32.712172428221116 14.318853264793331),0.1508,0.134,0.1327,0.15260001,0.1487,0.1631,0.17820001,0.17380001,0.19490001,0.031800002,0.001,0.2172,0.1673,0.3809,0.3779,0.36469999,0.39950001,0.40970001,0.433,0.454,0.41170001,0.4668,0.1701,0.0045,0.45989999,0.39469999,0.1795,0.1637,0.1565,0.152,0.1565,0.2001,0.2295,0.2254,0.2471,0.053,0.021400001,0.1919,0.1459,0.1399,0.1111,0.098,0.089100003,0.1008,0.1059,0.1192,0.1131,0.1242,0.027,0.0063,0.116,0.086599998
106919,0.14929999,0.1258,0.1184,0.132,0.13150001,0.14049999,0.1578,0.1463,0.1671,0.0328,0.0011,0.1751,0.137,El Gazira_41,POINT (32.732453018799674 14.328540293181426),0.147,0.1213,0.1145,0.121,0.1228,0.1372,0.1531,0.1406,0.1657,0.0295,0.0011,0.166,0.1274,0.3123,0.28549999,0.27959999,0.3028,0.30500001,0.33059999,0.34740001,0.31290001,0.35749999,0.1303,0.0065,0.34330001,0.278,0.1639,0.13959999,0.1478,0.1127,0.14839999,0.29879999,0.37130001,0.33849999,0.40369999,0.053300001,0.0113,0.19859999,0.1011,0.1375,0.1058,0.086400002,0.0779,0.085199997,0.12909999,0.1601,0.1415,0.176,0.037500001,0.0052,0.1152,0.081600003
67193,0.1574,0.15260001,0.1601,0.197,0.1939,0.2089,0.2353,0.2236,0.2552,0.0361,0.0011,0.2613,0.2014,El Gazira_41,POINT (32.718840019644205 14.340490645959264),0.1426,0.122,0.1145,0.1229,0.1187,0.13169999,0.14380001,0.137,0.15350001,0.0257,0.0009,0.1602,0.126,0.479,0.459,0.44209999,0.48730001,0.48730001,0.51010001,0.528,0.50330001,0.54089999,0.2286,0.0053,0.50700003,0.433,0.171,0.1429,0.151,0.1161,0.1496,0.3193,0.40020001,0.378,0.43149999,0.064300001,0.0141,0.2124,0.1072,0.13060001,0.1034,0.099299997,0.076800004,0.1016,0.15809999,0.1934,0.18610001,0.2139,0.023600001,0.0008,0.15629999,0.080700003
96129,0.1533,0.141,0.1451,0.1672,0.1802,0.2071,0.2334,0.2093,0.2493,0.0348,0.0011,0.2471,0.1869,El Gazira_41,POINT (32.717543543534156 14.332433211131782),0.14300001,0.1218,0.1136,0.1227,0.1239,0.1366,0.1437,0.1375,0.1594,0.0262,0.0008,0.1433,0.1011,0.39579999,0.36759999,0.3946,0.4048,0.40290001,0.4172,0.43309999,0.40419999,0.44679999,0.17739999,0.0054,0.4219,0.35839999,0.1698,0.14669999,0.1558,0.1222,0.1602,0.2947,0.34729999,0.3369,0.37889999,0.0581,0.0145,0.1935,0.1038,0.1323,0.102,0.096900001,0.077799998,0.1036,0.1631,0.19419999,0.18269999,0.2172,0.026900001,0.0021,0.1407,0.074
107009,0.14380001,0.13169999,0.133,0.1523,0.14749999,0.16,0.1762,0.17309999,0.18629999,0.0274,0.0011,0.1381,0.092500001,El Gazira_41,POINT (32.717173121788434 14.328449760205837),0.14579999,0.12549999,0.1187,0.1287,0.1267,0.138,0.151,0.1408,0.1602,0.0262,0.0009,0.15790001,0.1215,0.39989999,0.41679999,0.37830001,0.39109999,0.3978,0.42410001,0.44279999,0.42950001,0.4603,0.1855,0.0067,0.4325,0.371,0.1733,0.14470001,0.1507,0.1171,0.1505,0.30610001,0.38139999,0.36300001,0.41389999,0.065,0.0166,0.2049,0.1088,0.1336,0.1083,0.1043,0.085900001,0.1015,0.1514,0.17990001,0.174,0.19769999,0.0298,0.0052,0.13860001,0.075
51991,0.1513,0.13500001,0.1355,0.1561,0.152,0.16249999,0.1812,0.17290001,0.1945,0.031300001,0.0011,0.2084,0.1715,El Gazira_41,POINT (32.719580863135654 14.344836228787567),0.1461,0.1268,0.1215,0.1347,0.13079999,0.142,0.15440001,0.1453,0.16509999,0.027,0.0008,0.1718,0.139,0.4086,0.36230001,0.36700001,0.40869999,0.36179999,0.40939999,0.44690001,0.3881,0.466,0.1883,0.0051,0.3994,0.36860001,0.1763,0.1596,0.1603,0.17209999,0.177,0.2427,0.28470001,0.27520001,0.3071,0.051399998,0.0112,0.2394,0.1618,0.1428,0.1216,0.1209,0.1153,0.126,0.121,0.1363,0.1138,0.1158,0.011,0.0008,0.0261,0.0148
9840,0.1446,0.1251,0.1186,0.1327,0.1294,0.1398,0.15459999,0.1419,0.16769999,0.0277,0.001,0.171,0.13420001,El Gazira_41,POINT (32.69920766712067 14.365025082344065),0.14740001,0.1217,0.1114,0.1213,0.1204,0.13240001,0.1445,0.12710001,0.15530001,0.0267,0.0009,0.15369999,0.1177,0.4418,0.46090001,0.43630001,0.4535,0.44659999,0.4621,0.47479999,0.48469999,0.47729999,0.18979999,0.0046,0.4576,0.37009999,0.1622,0.137,0.1332,0.1125,0.1392,0.2744,0.34029999,0.301,0.3581,0.0449,0.0071,0.1944,0.1028,0.14300001,0.1115,0.104,0.089900002,0.1222,0.24250001,0.29660001,0.27509999,0.32659999,0.0296,0.0007,0.1875,0.095600002
27036,0.1584,0.14480001,0.1435,0.1662,0.1649,0.1779,0.20200001,0.1847,0.218,0.0332,0.0013,0.23890001,0.1972,El Gazira_41,POINT (32.708931237946004 14.358597241077197),0.1434,0.1231,0.1109,0.1154,0.1149,0.1236,0.134,0.1266,0.1445,0.023,0.001,0.1305,0.0973,0.69590002,0.67479998,0.63520002,0.67820001,0.685,0.70179999,0.72109997,0.68900001,0.72909999,0.34209999,0.0065,0.50480002,0.3531,0.1577,0.1375,0.1427,0.1135,0.14839999,0.25260001,0.301,0.28040001,0.3247,0.046300001,0.0067,0.18790001,0.1006,0.13510001,0.1132,0.1139,0.0964,0.12540001,0.2024,0.23819999,0.2264,0.2687,0.0314,0.0008,0.17659999,0.088299997
102904,0.1512,0.1479,0.15459999,0.18719999,0.1838,0.20110001,0.2274,0.214,0.24869999,0.032900002,0.001,0.2498,0.18780001,El Gazira_41,POINT (32.71106116298394 14.329898287815272),0.1445,0.1226,0.1167,0.12549999,0.1276,0.1513,0.1688,0.1585,0.182,0.028100001,0.0008,0.18629999,0.1417,0.42570001,0.36059999,0.3748,0.40650001,0.41600001,0.4395,0.46059999,0.408,0.4808,0.1987,0.0057,0.4418,0.38929999,0.17209999,0.1445,0.14390001,0.1184,0.1435,0.29660001,0.37830001,0.34670001,0.41100001,0.0656,0.0165,0.2061,0.1082,0.1238,0.1011,0.092600003,0.077500001,0.093900003,0.1595,0.1903,0.1724,0.2146,0.024,0.0009,0.13869999,0.0678
24408,0.15710001,0.14820001,0.1486,0.1744,0.1701,0.1831,0.204,0.1938,0.2251,0.0334,0.0011,0.23649999,0.18889999,El Gazira_41,POINT (32.70772736727239 14.359593103808685),0.1462,0.1252,0.1164,0.1239,0.1218,0.12909999,0.1419,0.1305,0.154,0.0253,0.001,0.1486,0.1111,0.67650002,0.72460002,0.718,0.74,0.71899998,0.72710001,0.7367,0.77899998,0.74989998,0.33129999,0.0053,0.5352,0.37130001,0.1585,0.13609999,0.1432,0.1062,0.1391,0.30770001,0.38769999,0.364,0.41249999,0.049600001,0.0067,0.2008,0.097599998,0.1349,0.1153,0.1229,0.1,0.1312,0.2318,0.28049999,0.26089999,0.31900001,0.032200001,0.001,0.1983,0.093900003
92739,0.14830001,0.1322,0.13349999,0.14830001,0.1587,0.1824,0.2159,0.204,0.222,0.034,0.0011,0.21430001,0.16,El Gazira_41,POINT (32.73226780792681 14.333791205765626),0.1469,0.1238,0.1215,0.125,0.14,0.17219999,0.19660001,0.18880001,0.20649999,0.031,0.001,0.1805,0.13249999,0.25839999,0.27869999,0.2599,0.24330001,0.234,0.25479999,0.2626,0.30989999,0.2678,0.097599998,0.0053,0.2586,0.19069999,0.1663,0.139,0.1375,0.1147,0.14740001,0.2436,0.29100001,0.2766,0.31389999,0.048099998,0.0107,0.1842,0.1102,0.1469,0.1082,0.0981,0.0889,0.1016,0.1432,0.1716,0.14830001,0.1758,0.041700002,0.0116,0.1337,0.089900002
83510,0.1569,0.15019999,0.156,0.18269999,0.1841,0.1987,0.2264,0.2146,0.2483,0.033500001,0.0011,0.2463,0.1918,El Gazira_41,POINT (32.7150431967505 14.336326129082138),0.145,0.12980001,0.12530001,0.1345,0.1362,0.1551,0.175,0.1604,0.191,0.0278,0.0008,0.1778,0.13410001,0.4271,0.394,0.37549999,0.4021,0.40549999,0.4359,0.45559999,0.42030001,0.46779999,0.1626,0.0045,0.42539999,0.36449999,0.1724,0.152,0.1512,0.1301,0.156,0.29319999,0.35710001,0.31959999,0.3858,0.0638,0.015900001,0.20110001,0.1121,0.1293,0.1107,0.1062,0.099100001,0.1058,0.1727,0.2076,0.1811,0.22759999,0.023600001,0.0008,0.1436,0.0752
76753,0.15620001,0.14659999,0.153,0.1841,0.1902,0.2075,0.23450001,0.2112,0.2545,0.036800001,0.0013,0.25420001,0.1948,El Gazira_41,POINT (32.72134036642786 14.338046255618343),0.14229999,0.1206,0.1124,0.1201,0.124,0.1398,0.15,0.13590001,0.16329999,0.0267,0.001,0.1638,0.1277,0.36759999,0.31869999,0.26710001,0.27779999,0.30450001,0.34130001,0.37110001,0.32879999,0.39379999,0.163,0.0057,0.34259999,0.31529999,0.1674,0.14489999,0.1524,0.1161,0.15360001,0.31369999,0.3856,0.3565,0.41170001,0.0623,0.0136,0.21089999,0.1077,0.13339999,0.1,0.094499998,0.076200001,0.093900003,0.1388,0.167,0.1538,0.1829,0.0277,0.002,0.1248,0.0691
137628,0.1463,0.13070001,0.1295,0.1503,0.1479,0.1611,0.1837,0.1776,0.2,0.0309,0.0011,0.21439999,0.1709,El Gazira_41,POINT (32.72022910119068 14.318400599915384),0.1462,0.1276,0.1228,0.1374,0.1371,0.1476,0.1653,0.15790001,0.17919999,0.0301,0.001,0.19850001,0.15989999,0.39669999,0.34490001,0.3224,0.36140001,0.3723,0.40790001,0.4373,0.3757,0.466,0.1876,0.0039,0.4456,0.3964,0.1758,0.1486,0.13779999,0.13510001,0.13869999,0.1733,0.19670001,0.181,0.2088,0.050700001,0.019400001,0.162,0.1238,0.156,0.1239,0.1096,0.112,0.1116,0.13689999,0.1531,0.1249,0.1635,0.043400001,0.0117,0.14560001,0.1115
140102,0.151,0.1356,0.137,0.1573,0.159,0.1716,0.1955,0.17730001,0.21340001,0.0323,0.0011,0.23450001,0.1899,El Gazira_41,POINT (32.72921182852456 14.317676336110665),0.14489999,0.1205,0.111,0.1192,0.1231,0.1323,0.14740001,0.1313,0.1628,0.0276,0.001,0.1771,0.1429,0.2615,0.28929999,0.24349999,0.2449,0.2423,0.267,0.2841,0.297,0.2956,0.0854,0.0036,0.28560001,0.2129,0.1692,0.1445,0.1464,0.1135,0.14929999,0.29960001,0.38429999,0.37819999,0.408,0.059500001,0.0151,0.2068,0.1091,0.1622,0.1206,0.1118,0.1002,0.1214,0.17120001,0.19949999,0.17910001,0.2207,0.0585,0.0114,0.1654,0.1224
142979,0.1497,0.1331,0.13259999,0.1574,0.1531,0.16580001,0.18970001,0.1821,0.2123,0.034,0.0012,0.22759999,0.1804,El Gazira_41,POINT (32.718191781589184 14.316771006354768),0.1476,0.127,0.1217,0.1344,0.1362,0.148,0.1655,0.1573,0.18440001,0.0312,0.001,0.20819999,0.1626,0.4348,0.41960001,0.40970001,0.44670001,0.44459999,0.471,0.49529999,0.4605,0.51179999,0.2049,0.0048,0.505,0.434,0.17640001,0.1495,0.1384,0.1346,0.1381,0.1728,0.1989,0.1831,0.2089,0.0519,0.0188,0.1674,0.127,0.1397,0.1156,0.102,0.0964,0.097,0.1122,0.125,0.1224,0.1293,0.0307,0.0088,0.1244,0.086599998
18294,0.1578,0.1488,0.1508,0.1771,0.16940001,0.1874,0.21340001,0.2016,0.22939999,0.0347,0.0013,0.24250001,0.1918,El Gazira_41,POINT (32.71291327171257 14.361946961174015),0.1583,0.1428,0.14030001,0.1594,0.1533,0.16779999,0.1936,0.1805,0.2049,0.034200002,0.0011,0.2173,0.16859999,0.66640002,0.672,0.65609998,0.67909998,0.67799997,0.69660002,0.71270001,0.708,0.72219998,0.31029999,0.0066,0.53119999,0.40090001,0.1645,0.14470001,0.1363,0.1348,0.14,0.18790001,0.21780001,0.1919,0.2361,0.0383,0.007,0.1842,0.13330001,0.1472,0.1305,0.1237,0.1327,0.1287,0.1573,0.18870001,0.15979999,0.2027,0.0239,0.0008,0.183,0.1356
27767,0.16060001,0.1619,0.1717,0.2103,0.2043,0.22660001,0.25740001,0.24609999,0.28369999,0.037700001,0.0012,0.28560001,0.2084,El Gazira_41,POINT (32.711616795602524 14.35832564215043),0.1489,0.14229999,0.1418,0.1566,0.14669999,0.16429999,0.18440001,0.1825,0.2025,0.0268,0.0009,0.20110001,0.13779999,0.67089999,0.6383,0.62410003,0.66030002,0.66289997,0.6832,0.71340001,0.67919999,0.73830003,0.32859999,0.0074,0.5485,0.41240001,0.161,0.1363,0.1327,0.1178,0.13779999,0.22660001,0.26910001,0.2485,0.2902,0.046100002,0.0066,0.1795,0.1007,0.14139999,0.1187,0.1189,0.0977,0.1287,0.23890001,0.2922,0.2782,0.32300001,0.0336,0.0008,0.2033,0.1101
108046,0.13850001,0.1187,0.1179,0.12549999,0.1336,0.1416,0.1611,0.14749999,0.16339999,0.023700001,0.001,0.085900001,0.0583,El Gazira_41,POINT (32.71828438702561 14.328087628303479),0.1451,0.1207,0.113,0.1201,0.1195,0.1278,0.1416,0.131,0.1539,0.027100001,0.001,0.1593,0.12809999,0.34920001,0.34380001,0.3396,0.35350001,0.34619999,0.36939999,0.38980001,0.37490001,0.4023,0.1508,0.0053,0.3795,0.31979999,0.1771,0.154,0.1472,0.1416,0.1486,0.1989,0.2313,0.208,0.24429999,0.0552,0.017100001,0.1768,0.12540001,0.1406,0.117,0.1081,0.1058,0.1106,0.13510001,0.1564,0.1376,0.164,0.031,0.0048,0.134,0.088500001
68319,0.1522,0.1424,0.1454,0.1726,0.1682,0.185,0.2079,0.197,0.2246,0.033799998,0.0011,0.23819999,0.1868,El Gazira_41,POINT (32.725878032813014 14.340219047032495),0.1469,0.13079999,0.12630001,0.14480001,0.14040001,0.1568,0.176,0.1629,0.19320001,0.0301,0.0011,0.2033,0.1568,0.38100001,0.30500001,0.30109999,0.34830001,0.34060001,0.3628,0.3788,0.32260001,0.39669999,0.1719,0.0061,0.36520001,0.31619999,0.1683,0.14480001,0.1384,0.13160001,0.1399,0.1947,0.2272,0.2066,0.2384,0.0446,0.0112,0.1699,0.1188,0.1269,0.096299998,0.0831,0.073299997,0.073299997,0.12639999,0.15369999,0.1142,0.1601,0.0218,0.0013,0.091799997,0.053
106549,0.1397,0.1225,0.1237,0.1243,0.13779999,0.1507,0.17030001,0.15620001,0.17219999,0.023600001,0.001,0.0942,0.0581,El Gazira_41,POINT (32.72180339361002 14.328630826157015),0.1461,0.1268,0.1198,0.1287,0.1302,0.151,0.1692,0.1574,0.1812,0.029300001,0.001,0.17550001,0.1329,0.3387,0.3294,0.32089999,0.33500001,0.33700001,0.3601,0.37760001,0.36090001,0.39,0.1469,0.005,0.37310001,0.31200001,0.1754,0.1464,0.1397,0.13510001,0.13789999,0.1804,0.207,0.1867,0.2159,0.049,0.0152,0.141,0.096299998,0.14229999,0.1137,0.1033,0.099799998,0.1016,0.1245,0.1441,0.1204,0.1523,0.024900001,0.002,0.1147,0.0823
55607,0.1534,0.1408,0.1452,0.16140001,0.1675,0.2115,0.2406,0.22849999,0.26179999,0.0381,0.0012,0.2394,0.171,El Gazira_41,POINT (32.73171217530822 14.343568767129312),0.1515,0.13680001,0.1327,0.152,0.1495,0.16580001,0.1831,0.17900001,0.2001,0.033100002,0.001,0.21269999,0.16429999,0.36700001,0.38820001,0.35460001,0.35280001,0.3662,0.389,0.41370001,0.41690001,0.4294,0.1635,0.0048,0.40169999,0.35859999,0.17120001,0.14820001,0.1428,0.1416,0.1452,0.1903,0.2234,0.20739999,0.2344,0.0446,0.0102,0.1895,0.13789999,0.1287,0.1044,0.091899998,0.093400002,0.084100001,0.096199997,0.1107,0.1013,0.117,0.0189,0.0016,0.099299997,0.071800001
103662,0.14659999,0.1218,0.1156,0.1292,0.1229,0.1381,0.1539,0.1434,0.16150001,0.0295,0.0011,0.1807,0.1471,El Gazira_41,POINT (32.71180200647539 14.329626688888503),0.1418,0.1169,0.1066,0.1058,0.1081,0.13429999,0.1513,0.1418,0.1587,0.0274,0.0008,0.1305,0.0849,0.44679999,0.36090001,0.37580001,0.40400001,0.421,0.44620001,0.46970001,0.40869999,0.48570001,0.2114,0.0055,0.4443,0.38789999,0.1717,0.14139999,0.1418,0.1152,0.14219999,0.31020001,0.391,0.3585,0.41350001,0.061700001,0.0165,0.1867,0.099799998,0.1237,0.097,0.088299997,0.0598,0.085699998,0.2411,0.3127,0.27219999,0.3265,0.0263,0.0009,0.1226,0.0499
119765,0.1524,0.13779999,0.1393,0.15989999,0.1608,0.17309999,0.19750001,0.1831,0.2145,0.033,0.0011,0.2306,0.1885,El Gazira_41,POINT (32.724488951266544 14.324104177377531),0.1443,0.1284,0.1212,0.12989999,0.1331,0.1471,0.1663,0.15440001,0.1763,0.0279,0.0009,0.1788,0.1408,0.32089999,0.2958,0.2836,0.28940001,0.29629999,0.33590001,0.37079999,0.32910001,0.39070001,0.139,0.004,0.3515,0.309,0.1661,0.14139999,0.14489999,0.1141,0.1429,0.31510001,0.401,0.35870001,0.4251,0.064300001,0.0142,0.1936,0.097400002,0.1296,0.1086,0.1026,0.069700003,0.0995,0.22480001,0.27649999,0.2456,0.30059999,0.033500001,0.0049,0.1384,0.073399998
107862,0.1468,0.1313,0.13689999,0.1477,0.1582,0.176,0.2043,0.1899,0.21619999,0.030400001,0.0012,0.144,0.0875,El Gazira_41,POINT (32.72504458388513 14.328178161279068),0.144,0.1191,0.1082,0.115,0.1146,0.127,0.138,0.1243,0.14839999,0.026900001,0.0008,0.1437,0.1081,0.32530001,0.31459999,0.30239999,0.32280001,0.32870001,0.3545,0.37329999,0.34259999,0.385,0.1364,0.006,0.37110001,0.30809999,0.1688,0.1434,0.1479,0.1141,0.1445,0.29960001,0.37369999,0.34029999,0.39860001,0.0565,0.0133,0.2058,0.1082,0.13160001,0.1053,0.099299997,0.083400004,0.0973,0.1477,0.17659999,0.1682,0.196,0.0274,0.0042,0.12540001,0.0656
3187,0.1503,0.1392,0.1389,0.1646,0.16949999,0.1847,0.2114,0.19159999,0.2321,0.0334,0.0011,0.24789999,0.1884,El Gazira_41,POINT (32.71207982278469 14.367741071611755),0.1552,0.13779999,0.133,0.1494,0.1515,0.17030001,0.1903,0.17649999,0.20990001,0.032,0.001,0.2318,0.1772,0.57539999,0.55430001,0.5485,0.57450002,0.57560003,0.59320003,0.61229998,0.59380001,0.62589997,0.26589999,0.0071,0.52209997,0.4025,0.16689999,0.1495,0.1485,0.1372,0.1561,0.22400001,0.26539999,0.2458,0.28220001,0.038400002,0.0055,0.2173,0.1478,0.1451,0.1193,0.1087,0.1099,0.1088,0.1235,0.1392,0.1276,0.1504,0.0209,0.0008,0.15880001,0.1216
67927,0.156,0.15369999,0.1628,0.19320001,0.1751,0.1978,0.22409999,0.2314,0.23819999,0.037900001,0.0013,0.23119999,0.1733,El Gazira_41,POINT (32.72198860448288 14.340309580008084),0.14749999,0.1279,0.1199,0.1312,0.13169999,0.1471,0.15800001,0.1441,0.1693,0.0278,0.001,0.15549999,0.1199,0.4307,0.39809999,0.38710001,0.40720001,0.41620001,0.4506,0.475,0.43610001,0.49270001,0.2033,0.007,0.4506,0.39610001,0.169,0.14380001,0.14659999,0.1193,0.149,0.25350001,0.30880001,0.338,0.33160001,0.0548,0.0122,0.1903,0.1142,0.1358,0.1078,0.1027,0.090300001,0.1065,0.1487,0.1735,0.18089999,0.18880001,0.0246,0.0011,0.1391,0.0832
14465,0.1533,0.14650001,0.1517,0.1832,0.18780001,0.2026,0.22759999,0.2084,0.24349999,0.037099998,0.0013,0.2445,0.18539999,El Gazira_41,POINT (32.695318238790534 14.36330495580786),0.1452,0.1238,0.1173,0.132,0.1285,0.13940001,0.15270001,0.1406,0.1604,0.0278,0.001,0.16140001,0.1245,0.50650001,0.505,0.48550001,0.51010001,0.50169998,0.52039999,0.54180002,0.54040003,0.55580002,0.2201,0.004,0.50120002,0.41940001,0.16329999,0.1418,0.1473,0.1189,0.148,0.25760001,0.30500001,0.28600001,0.32010001,0.046,0.0098,0.176,0.096500002,0.1357,0.1149,0.1233,0.096100003,0.1321,0.2402,0.299,0.27970001,0.32839999,0.0334,0.0009,0.18889999,0.089900002
70752,0.1533,0.1433,0.1523,0.1833,0.18179999,0.1973,0.2238,0.2132,0.2454,0.035500001,0.0011,0.2511,0.1925,El Gazira_41,POINT (32.72356289690222 14.339585316203367),0.1486,0.1339,0.1331,0.15620001,0.1542,0.1732,0.19220001,0.17990001,0.2057,0.0312,0.001,0.2177,0.1681,0.3784,0.36430001,0.35120001,0.34509999,0.32929999,0.34459999,0.3689,0.3953,0.39309999,0.1727,0.0062,0.36269999,0.31810001,0.1674,0.1408,0.13330001,0.1323,0.1349,0.1797,0.21,0.18700001,0.2173,0.042800002,0.0118,0.16240001,0.1195,0.1336,0.1099,0.099,0.098700002,0.095299996,0.1106,0.1245,0.1105,0.1301,0.0177,0.0013,0.1097,0.0787
2630,0.1561,0.153,0.15800001,0.1867,0.1794,0.20290001,0.2308,0.21179999,0.25209999,0.035100002,0.0011,0.25690001,0.1928,El Gazira_41,POINT (32.70976468687389 14.368012670538524),0.1529,0.1296,0.123,0.1322,0.1354,0.15889999,0.1848,0.1495,0.1996,0.031800002,0.0009,0.1947,0.142,0.57300001,0.5837,0.57050002,0.6045,0.60570002,0.62519997,0.63840002,0.616,0.64700001,0.26539999,0.0078,0.55909997,0.4249,0.1621,0.1382,0.1441,0.112,0.1463,0.26120001,0.31439999,0.31349999,0.34200001,0.0418,0.0056,0.19140001,0.1016,0.1455,0.1201,0.1228,0.1091,0.13600001,0.2154,0.26269999,0.258,0.29229999,0.028,0.001,0.2159,0.1178
5075,0.1407,0.1199,0.1141,0.1248,0.1235,0.133,0.147,0.1356,0.15790001,0.025800001,0.0011,0.1561,0.1233,El Gazira_41,POINT (32.69642950402772 14.366835741855859),0.1427,0.1182,0.1102,0.1194,0.1185,0.1277,0.1419,0.1279,0.1485,0.0252,0.001,0.1514,0.1175,0.51670003,0.52740002,0.51050001,0.53869998,0.53329998,0.55049998,0.56910002,0.55699998,0.58099997,0.2229,0.0048,0.51800001,0.41389999,0.1605,0.1391,0.1417,0.1095,0.1391,0.26949999,0.32550001,0.31079999,0.346,0.0512,0.0077,0.182,0.092699997,0.1345,0.1142,0.1244,0.094,0.132,0.2483,0.30700001,0.276,0.33090001,0.033799998,0.0008,0.178,0.083700001
72695,0.156,0.1418,0.1505,0.1732,0.18719999,0.22040001,0.24950001,0.24169999,0.28040001,0.037,0.0012,0.2658,0.18889999,El Gazira_41,POINT (32.70346751719653 14.339042118349829),0.1525,0.1357,0.1371,0.156,0.1661,0.19850001,0.22920001,0.22139999,0.2511,0.0325,0.0009,0.2393,0.1698,0.41870001,0.4174,0.39680001,0.41870001,0.4199,0.44159999,0.4628,0.44209999,0.46990001,0.1742,0.0037,0.4513,0.36379999,0.1743,0.1575,0.15459999,0.1472,0.1595,0.2295,0.26820001,0.26480001,0.2886,0.0486,0.0156,0.20909999,0.1389,0.1357,0.12540001,0.1195,0.1267,0.1165,0.1348,0.1557,0.1723,0.1638,0.0162,0.0009,0.1494,0.101
113194,0.16159999,0.1657,0.1779,0.2244,0.2221,0.2419,0.2744,0.2559,0.296,0.042,0.0011,0.28729999,0.21089999,El Gazira_41,POINT (32.71263545540327 14.326276968791685),0.1628,0.151,0.1534,0.1866,0.1891,0.204,0.2265,0.2086,0.24600001,0.0358,0.0012,0.25119999,0.1846,0.37349999,0.34940001,0.34940001,0.35980001,0.3646,0.3822,0.40180001,0.38949999,0.41350001,0.1592,0.0046,0.39660001,0.3382,0.17900001,0.15620001,0.1514,0.1541,0.1582,0.1944,0.2245,0.2058,0.2374,0.0517,0.0189,0.1793,0.1372,0.1322,0.1051,0.087,0.083499998,0.077600002,0.0933,0.099100001,0.094499998,0.1064,0.0189,0.0024,0.0893,0.064599998
34230,0.1503,0.13590001,0.1367,0.1621,0.15719999,0.17560001,0.20029999,0.19589999,0.2163,0.034899998,0.0013,0.2105,0.1557,El Gazira_41,POINT (32.702541462832215 14.35560965288274),0.1517,0.13150001,0.1293,0.14569999,0.14030001,0.1608,0.1804,0.17470001,0.1901,0.0317,0.001,0.19,0.1393,0.6189,0.59530002,0.61150002,0.66189998,0.66369998,0.6857,0.71160001,0.65439999,0.72479999,0.29179999,0.0047,0.61019999,0.46329999,0.1653,0.145,0.1419,0.137,0.1485,0.2042,0.2414,0.22059999,0.25639999,0.040399998,0.0078,0.1859,0.1199,0.1443,0.1239,0.1196,0.127,0.1251,0.14929999,0.17129999,0.1608,0.1807,0.0208,0.0007,0.15360001,0.1096
80798,0.149,0.127,0.1245,0.1388,0.142,0.151,0.1715,0.154,0.18350001,0.0319,0.001,0.1903,0.15260001,El Gazira_41,POINT (32.7310639372532 14.337050392886855),0.1462,0.1278,0.1215,0.1336,0.1309,0.14489999,0.1578,0.1476,0.1717,0.028,0.001,0.173,0.1381,0.3263,0.32159999,0.31169999,0.31549999,0.31290001,0.339,0.35620001,0.34920001,0.36500001,0.1366,0.0069,0.34830001,0.2861,0.1627,0.13680001,0.141,0.1092,0.145,0.3109,0.4007,0.34540001,0.42559999,0.060600001,0.0103,0.20460001,0.1016,0.1296,0.1091,0.0862,0.076700002,0.091899998,0.13770001,0.1608,0.1459,0.1779,0.0284,0.008,0.1175,0.067900002
51466,0.1594,0.1418,0.14560001,0.16580001,0.17900001,0.20290001,0.2289,0.2057,0.2499,0.0398,0.0011,0.26589999,0.1971,El Gazira_41,POINT (32.72337768602936 14.345107827714337),0.15629999,0.1336,0.1301,0.14749999,0.1515,0.17110001,0.1921,0.1759,0.2124,0.0348,0.0009,0.23100001,0.1719,0.44909999,0.4474,0.44800001,0.46419999,0.45230001,0.47549999,0.49950001,0.49430001,0.5194,0.2122,0.006,0.47490001,0.40779999,0.1701,0.1477,0.1424,0.139,0.1469,0.192,0.22480001,0.2005,0.2396,0.042300001,0.0104,0.19230001,0.1418,0.1336,0.1005,0.082599998,0.077100001,0.074100003,0.0832,0.094300002,0.083700001,0.0977,0.0149,0.0008,0.088799998,0.064300001
54120,0.1564,0.15019999,0.1645,0.1901,0.1814,0.1934,0.21879999,0.20559999,0.2352,0.035500001,0.0011,0.266,0.2146,El Gazira_41,POINT (32.71661748916984 14.34393089903167),0.15620001,0.1473,0.15109999,0.1727,0.1707,0.1882,0.20829999,0.1917,0.2227,0.0356,0.0012,0.25220001,0.2035,0.4434,0.37850001,0.37909999,0.40059999,0.42910001,0.46560001,0.494,0.4131,0.51590002,0.1868,0.0048,0.46669999,0.41370001,0.184,0.166,0.1636,0.177,0.1796,0.21960001,0.25130001,0.2322,0.2683,0.051100001,0.0129,0.242,0.18979999,0.1441,0.138,0.12630001,0.1418,0.1327,0.1489,0.1674,0.16320001,0.1776,0.0208,0.001,0.1841,0.1364
69423,0.15790001,0.146,0.1499,0.1805,0.1785,0.19580001,0.22,0.20909999,0.24079999,0.038800001,0.0013,0.2748,0.22130001,El Gazira_41,POINT (32.73069351550747 14.339947448105725),0.14579999,0.1226,0.1186,0.1259,0.1336,0.1552,0.1707,0.1548,0.18700001,0.0294,0.0009,0.1982,0.1506,0.36520001,0.34439999,0.33,0.3396,0.3432,0.3707,0.39520001,0.3723,0.41190001,0.1584,0.0054,0.38229999,0.3396,0.1613,0.13339999,0.13169999,0.1029,0.1311,0.33410001,0.43540001,0.392,0.4578,0.054,0.0097,0.18960001,0.095799997,0.1303,0.1054,0.0902,0.086400002,0.0867,0.1063,0.1228,0.1211,0.1328,0.029100001,0.0059,0.1191,0.0783
110476,0.14749999,0.1383,0.141,0.1653,0.1699,0.1856,0.20829999,0.18700001,0.2255,0.0314,0.0011,0.2286,0.18080001,El Gazira_41,POINT (32.72791535241451 14.327272831523171),0.1441,0.1223,0.1152,0.12620001,0.1249,0.1401,0.15350001,0.1407,0.1622,0.027100001,0.001,0.1621,0.12540001,0.3197,0.37810001,0.3511,0.3556,0.3488,0.36989999,0.39109999,0.3942,0.39969999,0.12639999,0.0047,0.38049999,0.32010001,0.16500001,0.14030001,0.1462,0.1151,0.14910001,0.306,0.3716,0.3267,0.3944,0.058400001,0.012,0.20460001,0.1053,0.1248,0.097400002,0.088699996,0.079,0.092600003,0.1401,0.1655,0.1445,0.1811,0.0234,0.0032,0.12540001,0.066299997
2714,0.14740001,0.129,0.127,0.1388,0.1406,0.1498,0.16850001,0.15350001,0.17730001,0.0277,0.0012,0.15189999,0.1081,El Gazira_41,POINT (32.701522803031466 14.367922137562934),0.14920001,0.1339,0.1268,0.1383,0.13860001,0.1549,0.1741,0.1558,0.1839,0.0272,0.0009,0.1874,0.145,0.45910001,0.41670001,0.3881,0.4082,0.41890001,0.45539999,0.491,0.43259999,0.51279998,0.20100001,0.0042,0.43340001,0.38479999,0.16159999,0.1408,0.1388,0.1191,0.1452,0.2642,0.3211,0.3145,0.3418,0.045400001,0.007,0.2017,0.1226,0.13689999,0.1148,0.1162,0.0906,0.1213,0.26789999,0.33880001,0.3134,0.37130001,0.037500001,0.0009,0.1935,0.0964
95565,0.149,0.13779999,0.13940001,0.1664,0.1617,0.1781,0.1992,0.19509999,0.21950001,0.0345,0.0011,0.2269,0.17730001,El Gazira_41,POINT (32.73161956987179 14.332704810058551),0.1453,0.1236,0.1166,0.1259,0.12819999,0.1424,0.1574,0.147,0.1727,0.0288,0.0009,0.18629999,0.1455,0.32280001,0.2395,0.2299,0.24330001,0.2626,0.30140001,0.33680001,0.26179999,0.35710001,0.1393,0.0062,0.31380001,0.28709999,0.1674,0.14579999,0.13959999,0.1374,0.1472,0.2036,0.2414,0.2193,0.25400001,0.044,0.0108,0.19670001,0.1407,0.13680001,0.1187,0.1083,0.1033,0.1066,0.1305,0.145,0.13789999,0.145,0.0289,0.0094,0.1353,0.087700002
60992,0.1605,0.14830001,0.1516,0.1754,0.174,0.1893,0.2137,0.2006,0.2299,0.035,0.0013,0.2473,0.20280001,El Gazira_41,POINT (32.72300726428363 14.342120239519877),0.1551,0.1399,0.13429999,0.1499,0.14749999,0.1636,0.1797,0.17039999,0.1953,0.031300001,0.0011,0.20919999,0.1705,0.43439999,0.4061,0.40360001,0.42160001,0.4192,0.4436,0.47260001,0.4413,0.48809999,0.2043,0.0072,0.4418,0.3818,0.1723,0.146,0.1384,0.138,0.1433,0.1815,0.2085,0.1912,0.22149999,0.042800002,0.0112,0.1816,0.139,0.13959999,0.11,0.0964,0.093199998,0.095,0.1083,0.1222,0.1037,0.1283,0.0156,0.0008,0.1112,0.084399998
127019,0.154,0.142,0.1418,0.1608,0.168,0.18539999,0.2061,0.1929,0.22849999,0.0341,0.001,0.2296,0.17309999,El Gazira_41,POINT (32.72800795785095 14.321750320012201),0.14920001,0.1312,0.1241,0.1388,0.1409,0.1626,0.17730001,0.1585,0.1943,0.030300001,0.001,0.2106,0.16689999,0.26429999,0.24680001,0.2335,0.2198,0.22310001,0.2527,0.2762,0.27419999,0.29030001,0.094099998,0.0036,0.26620001,0.20630001,0.1696,0.1441,0.1418,0.1223,0.1418,0.23890001,0.30770001,0.2877,0.3188,0.0567,0.0144,0.1865,0.115,0.1328,0.1104,0.0986,0.090700001,0.098499998,0.1441,0.1698,0.1604,0.1866,0.0307,0.0032,0.12970001,0.076700002
5023,0.1508,0.1432,0.1445,0.1715,0.1693,0.189,0.2157,0.2022,0.2394,0.032900002,0.0011,0.26159999,0.1996,El Gazira_41,POINT (32.71245024453041 14.366926274831448),0.1566,0.1383,0.13420001,0.152,0.15279999,0.1699,0.1877,0.17569999,0.2087,0.033,0.0011,0.2351,0.1824,0.55779999,0.56480002,0.54439998,0.5686,0.56709999,0.5869,0.6099,0.58960003,0.62,0.2536,0.0075,0.51520002,0.39390001,0.1665,0.14920001,0.1463,0.14380001,0.1539,0.21070001,0.24439999,0.2226,0.26230001,0.037500001,0.0056,0.21269999,0.1504,0.1415,0.1194,0.1059,0.1093,0.1087,0.1241,0.14139999,0.1294,0.1524,0.0175,0.0006,0.1604,0.1275
10866,0.155,0.1278,0.122,0.1304,0.1364,0.1459,0.1639,0.1429,0.17820001,0.033,0.0011,0.1786,0.14120001,El Gazira_41,POINT (32.70439357156085 14.364662950441705),0.15440001,0.1279,0.1169,0.1258,0.1229,0.1337,0.1478,0.1356,0.15880001,0.0295,0.001,0.15260001,0.1147,0.3457,0.2464,0.2597,0.3001,0.3175,0.36179999,0.39109999,0.255,0.39030001,0.1279,0.0042,0.3373,0.278,0.1595,0.137,0.1426,0.106,0.1408,0.30939999,0.39089999,0.35690001,0.41800001,0.045600001,0.0069,0.2023,0.098800004,0.1402,0.1174,0.1214,0.098899998,0.129,0.2314,0.2818,0.26949999,0.31920001,0.030200001,0.0009,0.2243,0.1154
13057,0.1621,0.1574,0.1679,0.2014,0.2005,0.2198,0.2436,0.2308,0.27079999,0.0391,0.0012,0.26890001,0.2006,El Gazira_41,POINT (32.70300449001437 14.363848153661399),0.1574,0.15109999,0.15109999,0.1785,0.16429999,0.1796,0.19930001,0.2001,0.2142,0.031,0.0009,0.21870001,0.1653,0.40270001,0.45640001,0.43340001,0.44029999,0.42309999,0.4357,0.45089999,0.47940001,0.4569,0.1604,0.0043,0.4201,0.33149999,0.16429999,0.14669999,0.1481,0.1372,0.15809999,0.2413,0.2854,0.26710001,0.30610001,0.0438,0.0072,0.1988,0.1226,0.13950001,0.1233,0.1194,0.1193,0.1259,0.1742,0.2071,0.17900001,0.22400001,0.0277,0.0008,0.14380001,0.084
6012,0.1402,0.1207,0.1146,0.1249,0.1228,0.1321,0.14579999,0.13500001,0.1552,0.0256,0.0011,0.1551,0.1226,El Gazira_41,POINT (32.696985136646305 14.366473609953498),0.1426,0.1181,0.1079,0.1216,0.1169,0.1259,0.1391,0.1293,0.1477,0.024900001,0.001,0.1469,0.115,0.52240002,0.50529999,0.50040001,0.53600001,0.53960001,0.56080002,0.58780003,0.54259998,0.60149997,0.2263,0.0053,0.53009999,0.43079999,0.1605,0.141,0.1432,0.1193,0.1433,0.2811,0.34979999,0.27489999,0.3601,0.047,0.0076,0.18179999,0.093099996,0.134,0.1104,0.1108,0.0893,0.1238,0.19769999,0.2385,0.1972,0.25729999,0.0279,0.0008,0.1485,0.071
110754,0.1481,0.13349999,0.1375,0.1578,0.1726,0.19149999,0.2137,0.1837,0.2304,0.0328,0.0013,0.229,0.17560001,El Gazira_41,POINT (32.72958225027029 14.327182298547582),0.1461,0.13160001,0.1267,0.13689999,0.1489,0.17380001,0.1964,0.17389999,0.208,0.029200001,0.001,0.2049,0.1539,0.33539999,0.3637,0.34130001,0.3475,0.3513,0.37619999,0.39250001,0.3845,0.4014,0.139,0.005,0.38460001,0.31459999,0.16580001,0.14129999,0.14300001,0.1162,0.1486,0.2687,0.34470001,0.3425,0.36300001,0.058800001,0.0118,0.20649999,0.1199,0.12620001,0.1017,0.094,0.085699998,0.0906,0.115,0.131,0.1393,0.1419,0.023800001,0.0032,0.121,0.074699998
105184,0.1551,0.1384,0.1434,0.166,0.1947,0.2068,0.2297,0.1913,0.25369999,0.0319,0.0009,0.253,0.19329999,El Gazira_41,POINT (32.71282066627614 14.329083491034964),0.15260001,0.1286,0.1213,0.1435,0.1574,0.17829999,0.20119999,0.16320001,0.22040001,0.0306,0.0008,0.2184,0.1655,0.43900001,0.38029999,0.37670001,0.42109999,0.43110001,0.4567,0.4835,0.42469999,0.5036,0.1997,0.0052,0.45469999,0.40669999,0.1754,0.1521,0.14309999,0.1418,0.1453,0.1953,0.2261,0.2094,0.2406,0.0526,0.0157,0.17209999,0.1222,0.1269,0.1011,0.087899998,0.077799998,0.084600002,0.1453,0.1769,0.1522,0.18170001,0.020400001,0.0012,0.1093,0.0605
66035,0.15279999,0.1363,0.1401,0.163,0.1673,0.1837,0.20990001,0.19220001,0.22939999,0.0356,0.0011,0.2343,0.17640001,El Gazira_41,POINT (32.7033749117601 14.340762244886033),0.1504,0.12980001,0.1258,0.1417,0.14579999,0.15979999,0.1804,0.1621,0.1929,0.0321,0.001,0.19949999,0.1531,0.4068,0.376,0.3804,0.4059,0.40329999,0.42820001,0.45649999,0.4084,0.472,0.17110001,0.0033,0.4314,0.3538,0.17110001,0.1508,0.1398,0.1376,0.14300001,0.17919999,0.2059,0.1874,0.21529999,0.0455,0.0149,0.1688,0.1258,0.138,0.1145,0.1061,0.1115,0.1066,0.1179,0.13420001,0.1226,0.1384,0.0167,0.0008,0.1256,0.096199997
36285,0.1557,0.14300001,0.1512,0.17560001,0.17209999,0.1925,0.21349999,0.2061,0.2386,0.0376,0.0011,0.24680001,0.19069999,El Gazira_41,POINT (32.724488951266544 14.354704323126843),0.1547,0.138,0.13339999,0.153,0.1495,0.168,0.18179999,0.17560001,0.2036,0.034,0.001,0.21619999,0.16680001,0.36289999,0.4382,0.41729999,0.44069999,0.42340001,0.41389999,0.41370001,0.46610001,0.40689999,0.1534,0.0062,0.4102,0.29769999,0.1679,0.14910001,0.1468,0.1479,0.15440001,0.2149,0.25,0.2305,0.26949999,0.0414,0.0071,0.21349999,0.149,0.1345,0.1054,0.092,0.091,0.095399998,0.1033,0.12639999,0.1021,0.1274,0.0164,0.0008,0.119,0.084799998
57795,0.153,0.13950001,0.1428,0.16949999,0.16329999,0.1761,0.2,0.198,0.2183,0.034200002,0.0009,0.2279,0.17739999,El Gazira_41,POINT (32.70633828572591 14.342935036300185),0.1479,0.12970001,0.1237,0.1417,0.14049999,0.1548,0.169,0.16150001,0.1848,0.028100001,0.001,0.1918,0.1485,0.55720001,0.52090001,0.52179998,0.57459998,0.57239997,0.59909999,0.62370002,0.57810003,0.63840002,0.26460001,0.0046,0.5952,0.4799,0.16689999,0.15279999,0.14560001,0.1375,0.1476,0.1971,0.2288,0.2245,0.2395,0.041700002,0.0134,0.1829,0.1313,0.141,0.1164,0.1073,0.1153,0.1176,0.1287,0.1487,0.13160001,0.1558,0.018200001,0.0011,0.1496,0.1124
74746,0.15369999,0.13330001,0.138,0.1517,0.1706,0.20389999,0.2314,0.2234,0.2492,0.0361,0.0011,0.23019999,0.1708,El Gazira_41,POINT (32.69679992577344 14.33849892049629),0.1505,0.1268,0.12639999,0.1375,0.1498,0.1789,0.1998,0.1829,0.21439999,0.032699998,0.001,0.19670001,0.1432,0.43689999,0.42559999,0.41549999,0.43079999,0.4289,0.44490001,0.4702,0.46169999,0.4781,0.1769,0.0036,0.4438,0.3477,0.1778,0.1582,0.1532,0.15019999,0.1602,0.2158,0.2491,0.2273,0.2626,0.0521,0.0198,0.1902,0.133,0.1446,0.1235,0.1161,0.12,0.1245,0.1531,0.1772,0.1523,0.1825,0.0212,0.0008,0.1558,0.1111
53062,0.15090001,0.14470001,0.1498,0.1789,0.1913,0.2247,0.2624,0.2376,0.28510001,0.0391,0.0011,0.2789,0.19580001,El Gazira_41,POINT (32.73060091007104 14.344383563909618),0.15009999,0.1367,0.1347,0.15620001,0.1661,0.20039999,0.2247,0.2001,0.24510001,0.034600001,0.001,0.25479999,0.17910001,0.39739999,0.3786,0.37329999,0.3978,0.39879999,0.4201,0.43759999,0.41569999,0.4434,0.17900001,0.0061,0.41510001,0.35710001,0.1683,0.1451,0.1417,0.1452,0.1582,0.2172,0.2572,0.21619999,0.27419999,0.043200001,0.0101,0.21960001,0.1508,0.1246,0.1024,0.0884,0.084200002,0.0875,0.112,0.1285,0.1111,0.13850001,0.0154,0.0014,0.1073,0.071199998
50609,0.15459999,0.1481,0.1534,0.1864,0.1864,0.2016,0.23019999,0.21870001,0.25240001,0.0365,0.0013,0.26519999,0.20630001,El Gazira_41,POINT (32.72976746114315 14.345560492592284),0.1504,0.1365,0.13680001,0.1577,0.15710001,0.17380001,0.19149999,0.1797,0.21179999,0.0319,0.001,0.2279,0.1772,0.36469999,0.3353,0.3168,0.34189999,0.3524,0.37990001,0.40380001,0.3475,0.41370001,0.1675,0.0051,0.3757,0.3229,0.1682,0.1427,0.13510001,0.1346,0.13789999,0.1789,0.20829999,0.1908,0.2242,0.0425,0.0098,0.18279999,0.1373,0.121,0.091399997,0.075400002,0.068800002,0.066799998,0.076300003,0.085,0.0744,0.0884,0.0121,0.0008,0.076899998,0.057300001
28211,0.1584,0.1435,0.1462,0.1733,0.17649999,0.192,0.21340001,0.1948,0.23450001,0.0359,0.0011,0.25889999,0.20730001,El Gazira_41,POINT (32.70976468687389 14.35814457619925),0.14489999,0.1187,0.1074,0.1103,0.1117,0.1219,0.1344,0.1199,0.1453,0.0255,0.0008,0.1399,0.1008,0.68260002,0.64810002,0.65289998,0.70099998,0.69950002,0.7159,0.74070001,0.68550003,0.74769998,0.3344,0.0056,0.5478,0.40329999,0.1591,0.13510001,0.1454,0.1051,0.1436,0.29609999,0.36669999,0.34729999,0.39129999,0.0479,0.0065,0.20190001,0.1,0.13860001,0.1185,0.125,0.1068,0.1432,0.2378,0.28560001,0.26089999,0.32910001,0.033500001,0.0007,0.244,0.1268
53864,0.1561,0.1428,0.1426,0.1696,0.1718,0.19220001,0.2218,0.2104,0.2498,0.0358,0.0012,0.28729999,0.2182,El Gazira_41,POINT (32.719580863135654 14.34402143200726),0.152,0.1428,0.1402,0.16159999,0.16779999,0.191,0.2173,0.207,0.24609999,0.033,0.001,0.28150001,0.211,0.41839999,0.29210001,0.28200001,0.40400001,0.3987,0.4233,0.43689999,0.30939999,0.44569999,0.1955,0.0041,0.4237,0.35980001,0.17820001,0.16,0.16,0.168,0.1744,0.2295,0.26930001,0.2536,0.3026,0.0519,0.0118,0.2762,0.2009,0.1402,0.1243,0.1164,0.1245,0.1199,0.1416,0.1608,0.1591,0.1769,0.0174,0.0008,0.1592,0.1074
123600,0.1504,0.1329,0.13259999,0.1534,0.1426,0.1574,0.17569999,0.17380001,0.19140001,0.031800002,0.001,0.1857,0.14659999,El Gazira_41,POINT (32.7226368425379 14.322836715719276),0.149,0.1275,0.1207,0.137,0.13169999,0.14820001,0.1568,0.1514,0.17120001,0.0308,0.0012,0.16769999,0.1259,0.37419999,0.34920001,0.348,0.3788,0.38190001,0.4061,0.4289,0.3935,0.4391,0.16689999,0.006,0.43709999,0.36210001,0.1789,0.151,0.1455,0.1417,0.149,0.2045,0.2367,0.2137,0.2441,0.0532,0.017,0.1706,0.121,0.1436,0.112,0.1026,0.098300003,0.094899997,0.1157,0.1303,0.1243,0.1292,0.034200002,0.0058,0.1112,0.074500002
24124,0.1568,0.1522,0.15809999,0.18970001,0.1804,0.1925,0.215,0.2129,0.2305,0.0347,0.0011,0.2387,0.1869,El Gazira_41,POINT (32.70346751719653 14.359683636784274),0.1476,0.1261,0.1177,0.12720001,0.1251,0.1345,0.14920001,0.13600001,0.15790001,0.025800001,0.001,0.16069999,0.1259,0.4686,0.44510001,0.43740001,0.46470001,0.47260001,0.496,0.51859999,0.4745,0.5262,0.1938,0.0037,0.4384,0.32710001,0.15970001,0.13680001,0.1416,0.1066,0.14229999,0.30309999,0.3759,0.3414,0.39520001,0.049,0.0071,0.20810001,0.1039,0.1364,0.117,0.1209,0.099100001,0.1305,0.21170001,0.25459999,0.24070001,0.28690001,0.0311,0.0008,0.20900001,0.1121
20098,0.1629,0.1506,0.1508,0.1743,0.17290001,0.1884,0.2085,0.1965,0.22830001,0.0369,0.0012,0.24590001,0.2006,El Gazira_41,POINT (32.70448617699728 14.361222697369298),0.1638,0.1416,0.13940001,0.1569,0.1561,0.1693,0.1855,0.1732,0.2044,0.0341,0.001,0.2219,0.177,0.32319999,0.42910001,0.39570001,0.354,0.31459999,0.306,0.30340001,0.4472,0.30779999,0.1187,0.0038,0.2958,0.21439999,0.1706,0.15189999,0.15009999,0.14300001,0.1574,0.2217,0.25839999,0.24330001,0.281,0.042100001,0.0074,0.2112,0.14380001,0.14830001,0.1318,0.1258,0.13420001,0.12809999,0.1459,0.1661,0.1594,0.17910001,0.021400001,0.0008,0.1851,0.1435
93483,0.1522,0.1432,0.1522,0.16869999,0.1611,0.1847,0.2086,0.21179999,0.2237,0.033,0.0011,0.2229,0.1622,El Gazira_41,POINT (32.71430235325904 14.333429073863268),0.14839999,0.1337,0.1348,0.1442,0.1429,0.16249999,0.18279999,0.1795,0.1877,0.026900001,0.0008,0.13079999,0.0902,0.3775,0.3809,0.353,0.36790001,0.37450001,0.3994,0.41409999,0.40619999,0.41980001,0.16689999,0.0054,0.40200001,0.33419999,0.1741,0.1565,0.15449999,0.1452,0.15180001,0.22409999,0.26010001,0.25709999,0.2784,0.0501,0.015,0.1679,0.1063,0.1283,0.1099,0.1004,0.099,0.090499997,0.1138,0.13349999,0.1296,0.1393,0.0169,0.0008,0.094400004,0.063600004
111101,0.1596,0.16500001,0.1816,0.23010001,0.2262,0.2427,0.27630001,0.2572,0.2942,0.0389,0.0011,0.289,0.2131,El Gazira_41,POINT (32.71337629889473 14.327001232596402),0.14740001,0.13,0.1234,0.1429,0.1541,0.1683,0.17839999,0.15279999,0.1964,0.0289,0.001,0.206,0.15530001,0.3691,0.28459999,0.27860001,0.32260001,0.31529999,0.33019999,0.3466,0.30590001,0.3653,0.1612,0.005,0.34459999,0.29570001,0.17659999,0.152,0.14489999,0.14489999,0.15279999,0.2022,0.23360001,0.20119999,0.2482,0.0504,0.0179,0.1841,0.1356,0.1356,0.1071,0.093900003,0.094,0.0973,0.112,0.1312,0.1055,0.1356,0.0245,0.0037,0.1173,0.081699997
43352,0.1552,0.149,0.15700001,0.1825,0.1752,0.1963,0.2236,0.226,0.23909999,0.0348,0.0013,0.24519999,0.1882,El Gazira_41,POINT (32.724859373012265 14.34963447649382),0.14480001,0.12980001,0.1274,0.1305,0.1371,0.16240001,0.1893,0.1899,0.1969,0.0286,0.0008,0.1892,0.1383,0.4364,0.39179999,0.3998,0.43169999,0.44010001,0.46489999,0.48390001,0.43720001,0.4991,0.20290001,0.0053,0.45840001,0.39770001,0.1646,0.14390001,0.14309999,0.1269,0.15019999,0.25279999,0.3012,0.2753,0.33219999,0.048500001,0.0089,0.2051,0.12530001,0.129,0.1036,0.095299996,0.081900001,0.094899997,0.14650001,0.1727,0.1656,0.1875,0.021500001,0.0009,0.12729999,0.070699997
144155,0.14659999,0.1283,0.12620001,0.1429,0.14929999,0.15889999,0.17839999,0.1533,0.1925,0.0311,0.0012,0.2087,0.168,El Gazira_41,POINT (32.7246741621394 14.31640887445241),0.1429,0.1192,0.1111,0.1166,0.1178,0.13079999,0.1419,0.1233,0.1533,0.026,0.001,0.1525,0.1133,0.32120001,0.28349999,0.2766,0.27309999,0.274,0.3116,0.33919999,0.32249999,0.3554,0.1398,0.0033,0.334,0.27669999,0.176,0.1521,0.1575,0.129,0.1608,0.29069999,0.34560001,0.32910001,0.36829999,0.0673,0.019300001,0.198,0.1066,0.1507,0.1261,0.1159,0.1082,0.1163,0.154,0.1753,0.16940001,0.1873,0.0455,0.0111,0.1433,0.094300002
75170,0.15530001,0.1463,0.15090001,0.1805,0.1762,0.1893,0.213,0.19840001,0.2299,0.032699998,0.0011,0.2321,0.1882,El Gazira_41,POINT (32.703189700887236 14.338408387520701),0.15009999,0.1296,0.1275,0.1436,0.1416,0.1552,0.1701,0.1556,0.18359999,0.0297,0.001,0.18539999,0.1451,0.4165,0.43430001,0.41069999,0.4249,0.42019999,0.4404,0.4619,0.46079999,0.47659999,0.17560001,0.0038,0.45109999,0.37360001,0.1735,0.1559,0.1497,0.14659999,0.15629999,0.2054,0.2383,0.22400001,0.248,0.0477,0.0162,0.18539999,0.13249999,0.1402,0.1158,0.105,0.1076,0.1046,0.1151,0.12980001,0.1141,0.1364,0.0167,0.0008,0.1185,0.089100003
78847,0.1559,0.13519999,0.1373,0.1559,0.1559,0.16680001,0.1908,0.1797,0.20469999,0.0341,0.0011,0.2026,0.14659999,El Gazira_41,POINT (32.71671009460627 14.337503057764804),0.14560001,0.1274,0.1206,0.1302,0.12909999,0.14650001,0.1595,0.15530001,0.1725,0.0273,0.0008,0.166,0.1288,0.42640001,0.38800001,0.39840001,0.4305,0.4278,0.4524,0.47889999,0.43360001,0.49880001,0.1919,0.006,0.44220001,0.37110001,0.1754,0.1565,0.1547,0.1451,0.15880001,0.2423,0.28830001,0.26629999,0.30829999,0.0572,0.0162,0.20029999,0.1336,0.1347,0.1094,0.1018,0.0832,0.0994,0.2066,0.25619999,0.213,0.274,0.0265,0.0005,0.1417,0.072899997
111919,0.1556,0.14470001,0.14929999,0.1776,0.1771,0.18889999,0.2131,0.20200001,0.2309,0.0356,0.0012,0.2455,0.1953,El Gazira_41,POINT (32.71643227829698 14.326729633669633),0.14740001,0.1208,0.1131,0.1245,0.1188,0.1309,0.1443,0.13600001,0.1523,0.0307,0.001,0.1696,0.1366,0.36649999,0.3213,0.3427,0.35510001,0.36179999,0.38260001,0.39919999,0.39590001,0.4066,0.162,0.0054,0.3901,0.3222,0.17649999,0.15019999,0.1409,0.1399,0.1452,0.1874,0.2221,0.1939,0.23360001,0.0524,0.0178,0.1733,0.12729999,0.1462,0.1127,0.1059,0.1073,0.1099,0.12800001,0.1444,0.1268,0.1541,0.032699998,0.0056,0.1354,0.097900003
112286,0.1516,0.1371,0.14120001,0.1645,0.1715,0.18960001,0.2146,0.19310001,0.2322,0.0339,0.0009,0.2183,0.159,El Gazira_41,POINT (32.726155849122314 14.326639100694043),0.14210001,0.1232,0.1145,0.1249,0.1229,0.13600001,0.1487,0.1381,0.1566,0.025800001,0.0009,0.16240001,0.12819999,0.29280001,0.3423,0.3134,0.31690001,0.31720001,0.33579999,0.354,0.36230001,0.36739999,0.1081,0.0043,0.34540001,0.28310001,0.1691,0.14929999,0.1461,0.13869999,0.15350001,0.2342,0.27829999,0.26100001,0.29859999,0.0561,0.013,0.1969,0.1302,0.1314,0.1084,0.1035,0.101,0.1056,0.132,0.1498,0.14030001,0.1619,0.0277,0.0058,0.1258,0.079
135416,0.161,0.1508,0.1517,0.17209999,0.1786,0.20469999,0.22679999,0.20640001,0.2481,0.036400001,0.001,0.2476,0.1831,El Gazira_41,POINT (32.706245680289484 14.319034330744511),0.154,0.1355,0.13249999,0.1426,0.1445,0.17389999,0.1936,0.1864,0.2098,0.032400001,0.0009,0.2051,0.1556,0.36939999,0.30840001,0.2924,0.31079999,0.31850001,0.35969999,0.3978,0.32839999,0.424,0.166,0.0038,0.36390001,0.3407,0.1785,0.162,0.1558,0.1461,0.1612,0.25389999,0.30450001,0.26210001,0.3213,0.063600004,0.0218,0.1974,0.1213,0.1274,0.1099,0.101,0.095100001,0.092699997,0.1215,0.1416,0.123,0.1564,0.0173,0.0017,0.1211,0.074199997
34917,0.1595,0.1512,0.1584,0.18790001,0.18529999,0.20020001,0.22579999,0.21259999,0.2441,0.0365,0.0011,0.2642,0.20990001,El Gazira_41,POINT (32.711616795602524 14.35533805395597),0.1478,0.1191,0.1072,0.1112,0.1102,0.1172,0.1292,0.1162,0.1358,0.0266,0.001,0.1157,0.079800002,0.58969998,0.5812,0.5632,0.59399998,0.59680003,0.62840003,0.65630001,0.61519998,0.67610002,0.28040001,0.0071,0.5273,0.4077,0.1591,0.1367,0.13500001,0.1219,0.1411,0.23890001,0.2888,0.25839999,0.30840001,0.0462,0.0064,0.18009999,0.099200003,0.1415,0.1182,0.1202,0.097800002,0.1294,0.2755,0.34459999,0.31779999,0.378,0.0376,0.001,0.2194,0.115
57094,0.15449999,0.14129999,0.14489999,0.17309999,0.17389999,0.1895,0.21259999,0.1998,0.23029999,0.035500001,0.0012,0.243,0.1917,El Gazira_41,POINT (32.70467138787014 14.343116102251363),0.14830001,0.1302,0.12540001,0.14210001,0.14210001,0.1569,0.17290001,0.16140001,0.1886,0.0295,0.001,0.19220001,0.1487,0.55540001,0.52689999,0.51480001,0.55110002,0.54949999,0.57980001,0.603,0.5729,0.62900001,0.26460001,0.0043,0.56910002,0.4585,0.16680001,0.1479,0.1391,0.13410001,0.1374,0.1753,0.2022,0.1948,0.2113,0.0413,0.0129,0.16670001,0.1234,0.14229999,0.1161,0.1063,0.1119,0.1102,0.1233,0.14049999,0.1247,0.1445,0.018300001,0.0009,0.1275,0.0937
119798,0.14920001,0.134,0.13420001,0.155,0.1628,0.1776,0.20119999,0.1761,0.2216,0.033,0.0011,0.22,0.1708,El Gazira_41,POINT (32.72754493066879 14.324104177377531),0.1453,0.1235,0.1138,0.1226,0.13249999,0.15109999,0.1666,0.1513,0.1858,0.029100001,0.001,0.1991,0.15459999,0.30630001,0.31490001,0.3066,0.3053,0.3087,0.3292,0.343,0.35089999,0.35519999,0.1201,0.0045,0.35120001,0.27200001,0.16670001,0.14120001,0.14560001,0.1087,0.1415,0.29879999,0.3705,0.41100001,0.3892,0.0565,0.0126,0.2031,0.1125,0.13680001,0.1041,0.1032,0.095299996,0.1067,0.14569999,0.1706,0.1689,0.18340001,0.0328,0.0062,0.1365,0.076399997
145812,0.1454,0.12,0.1128,0.1211,0.1177,0.12729999,0.1436,0.1338,0.1576,0.0288,0.0011,0.16869999,0.13510001,El Gazira_41,POINT (32.72430374039368 14.315775143623283),0.1425,0.1203,0.1101,0.1158,0.1147,0.1287,0.1424,0.13249999,0.15440001,0.0264,0.0009,0.1618,0.12630001,0.35319999,0.29570001,0.2692,0.3001,0.31079999,0.35100001,0.38780001,0.3229,0.40450001,0.15530001,0.004,0.391,0.3281,0.1771,0.15459999,0.159,0.1268,0.1594,0.306,0.38029999,0.3495,0.40700001,0.072800003,0.02,0.2059,0.1081,0.1507,0.1229,0.1161,0.1059,0.1172,0.15369999,0.17479999,0.16249999,0.1838,0.042100001,0.0109,0.1425,0.091799997
97819,0.15440001,0.14489999,0.15270001,0.1831,0.1829,0.2054,0.2305,0.217,0.2467,0.0354,0.0011,0.2396,0.18529999,El Gazira_41,POINT (32.71800657071632 14.331799480302655),0.1415,0.1188,0.1104,0.1208,0.1183,0.12800001,0.1382,0.12639999,0.1453,0.0251,0.001,0.1417,0.1125,0.40279999,0.3761,0.36219999,0.384,0.38960001,0.42309999,0.44909999,0.4023,0.47,0.1882,0.0047,0.4278,0.37639999,0.1727,0.14740001,0.152,0.1258,0.1569,0.27869999,0.32780001,0.303,0.3536,0.0594,0.0148,0.2,0.1163,0.13349999,0.1025,0.0946,0.084,0.103,0.1561,0.1865,0.1631,0.2049,0.029200001,0.0021,0.13940001,0.0779
2177,0.15019999,0.1346,0.1344,0.1568,0.1573,0.1724,0.1983,0.19930001,0.21969999,0.032200001,0.0011,0.2298,0.17129999,El Gazira_41,POINT (32.69846682362922 14.368193736489703),0.1522,0.1338,0.129,0.14300001,0.1443,0.168,0.1899,0.1927,0.2087,0.0307,0.0009,0.2094,0.1542,0.51029998,0.47639999,0.4736,0.4941,0.49849999,0.524,0.55299997,0.51929998,0.56840003,0.2262,0.0048,0.50419998,0.42120001,0.16419999,0.1411,0.1398,0.1227,0.14139999,0.2095,0.2527,0.26589999,0.27090001,0.04,0.0071,0.1901,0.1212,0.14300001,0.1243,0.1257,0.1218,0.13070001,0.1805,0.2095,0.23710001,0.23119999,0.026,0.0009,0.2045,0.1365
12964,0.1523,0.14309999,0.147,0.1763,0.17120001,0.18529999,0.206,0.19930001,0.2265,0.035100002,0.0012,0.23360001,0.18279999,El Gazira_41,POINT (32.69439218442622 14.363848153661399),0.1441,0.1226,0.1171,0.12909999,0.1258,0.13420001,0.1462,0.1374,0.15620001,0.026,0.001,0.1564,0.1223,0.55269998,0.55690002,0.54140002,0.58219999,0.58090001,0.6013,0.62550002,0.5916,0.63599998,0.243,0.0045,0.57889998,0.46610001,0.1631,0.1408,0.1434,0.1216,0.1425,0.25350001,0.3,0.2798,0.32049999,0.047,0.0101,0.1829,0.101,0.1348,0.1159,0.1202,0.096900001,0.1294,0.2387,0.29,0.27270001,0.3186,0.033799998,0.0009,0.19310001,0.092600003
46984,0.1549,0.1452,0.1499,0.173,0.1753,0.1911,0.21600001,0.2044,0.23289999,0.0343,0.0011,0.222,0.16150001,El Gazira_41,POINT (32.7287488013424 14.347461685079669),0.1436,0.1213,0.1138,0.1221,0.1197,0.13429999,0.14740001,0.139,0.1596,0.027,0.0009,0.16069999,0.1275,0.33590001,0.37740001,0.32069999,0.36570001,0.37549999,0.39570001,0.40650001,0.39050001,0.41209999,0.1362,0.0049,0.38260001,0.31380001,0.16150001,0.1376,0.1406,0.1133,0.1426,0.2753,0.3369,0.30930001,0.3612,0.0552,0.009,0.21,0.1161,0.1214,0.093500003,0.0845,0.0682,0.083700001,0.1309,0.15530001,0.1437,0.1726,0.02,0.0009,0.1098,0.055799998
102652,0.1541,0.1441,0.14920001,0.1727,0.1763,0.1983,0.22480001,0.2113,0.24070001,0.035100002,0.001,0.2353,0.17389999,El Gazira_41,POINT (32.71078334667464 14.329988820790861),0.1487,0.1258,0.1267,0.1285,0.1481,0.1837,0.20290001,0.1925,0.2177,0.0317,0.001,0.20100001,0.1494,0.399,0.35879999,0.35640001,0.39489999,0.396,0.4235,0.44440001,0.3926,0.45680001,0.1778,0.0051,0.4269,0.3732,0.1772,0.1487,0.1488,0.13410001,0.15800001,0.24339999,0.28209999,0.2798,0.301,0.059500001,0.0155,0.2,0.1301,0.12970001,0.1018,0.094499998,0.0871,0.1111,0.14659999,0.1689,0.1548,0.1822,0.0202,0.0009,0.13869999,0.092100002
71440,0.15719999,0.1494,0.1573,0.1886,0.1943,0.2279,0.25479999,0.2352,0.27860001,0.039299998,0.0012,0.26620001,0.19419999,El Gazira_41,POINT (32.72208120991932 14.339404250252187),0.14470001,0.1202,0.1119,0.1163,0.1223,0.1364,0.14929999,0.1329,0.1548,0.026900001,0.001,0.1322,0.096900001,0.41679999,0.42680001,0.41710001,0.4377,0.4411,0.46630001,0.4833,0.4655,0.486,0.1829,0.0068,0.46560001,0.39579999,0.16689999,0.14229999,0.14560001,0.1136,0.1489,0.30790001,0.38569999,0.34450001,0.41060001,0.0614,0.0131,0.2032,0.1024,0.1337,0.1177,0.1104,0.1149,0.1143,0.1513,0.1788,0.1664,0.19310001,0.023,0.0014,0.1621,0.094499998
108917,0.1523,0.146,0.1473,0.17209999,0.1666,0.1902,0.2237,0.2075,0.2352,0.034600001,0.001,0.2369,0.1807,El Gazira_41,POINT (32.727452325232356 14.32781602937671),0.14380001,0.125,0.1172,0.123,0.12710001,0.1568,0.1841,0.1577,0.192,0.0285,0.0009,0.17900001,0.1278,0.37889999,0.3202,0.31889999,0.35769999,0.36649999,0.39430001,0.41780001,0.35260001,0.43239999,0.1653,0.0058,0.39590001,0.34509999,0.16590001,0.1452,0.1463,0.1216,0.1461,0.2735,0.35030001,0.35429999,0.36520001,0.0574,0.0123,0.20110001,0.1124,0.12989999,0.1084,0.102,0.093900003,0.1061,0.1468,0.16769999,0.16320001,0.1781,0.028200001,0.0051,0.1357,0.068899997
86599,0.1551,0.1392,0.1399,0.1593,0.1737,0.188,0.2146,0.1816,0.2298,0.0345,0.0011,0.2362,0.1798,El Gazira_41,POINT (32.73236041336324 14.33560186527742),0.14390001,0.1236,0.1169,0.1257,0.1229,0.1357,0.1478,0.1418,0.15979999,0.0266,0.001,0.1689,0.13590001,0.30939999,0.2974,0.28670001,0.29030001,0.302,0.33520001,0.35190001,0.32319999,0.35890001,0.1265,0.0058,0.34259999,0.2798,0.1638,0.1353,0.1344,0.107,0.1443,0.31009999,0.3854,0.34549999,0.40790001,0.051399998,0.0105,0.1935,0.0946,0.1319,0.1056,0.094,0.084399998,0.1011,0.148,0.1741,0.1648,0.1875,0.033100002,0.0078,0.1207,0.068099998
34433,0.1506,0.13680001,0.1364,0.1611,0.17380001,0.1909,0.219,0.1857,0.2352,0.034200002,0.0012,0.24529999,0.1869,El Gazira_41,POINT (32.702911884577944 14.355519119907148),0.1541,0.137,0.13500001,0.1551,0.1613,0.1816,0.19949999,0.1759,0.2145,0.0314,0.001,0.2243,0.17129999,0.60470003,0.60460001,0.57440001,0.61150002,0.61760002,0.6426,0.66540003,0.63880002,0.6868,0.28479999,0.0048,0.55909997,0.41980001,0.1636,0.1444,0.1391,0.1346,0.145,0.20290001,0.2377,0.22409999,0.259,0.0409,0.0078,0.1926,0.1304,0.1464,0.1311,0.12800001,0.1434,0.1408,0.1617,0.1912,0.18629999,0.20550001,0.024800001,0.0007,0.2,0.1453
73063,0.1541,0.14569999,0.1531,0.17200001,0.1742,0.1992,0.2251,0.2141,0.24420001,0.0348,0.0011,0.2397,0.1902,El Gazira_41,POINT (32.70476399330658 14.33895158537424),0.1517,0.13410001,0.1309,0.1459,0.1453,0.1646,0.1869,0.1781,0.2018,0.033300001,0.001,0.20469999,0.1561,0.41319999,0.39950001,0.38980001,0.4181,0.41960001,0.4454,0.46309999,0.4237,0.47710001,0.1715,0.0037,0.44350001,0.37310001,0.1749,0.1552,0.1489,0.1462,0.154,0.2052,0.2368,0.2255,0.24690001,0.0499,0.015,0.1946,0.13779999,0.1389,0.1151,0.1094,0.1108,0.1043,0.1195,0.13519999,0.1339,0.14219999,0.018,0.0007,0.13339999,0.095399998
102412,0.1496,0.1434,0.1507,0.17550001,0.16060001,0.17120001,0.1947,0.2008,0.21870001,0.032,0.0011,0.2208,0.1707,El Gazira_41,POINT (32.711616795602524 14.33007935376645),0.1426,0.1202,0.1139,0.1177,0.1174,0.1401,0.15880001,0.15530001,0.1707,0.0298,0.0009,0.1605,0.1093,0.4549,0.38949999,0.39669999,0.42860001,0.435,0.46380001,0.491,0.43259999,0.50590003,0.2173,0.0066,0.45449999,0.4091,0.1733,0.146,0.1533,0.127,0.1542,0.2956,0.3646,0.34,0.3865,0.061700001,0.016,0.2024,0.1084,0.12639999,0.1043,0.1025,0.090300001,0.1037,0.18189999,0.22310001,0.18629999,0.25080001,0.024900001,0.0009,0.1418,0.070100002
4501,0.1531,0.1505,0.156,0.1881,0.18780001,0.2076,0.232,0.2194,0.25420001,0.035100002,0.0013,0.25220001,0.189,El Gazira_41,POINT (32.704578782433714 14.367107340782628),0.153,0.1348,0.1304,0.1432,0.1415,0.1569,0.1744,0.16140001,0.18960001,0.03,0.001,0.203,0.15620001,0.40360001,0.31639999,0.31490001,0.3378,0.35010001,0.3813,0.4172,0.32749999,0.43720001,0.1726,0.0039,0.3698,0.32390001,0.1605,0.14139999,0.1384,0.1242,0.14049999,0.2184,0.25729999,0.2394,0.27939999,0.040800001,0.0062,0.1859,0.114,0.1367,0.1099,0.1119,0.0814,0.1256,0.2712,0.33140001,0.3213,0.36500001,0.0365,0.0008,0.20379999,0.1044
105117,0.15109999,0.13500001,0.13330001,0.1564,0.1569,0.1714,0.19329999,0.1816,0.2089,0.033500001,0.0011,0.2139,0.1661,El Gazira_41,POINT (32.73004527745245 14.329174024010554),0.1453,0.1261,0.1205,0.1349,0.13429999,0.1476,0.1717,0.1569,0.1803,0.0283,0.001,0.1858,0.1442,0.3563,0.347,0.3362,0.3452,0.34540001,0.3721,0.39480001,0.3822,0.4109,0.1601,0.0066,0.39050001,0.3294,0.1679,0.1417,0.1365,0.1296,0.1393,0.1963,0.2313,0.2219,0.25029999,0.0438,0.0115,0.1758,0.1248,0.1276,0.099200003,0.0823,0.074600004,0.083400004,0.1259,0.1464,0.14030001,0.1505,0.0201,0.0029,0.1088,0.060800001
142136,0.15270001,0.1418,0.1436,0.17110001,0.1789,0.2016,0.22669999,0.2025,0.25479999,0.035500001,0.0011,0.25150001,0.1895,El Gazira_41,POINT (32.723099869720066 14.317042605281538),0.1455,0.1252,0.1201,0.12980001,0.13860001,0.1661,0.18359999,0.15790001,0.19220001,0.0307,0.0009,0.1934,0.1418,0.36790001,0.3858,0.36219999,0.3633,0.36649999,0.38850001,0.41249999,0.4251,0.43630001,0.1627,0.004,0.4296,0.34990001,0.1776,0.15459999,0.1529,0.1428,0.15700001,0.23540001,0.28330001,0.26539999,0.297,0.057100002,0.019,0.1903,0.1204,0.1542,0.1278,0.1197,0.1136,0.1187,0.15889999,0.18449999,0.1715,0.19840001,0.044500001,0.0104,0.1516,0.1052
108217,0.1508,0.1391,0.144,0.1611,0.1696,0.1912,0.2159,0.2089,0.2306,0.034400001,0.0012,0.2132,0.1604,El Gazira_41,POINT (32.71032031949248 14.327997095327888),0.14910001,0.13,0.1279,0.1424,0.1428,0.1753,0.19509999,0.1803,0.2119,0.0308,0.001,0.18889999,0.1415,0.37869999,0.4048,0.39070001,0.4086,0.39860001,0.41690001,0.43579999,0.44319999,0.44389999,0.1646,0.0046,0.4346,0.3689,0.1776,0.152,0.1503,0.1437,0.1587,0.2278,0.26980001,0.24259999,0.28819999,0.0603,0.0149,0.1965,0.1313,0.12970001,0.1125,0.1059,0.1087,0.1155,0.1432,0.1636,0.14480001,0.1745,0.0202,0.0016,0.1399,0.099
71260,0.1601,0.154,0.1622,0.1956,0.19939999,0.2182,0.2466,0.2264,0.26390001,0.037300002,0.0011,0.2714,0.21080001,El Gazira_41,POINT (32.70115238128574 14.339404250252187),0.1541,0.1374,0.13779999,0.15800001,0.163,0.1804,0.1989,0.1812,0.2158,0.0328,0.001,0.21870001,0.1648,0.43239999,0.46169999,0.44400001,0.4603,0.4576,0.4725,0.49,0.49790001,0.49540001,0.1803,0.0039,0.48559999,0.37900001,0.1715,0.14929999,0.14129999,0.1349,0.1388,0.1728,0.197,0.1847,0.2096,0.046100002,0.0162,0.1592,0.1207,0.1418,0.1158,0.1023,0.1026,0.1004,0.1122,0.12540001,0.1138,0.1344,0.0179,0.0008,0.1212,0.090099998
30950,0.1602,0.1498,0.154,0.18170001,0.1804,0.19859999,0.2238,0.2115,0.2454,0.0358,0.0012,0.2665,0.20919999,El Gazira_41,POINT (32.71245024453041 14.357058180492173),0.15109999,0.1309,0.12620001,0.1336,0.1269,0.1441,0.15809999,0.1548,0.1664,0.0285,0.0008,0.1621,0.1209,0.6336,0.62699997,0.60879999,0.63739997,0.64120001,0.66250002,0.69349998,0.65899998,0.71490002,0.2978,0.0051,0.5456,0.41,0.15989999,0.1339,0.13519999,0.1059,0.1398,0.28009999,0.34330001,0.33680001,0.3655,0.048099998,0.0063,0.18619999,0.096199997,0.1416,0.1146,0.1179,0.0911,0.1277,0.28200001,0.3461,0.33739999,0.39050001,0.036,0.001,0.208,0.097599998
88397,0.14920001,0.1399,0.1382,0.1629,0.1626,0.1749,0.1962,0.18179999,0.21600001,0.0308,0.0011,0.22849999,0.18610001,El Gazira_41,POINT (32.72995267201601 14.335149200399472),0.1425,0.1214,0.1139,0.1214,0.1231,0.14139999,0.1565,0.1452,0.1696,0.0274,0.0008,0.1752,0.1374,0.3348,0.32170001,0.30779999,0.31619999,0.31959999,0.33680001,0.35730001,0.3452,0.36809999,0.1417,0.0067,0.34810001,0.2929,0.1621,0.1408,0.1495,0.1124,0.1558,0.32179999,0.4003,0.3759,0.4296,0.0601,0.011,0.208,0.1027,0.1193,0.096900001,0.089100003,0.070900001,0.083700001,0.12639999,0.14669999,0.1453,0.1605,0.0252,0.0026,0.1084,0.055799998
136090,0.1577,0.1494,0.1567,0.1904,0.1866,0.20119999,0.2253,0.21950001,0.2462,0.035300002,0.0011,0.2694,0.2137,El Gazira_41,POINT (32.71430235325904 14.318853264793331),0.15019999,0.13860001,0.13869999,0.1627,0.15530001,0.1719,0.1876,0.18440001,0.2059,0.031,0.001,0.23019999,0.1839,0.2863,0.31400001,0.2202,0.2203,0.23100001,0.2595,0.28709999,0.343,0.3064,0.1105,0.0033,0.2608,0.2326,0.1794,0.1548,0.1424,0.1417,0.1476,0.1839,0.2079,0.1855,0.2192,0.053,0.022600001,0.1733,0.1327,0.14579999,0.1187,0.1082,0.1084,0.106,0.1213,0.1383,0.12970001,0.15180001,0.0325,0.0065,0.1318,0.1012
25789,0.1565,0.1435,0.144,0.16760001,0.1697,0.18189999,0.2075,0.1876,0.2236,0.035100002,0.0011,0.2324,0.1855,El Gazira_41,POINT (32.703282306323665 14.359049905955146),0.1469,0.1246,0.1162,0.1257,0.1241,0.13429999,0.1477,0.1349,0.1578,0.0261,0.001,0.1549,0.1202,0.46610001,0.43970001,0.43220001,0.4544,0.4508,0.47409999,0.5007,0.4684,0.51459998,0.19,0.0035,0.4073,0.30669999,0.1596,0.1384,0.14210001,0.1112,0.14480001,0.2687,0.31819999,0.308,0.33950001,0.045,0.0073,0.1972,0.1085,0.13609999,0.1164,0.1203,0.1017,0.1293,0.2113,0.25060001,0.2446,0.28330001,0.0309,0.0008,0.2102,0.1166
49040,0.15620001,0.1444,0.15009999,0.1831,0.18279999,0.19859999,0.2277,0.2234,0.2552,0.0374,0.0011,0.30320001,0.23,El Gazira_41,POINT (32.71671009460627 14.346284756397003),0.15440001,0.13869999,0.1391,0.16869999,0.1657,0.18279999,0.2086,0.20730001,0.2376,0.037300002,0.001,0.27810001,0.2129,0.51520002,0.46959999,0.47139999,0.50730002,0.5036,0.5284,0.55479997,0.51520002,0.57120001,0.24590001,0.0063,0.50910002,0.44150001,0.17749999,0.1593,0.1564,0.1689,0.17659999,0.2201,0.25229999,0.24250001,0.28310001,0.0484,0.0107,0.2647,0.1982,0.1428,0.12,0.1109,0.1199,0.121,0.1391,0.1583,0.1486,0.17550001,0.020300001,0.0008,0.1864,0.1256
14523,0.1556,0.1398,0.1382,0.1586,0.163,0.17730001,0.1954,0.177,0.21520001,0.0354,0.001,0.22400001,0.17730001,El Gazira_41,POINT (32.70068935410358 14.36330495580786),0.1473,0.1251,0.1167,0.1259,0.1232,0.1323,0.1455,0.133,0.15369999,0.0264,0.0009,0.15369999,0.1198,0.42120001,0.4267,0.42359999,0.45570001,0.4628,0.4833,0.5036,0.46340001,0.50830001,0.17290001,0.0037,0.4542,0.35089999,0.16769999,0.1464,0.1433,0.14120001,0.148,0.1997,0.2287,0.2113,0.2466,0.042300001,0.0077,0.18889999,0.13150001,0.1409,0.1117,0.1095,0.089900002,0.1116,0.27149999,0.33950001,0.30720001,0.3585,0.0325,0.001,0.2182,0.119
106794,0.13940001,0.1196,0.1199,0.1223,0.1309,0.1398,0.16060001,0.1471,0.1621,0.021400001,0.0009,0.089500003,0.056400001,El Gazira_41,POINT (32.7208773392457 14.328540293181426),0.1444,0.1205,0.1112,0.1198,0.1189,0.12970001,0.1398,0.1301,0.152,0.025800001,0.0009,0.1424,0.1065,0.3457,0.3021,0.2929,0.33,0.3301,0.3617,0.3779,0.3294,0.38249999,0.15440001,0.0042,0.36590001,0.31659999,0.1735,0.1485,0.1505,0.1242,0.1505,0.271,0.3326,0.31979999,0.35519999,0.066100001,0.0169,0.18350001,0.099799998,0.1321,0.1004,0.096900001,0.079400003,0.094499998,0.1504,0.17910001,0.1674,0.1934,0.030200001,0.0036,0.1261,0.071599998
97057,0.14910001,0.1312,0.133,0.15360001,0.1507,0.164,0.1832,0.1636,0.1901,0.0294,0.0009,0.1672,0.1277,El Gazira_41,POINT (32.71448756413191 14.332071079229424),0.1441,0.1242,0.117,0.12729999,0.1257,0.1372,0.1512,0.13940001,0.15549999,0.0262,0.001,0.15549999,0.1228,0.3506,0.3572,0.32690001,0.33590001,0.34540001,0.36919999,0.3926,0.38260001,0.41139999,0.18629999,0.005,0.37779999,0.33180001,0.1679,0.145,0.14229999,0.1154,0.15,0.28259999,0.3351,0.3114,0.353,0.054200001,0.0152,0.1592,0.0814,0.12549999,0.101,0.0906,0.071,0.093199998,0.16869999,0.20559999,0.18449999,0.2234,0.023800001,0.0008,0.1072,0.053
15698,0.153,0.1357,0.1382,0.15989999,0.16940001,0.18970001,0.21610001,0.19769999,0.2324,0.0367,0.0012,0.2393,0.1807,El Gazira_41,POINT (32.694947817044806 14.362852290929911),0.14579999,0.1258,0.1221,0.1339,0.13160001,0.1496,0.16419999,0.16249999,0.1788,0.0276,0.0009,0.17129999,0.1287,0.50669998,0.5424,0.52590001,0.54570001,0.54210001,0.56239998,0.58219999,0.58099997,0.60439998,0.2173,0.0041,0.53359997,0.43529999,0.16339999,0.14740001,0.1444,0.1349,0.14749999,0.2438,0.2931,0.262,0.313,0.048500001,0.0097,0.1969,0.1185,0.137,0.1239,0.1236,0.1213,0.12800001,0.2219,0.27649999,0.2262,0.29910001,0.034200002,0.0007,0.20559999,0.114
48893,0.15279999,0.14049999,0.145,0.1665,0.1671,0.1813,0.20280001,0.1868,0.2172,0.031599998,0.0011,0.22930001,0.1884,El Gazira_41,POINT (32.71930304682636 14.346375289372592),0.14830001,0.1261,0.1226,0.1376,0.1362,0.1471,0.1603,0.1468,0.17030001,0.0277,0.0009,0.17209999,0.13860001,0.4235,0.45919999,0.4445,0.4612,0.466,0.43830001,0.46070001,0.49430001,0.47659999,0.1892,0.0051,0.472,0.37189999,0.17479999,0.1592,0.1617,0.17649999,0.1972,0.25929999,0.30320001,0.27860001,0.32929999,0.05,0.0105,0.25659999,0.1718,0.1381,0.1105,0.1034,0.093,0.098800004,0.1073,0.1237,0.1105,0.1173,0.0148,0.0008,0.042100001,0.0234
16556,0.1594,0.15449999,0.1551,0.1812,0.1779,0.19239999,0.2164,0.20559999,0.23450001,0.035700001,0.0011,0.2423,0.18880001,El Gazira_41,POINT (32.70670870747164 14.362580692003144),0.1567,0.14929999,0.1468,0.168,0.1618,0.1776,0.1992,0.184,0.2137,0.0307,0.0011,0.2128,0.1631,0.3549,0.3484,0.3441,0.3585,0.3159,0.31850001,0.32600001,0.36579999,0.33219999,0.1407,0.0043,0.29809999,0.2245,0.1636,0.15090001,0.1513,0.13680001,0.155,0.2308,0.27250001,0.2467,0.2951,0.044300001,0.0067,0.19069999,0.1197,0.14740001,0.1374,0.12989999,0.14,0.13950001,0.1587,0.1837,0.1618,0.1946,0.026900001,0.0009,0.1841,0.1384
141773,0.1542,0.1469,0.153,0.1794,0.1793,0.2084,0.2362,0.2494,0.26820001,0.0383,0.0012,0.2674,0.1946,El Gazira_41,POINT (32.71735833266129 14.317133138257127),0.1472,0.13420001,0.1328,0.15,0.1408,0.1601,0.1821,0.1901,0.19220001,0.032,0.001,0.2102,0.1538,0.40189999,0.3955,0.371,0.39449999,0.39750001,0.42829999,0.4461,0.42300001,0.45680001,0.1869,0.0054,0.456,0.37889999,0.1794,0.15989999,0.1559,0.1532,0.1622,0.2173,0.25929999,0.26120001,0.2753,0.0552,0.0185,0.21080001,0.1489,0.14830001,0.1256,0.1144,0.1115,0.1146,0.1434,0.1583,0.1507,0.1661,0.037300002,0.0092,0.1533,0.1046
82955,0.14560001,0.1321,0.1321,0.1489,0.16339999,0.1851,0.2247,0.19760001,0.22930001,0.0308,0.0012,0.23459999,0.1725,El Gazira_41,POINT (32.73060091007104 14.336507195033317),0.14830001,0.12729999,0.1269,0.1332,0.1454,0.1693,0.1947,0.1705,0.2049,0.0297,0.001,0.20039999,0.1462,0.3339,0.30140001,0.278,0.3,0.3163,0.35749999,0.38249999,0.31959999,0.39379999,0.1417,0.0067,0.362,0.3089,0.163,0.1399,0.1374,0.1211,0.14219999,0.2604,0.322,0.26769999,0.3391,0.055,0.0107,0.18610001,0.1003,0.1229,0.096500002,0.0884,0.077799998,0.092200004,0.1417,0.1653,0.13680001,0.1806,0.0231,0.0052,0.121,0.068400003
120336,0.1503,0.14210001,0.145,0.16419999,0.1638,0.18359999,0.2124,0.2086,0.23190001,0.0341,0.0011,0.235,0.1811,El Gazira_41,POINT (32.726804087177335 14.323923111426353),0.14470001,0.1214,0.1136,0.1217,0.1224,0.1338,0.1503,0.14120001,0.1662,0.0288,0.001,0.1798,0.141,0.27410001,0.32,0.299,0.309,0.31779999,0.34279999,0.35510001,0.34729999,0.34990001,0.098499998,0.0046,0.3714,0.2613,0.16680001,0.142,0.14229999,0.1148,0.14380001,0.2994,0.38139999,0.32690001,0.41569999,0.055,0.0124,0.2044,0.1048,0.1355,0.1067,0.0994,0.0884,0.103,0.1547,0.1841,0.154,0.2008,0.0294,0.0076,0.14669999,0.090899996
5991,0.14740001,0.1286,0.1284,0.14929999,0.1494,0.16069999,0.1814,0.167,0.1983,0.032,0.0012,0.206,0.164,El Gazira_41,POINT (32.69504042248124 14.366473609953498),0.1426,0.1191,0.109,0.1213,0.1183,0.1283,0.142,0.12720001,0.1505,0.025900001,0.001,0.1506,0.1201,0.55610001,0.57020003,0.5557,0.58850002,0.59130001,0.61330003,0.64219999,0.61159998,0.65579998,0.2406,0.0043,0.56050003,0.4409,0.1609,0.1427,0.13959999,0.1203,0.14030001,0.2393,0.29049999,0.2694,0.30610001,0.0508,0.0094,0.188,0.1046,0.1354,0.1126,0.1158,0.0906,0.1186,0.23190001,0.28459999,0.2712,0.3123,0.034,0.0008,0.1909,0.1032
28580,0.1532,0.1512,0.15989999,0.1946,0.19410001,0.21179999,0.23710001,0.2245,0.2608,0.0378,0.0012,0.26550001,0.20020001,El Gazira_41,POINT (32.7013375921586 14.35796351024807),0.15260001,0.1416,0.1432,0.1684,0.16940001,0.189,0.20900001,0.19419999,0.22570001,0.0312,0.001,0.2333,0.1759,0.5819,0.64749998,0.60320002,0.64209998,0.64219999,0.66409999,0.67930001,0.69599998,0.69010001,0.26159999,0.0049,0.58219999,0.4228,0.1649,0.1523,0.1503,0.146,0.1631,0.2321,0.2712,0.25209999,0.29269999,0.042599998,0.0079,0.2277,0.1505,0.14830001,0.1437,0.1473,0.169,0.17039999,0.2079,0.24330001,0.2229,0.26730001,0.029,0.0008,0.252,0.1776
103205,0.155,0.1464,0.15189999,0.1805,0.1894,0.20550001,0.2309,0.2123,0.2455,0.035300002,0.0011,0.2499,0.1909,El Gazira_41,POINT (32.71578404024196 14.329807754839681),0.14390001,0.1239,0.1177,0.124,0.1217,0.13519999,0.13940001,0.14390001,0.15889999,0.0267,0.0009,0.1524,0.1105,0.45950001,0.4316,0.39680001,0.4111,0.41530001,0.49380001,0.51020002,0.46,0.52020001,0.2163,0.005,0.44960001,0.40369999,0.1707,0.1445,0.1463,0.1177,0.1418,0.2976,0.37650001,0.3369,0.37959999,0.0556,0.0148,0.1991,0.1114,0.1373,0.106,0.104,0.088,0.1047,0.18610001,0.22589999,0.1788,0.24779999,0.0301,0.0031,0.1478,0.081
32456,0.1594,0.1446,0.1485,0.1761,0.17479999,0.1891,0.2115,0.19949999,0.23190001,0.037,0.0009,0.252,0.1988,El Gazira_41,POINT (32.7109685575475 14.356424449663045),0.15549999,0.13339999,0.1284,0.1444,0.1451,0.1594,0.1785,0.1671,0.1961,0.0332,0.0011,0.21359999,0.16760001,0.65530002,0.59979999,0.61479998,0.6717,0.67460001,0.70179999,0.72829998,0.65679997,0.74470001,0.32600001,0.0054,0.60259998,0.47150001,0.1645,0.1522,0.1497,0.1425,0.1548,0.2287,0.26809999,0.247,0.2877,0.0394,0.0064,0.19850001,0.1196,0.1392,0.1214,0.1201,0.1075,0.1276,0.2253,0.27450001,0.24969999,0.3028,0.030400001,0.0007,0.211,0.1186
137312,0.15350001,0.1496,0.15279999,0.18340001,0.1849,0.2013,0.2281,0.2122,0.25130001,0.0356,0.0011,0.26050001,0.199,El Gazira_41,POINT (32.71837699246204 14.318491132890973),0.1512,0.1375,0.1331,0.1472,0.1529,0.1759,0.1969,0.1824,0.217,0.034200002,0.0011,0.2226,0.167,0.4285,0.45840001,0.45649999,0.4745,0.4752,0.49970001,0.52090001,0.5133,0.54210001,0.20909999,0.0048,0.54210001,0.45570001,0.17730001,0.1532,0.1441,0.142,0.1453,0.1855,0.2129,0.19329999,0.2244,0.050900001,0.0187,0.1708,0.12909999,0.14740001,0.12970001,0.1146,0.1041,0.1046,0.1217,0.139,0.14569999,0.149,0.035700001,0.0092,0.1275,0.098399997
127807,0.1489,0.1322,0.1313,0.1532,0.1455,0.1649,0.1858,0.1771,0.1998,0.030200001,0.0012,0.1891,0.1428,El Gazira_41,POINT (32.72245163166504 14.321478721085432),0.14740001,0.1241,0.1207,0.13060001,0.12890001,0.1495,0.1621,0.1602,0.17380001,0.0298,0.0012,0.16429999,0.1213,0.38820001,0.3567,0.35550001,0.38139999,0.38929999,0.42340001,0.44530001,0.403,0.45719999,0.1796,0.0042,0.45730001,0.37779999,0.17730001,0.1525,0.146,0.14380001,0.1508,0.20370001,0.2394,0.2192,0.25060001,0.051399998,0.0173,0.1725,0.12,0.15270001,0.1124,0.1028,0.11,0.1095,0.1327,0.1565,0.1123,0.16850001,0.043,0.0079,0.1323,0.1032
24249,0.1524,0.13349999,0.12980001,0.14830001,0.1561,0.17039999,0.19320001,0.1693,0.2113,0.031,0.0011,0.2089,0.1454,El Gazira_41,POINT (32.7150431967505 14.359683636784274),0.15180001,0.1314,0.1246,0.132,0.13339999,0.1551,0.1716,0.1612,0.18619999,0.0285,0.001,0.19069999,0.1462,0.6541,0.64039999,0.62879997,0.67900002,0.68540001,0.69929999,0.7166,0.67839998,0.72,0.31380001,0.0091,0.57489997,0.41339999,0.1609,0.1366,0.13510001,0.1141,0.1452,0.24250001,0.28929999,0.264,0.30919999,0.0433,0.0065,0.1974,0.1141,0.137,0.1133,0.1101,0.090700001,0.126,0.2158,0.26100001,0.2449,0.28650001,0.0289,0.0008,0.185,0.1038
22940,0.1557,0.1407,0.1397,0.16060001,0.1605,0.17640001,0.1956,0.18520001,0.21259999,0.0321,0.0012,0.2194,0.1768,El Gazira_41,POINT (32.70383793894226 14.360136301662223),0.1516,0.1309,0.1233,0.1323,0.1303,0.1425,0.1626,0.1499,0.1768,0.0286,0.001,0.1735,0.13420001,0.39309999,0.45100001,0.42550001,0.4395,0.4199,0.42770001,0.44049999,0.4698,0.4395,0.1494,0.0036,0.38440001,0.287,0.16240001,0.1425,0.14380001,0.12620001,0.1452,0.2705,0.33239999,0.28290001,0.354,0.0469,0.0071,0.20720001,0.117,0.142,0.1241,0.1257,0.1172,0.1358,0.2133,0.25510001,0.23800001,0.28780001,0.0287,0.0008,0.2174,0.1242
79449,0.15790001,0.14040001,0.1462,0.1628,0.163,0.18170001,0.2025,0.19329999,0.22239999,0.034600001,0.0011,0.2016,0.1525,El Gazira_41,POINT (32.703282306323665 14.337321991813624),0.15270001,0.1287,0.1241,0.1367,0.14,0.1573,0.1749,0.1587,0.1899,0.0312,0.001,0.1842,0.14139999,0.45140001,0.44909999,0.44549999,0.4641,0.46360001,0.48010001,0.50370002,0.4885,0.51569998,0.2015,0.0039,0.49739999,0.42300001,0.17479999,0.1531,0.14219999,0.1393,0.1468,0.1909,0.21690001,0.1943,0.22579999,0.048900001,0.0162,0.1699,0.1233,0.13850001,0.1152,0.1051,0.1088,0.1049,0.1185,0.13150001,0.1155,0.1362,0.0157,0.0008,0.1185,0.087899998
130911,0.1604,0.1515,0.1547,0.1812,0.2001,0.21610001,0.2411,0.2041,0.26269999,0.0348,0.0013,0.26210001,0.20630001,El Gazira_41,POINT (32.71921044138993 14.320482858353946),0.14920001,0.1278,0.1194,0.1294,0.1283,0.1401,0.15440001,0.1391,0.1657,0.028100001,0.0011,0.169,0.1381,0.40650001,0.38890001,0.37020001,0.3937,0.3987,0.42429999,0.44760001,0.42590001,0.45840001,0.1894,0.0051,0.4535,0.3766,0.1794,0.1552,0.1441,0.14300001,0.14579999,0.1806,0.203,0.189,0.2164,0.0504,0.0187,0.166,0.1301,0.15809999,0.1356,0.1228,0.1221,0.1241,0.1464,0.16500001,0.153,0.1717,0.039900001,0.0112,0.15549999,0.1176
142839,0.1564,0.1534,0.1573,0.1823,0.1761,0.1927,0.21510001,0.2131,0.2334,0.0358,0.0013,0.2454,0.18709999,El Gazira_41,POINT (32.732453018799674 14.31686153933036),0.148,0.1323,0.1259,0.1354,0.1393,0.1591,0.18,0.1617,0.19589999,0.0297,0.0009,0.19329999,0.147,0.2904,0.25920001,0.23,0.2483,0.25909999,0.28780001,0.30360001,0.28029999,0.32069999,0.1159,0.0035,0.313,0.2432,0.1705,0.1478,0.1512,0.1259,0.162,0.28380001,0.34889999,0.31729999,0.37,0.061900001,0.0153,0.2008,0.1087,0.1584,0.1443,0.1311,0.1279,0.1374,0.18430001,0.2097,0.19509999,0.22310001,0.050299998,0.018200001,0.1821,0.13770001
54491,0.15880001,0.1513,0.1533,0.1789,0.17470001,0.19050001,0.21259999,0.19949999,0.23289999,0.034200002,0.0011,0.23980001,0.195,El Gazira_41,POINT (32.72226642079218 14.343840366056082),0.1524,0.13590001,0.12989999,0.148,0.146,0.16060001,0.176,0.163,0.1881,0.0298,0.001,0.19320001,0.1542,0.4303,0.44679999,0.4296,0.4508,0.4454,0.46709999,0.48280001,0.4781,0.48840001,0.197,0.0064,0.45609999,0.37979999,0.1723,0.1464,0.1383,0.1371,0.1424,0.1786,0.20730001,0.1866,0.2185,0.042599998,0.0107,0.1743,0.1322,0.13850001,0.1133,0.1004,0.0994,0.1035,0.1139,0.1269,0.1082,0.1353,0.0153,0.0008,0.1129,0.083300002
52689,0.1513,0.1463,0.151,0.1824,0.1831,0.20720001,0.235,0.2201,0.25549999,0.0392,0.0011,0.26539999,0.19850001,El Gazira_41,POINT (32.731434358998925 14.344564629860798),0.1506,0.13779999,0.1347,0.15629999,0.1593,0.1771,0.19750001,0.1883,0.2164,0.034899998,0.001,0.2359,0.1767,0.401,0.42,0.3935,0.4217,0.42050001,0.44220001,0.45910001,0.4465,0.46779999,0.1806,0.0053,0.4393,0.3757,0.1689,0.14929999,0.14740001,0.1523,0.1603,0.21359999,0.24519999,0.2308,0.27039999,0.0446,0.0101,0.21969999,0.1566,0.1241,0.094800003,0.0787,0.074199997,0.072800003,0.083499998,0.093,0.0788,0.0937,0.0147,0.0014,0.0827,0.057500001
145049,0.1531,0.14129999,0.14129999,0.16419999,0.162,0.17479999,0.1955,0.18440001,0.2121,0.0314,0.0012,0.2321,0.1911,El Gazira_41,POINT (32.71559882936909 14.316046742550052),0.14569999,0.1276,0.1206,0.1353,0.1329,0.14569999,0.1601,0.149,0.1751,0.028100001,0.001,0.1883,0.15019999,0.3619,0.3829,0.34900001,0.36770001,0.37639999,0.39629999,0.41710001,0.40900001,0.43349999,0.1637,0.0039,0.4391,0.368,0.1743,0.1505,0.139,0.1354,0.13789999,0.1715,0.1954,0.1796,0.2053,0.0501,0.019300001,0.15989999,0.1217,0.142,0.1125,0.095299996,0.086400002,0.095299996,0.1205,0.14139999,0.112,0.14579999,0.033100002,0.0065,0.12720001,0.096299998
138188,0.16249999,0.1655,0.1788,0.2211,0.2183,0.24070001,0.269,0.2613,0.29960001,0.040600002,0.0013,0.30340001,0.2236,El Gazira_41,POINT (32.71726572722486 14.318219533964204),0.1517,0.1319,0.1251,0.1397,0.1512,0.17110001,0.1858,0.1592,0.2042,0.031599998,0.001,0.22759999,0.174,0.45300001,0.40970001,0.4152,0.4549,0.47409999,0.50190002,0.5226,0.465,0.5291,0.2183,0.0049,0.53729999,0.4483,0.182,0.15989999,0.1533,0.1538,0.161,0.2087,0.24,0.2202,0.25600001,0.0535,0.0191,0.2078,0.15440001,0.1508,0.1243,0.1095,0.1014,0.1062,0.129,0.14650001,0.133,0.1521,0.039299998,0.0103,0.14139999,0.1058
36785,0.15279999,0.1517,0.1617,0.19239999,0.177,0.1928,0.2167,0.2308,0.2343,0.033500001,0.0011,0.2353,0.1787,El Gazira_41,POINT (32.721525577300724 14.354432724200073),0.1495,0.12540001,0.1206,0.1312,0.1295,0.1433,0.15880001,0.1495,0.1714,0.029100001,0.001,0.17380001,0.1295,0.44569999,0.47530001,0.4585,0.48120001,0.42570001,0.46110001,0.49160001,0.51359999,0.51770002,0.20280001,0.0056,0.48269999,0.384,0.1635,0.1398,0.1356,0.1258,0.1409,0.21510001,0.25170001,0.23190001,0.2656,0.0458,0.0072,0.1637,0.096299998,0.13429999,0.1118,0.1038,0.093599997,0.1027,0.1793,0.2227,0.1805,0.24070001,0.024700001,0.0007,0.14929999,0.0809
102902,0.15260001,0.1364,0.137,0.1617,0.1726,0.1883,0.20990001,0.192,0.2314,0.0337,0.0009,0.2315,0.17290001,El Gazira_41,POINT (32.710875952111074 14.329898287815272),0.14830001,0.1243,0.12,0.1247,0.1258,0.15880001,0.18009999,0.1727,0.19239999,0.0308,0.001,0.1873,0.1384,0.4014,0.3475,0.36210001,0.39770001,0.40490001,0.4346,0.4614,0.3892,0.47389999,0.1839,0.0048,0.43439999,0.38679999,0.1761,0.1455,0.1418,0.1186,0.1445,0.28369999,0.36410001,0.32120001,0.39070001,0.0618,0.0154,0.2014,0.1104,0.12729999,0.1018,0.093,0.077699997,0.089199997,0.1522,0.189,0.1717,0.2087,0.020300001,0.0008,0.13410001,0.067
69124,0.159,0.1505,0.1577,0.1934,0.18979999,0.20630001,0.2352,0.2277,0.2608,0.037700001,0.0013,0.27129999,0.20649999,El Gazira_41,POINT (32.69837421819278 14.339947448105725),0.155,0.1407,0.1417,0.16419999,0.1652,0.18350001,0.20720001,0.1948,0.2265,0.034200002,0.0011,0.2333,0.1742,0.46360001,0.4161,0.4165,0.44639999,0.4501,0.47510001,0.50209999,0.45550001,0.5158,0.2061,0.0036,0.48949999,0.4082,0.17560001,0.1574,0.1532,0.1443,0.1559,0.218,0.25470001,0.2341,0.2714,0.0499,0.016,0.2095,0.1433,0.1426,0.1279,0.1184,0.1241,0.1219,0.1515,0.17120001,0.1618,0.188,0.0189,0.0008,0.16590001,0.1194
34039,0.1507,0.1301,0.12639999,0.1427,0.15180001,0.1656,0.1839,0.1605,0.20460001,0.033,0.0012,0.2159,0.16850001,El Gazira_41,POINT (32.7033749117601 14.355700185858328),0.15,0.1212,0.1121,0.1184,0.1332,0.1487,0.1657,0.1442,0.18009999,0.030300001,0.001,0.18340001,0.1327,0.6002,0.58850002,0.56470001,0.59859997,0.59570003,0.6225,0.65810001,0.60869998,0.67940003,0.28220001,0.0048,0.53479999,0.40740001,0.1618,0.1408,0.1409,0.1224,0.1476,0.2217,0.26840001,0.25979999,0.294,0.0405,0.0076,0.19059999,0.1094,0.1415,0.1149,0.1148,0.094099998,0.1236,0.2026,0.23819999,0.2412,0.25920001,0.0261,0.001,0.19230001,0.1101
66475,0.1471,0.1418,0.1476,0.17129999,0.17470001,0.18870001,0.21070001,0.1936,0.2277,0.0301,0.001,0.23800001,0.1925,El Gazira_41,POINT (32.71698791091557 14.340671711910442),0.1428,0.1224,0.1165,0.1267,0.12809999,0.1401,0.1497,0.1407,0.1621,0.0257,0.0007,0.1691,0.1314,0.4481,0.40580001,0.3924,0.41029999,0.40009999,0.41909999,0.4305,0.43900001,0.4303,0.21070001,0.0067,0.42179999,0.343,0.1715,0.1478,0.15880001,0.1217,0.16060001,0.31529999,0.38600001,0.36410001,0.41690001,0.064599998,0.0151,0.20919999,0.1089,0.127,0.104,0.095700003,0.0836,0.1012,0.1432,0.17479999,0.1585,0.19660001,0.0241,0.0008,0.162,0.088600002
129361,0.16060001,0.14740001,0.15440001,0.18359999,0.1816,0.19660001,0.223,0.212,0.247,0.035500001,0.0011,0.26609999,0.2132,El Gazira_41,POINT (32.70828299989098 14.320935523231894),0.1471,0.12809999,0.121,0.1332,0.1322,0.15090001,0.1737,0.1621,0.1846,0.0297,0.001,0.2024,0.1605,0.4039,0.40529999,0.4034,0.41409999,0.41049999,0.427,0.4413,0.45019999,0.44960001,0.18449999,0.0049,0.4382,0.36129999,0.1751,0.15700001,0.15090001,0.13240001,0.154,0.25960001,0.3504,0.28080001,0.346,0.0587,0.0208,0.20290001,0.1219,0.13160001,0.1045,0.0942,0.0875,0.098700002,0.1367,0.1663,0.14830001,0.1811,0.0235,0.0023,0.1318,0.075099997
44967,0.1566,0.1468,0.15350001,0.18340001,0.18440001,0.20280001,0.22849999,0.2156,0.24879999,0.037,0.0011,0.2332,0.16320001,El Gazira_41,POINT (32.72865619590597 14.348638613762335),0.1453,0.12639999,0.1182,0.1275,0.12809999,0.1416,0.1565,0.1441,0.1652,0.027,0.0009,0.1708,0.1344,0.44769999,0.52280003,0.487,0.47830001,0.45860001,0.459,0.4594,0.54009998,0.45559999,0.20119999,0.0064,0.4425,0.33829999,0.16419999,0.1451,0.14569999,0.13770001,0.1559,0.265,0.317,0.26409999,0.338,0.05,0.0088,0.2174,0.1278,0.1243,0.0999,0.09,0.0774,0.0876,0.1223,0.14309999,0.13060001,0.15809999,0.0185,0.0008,0.1132,0.0625
97415,0.14650001,0.1213,0.12620001,0.1197,0.148,0.2138,0.2481,0.23,0.26300001,0.034899998,0.0011,0.1935,0.1211,El Gazira_41,POINT (32.72532240019443 14.331980546253835),0.146,0.1244,0.1177,0.13249999,0.1402,0.1577,0.1761,0.1548,0.1893,0.0298,0.0009,0.1972,0.15350001,0.3213,0.30410001,0.2782,0.29949999,0.31240001,0.34040001,0.3619,0.31720001,0.3723,0.1332,0.0059,0.35010001,0.296,0.16940001,0.14650001,0.1411,0.1381,0.1489,0.20550001,0.2412,0.2165,0.25279999,0.044799998,0.0121,0.19059999,0.13770001,0.13850001,0.1102,0.0915,0.085500002,0.084700003,0.1029,0.1233,0.1052,0.1362,0.0275,0.0044,0.1071,0.084799998
55757,0.1529,0.1384,0.138,0.1638,0.1665,0.17829999,0.2031,0.18629999,0.2217,0.034600001,0.0011,0.2359,0.18709999,El Gazira_41,POINT (32.70698652378094 14.343478234153721),0.1489,0.1265,0.1206,0.1376,0.1383,0.15260001,0.1697,0.1556,0.1868,0.0305,0.0011,0.19949999,0.1584,0.56220001,0.56739998,0.56379998,0.59439999,0.5905,0.6103,0.62470001,0.62129998,0.63260001,0.26609999,0.0048,0.60009998,0.47589999,0.1649,0.1426,0.133,0.1331,0.13519999,0.1689,0.1921,0.1788,0.20100001,0.039700001,0.0128,0.1636,0.1245,0.13869999,0.115,0.1054,0.111,0.1083,0.1209,0.1375,0.1234,0.1429,0.0169,0.0008,0.1339,0.1034
105210,0.1573,0.15530001,0.1647,0.20280001,0.1965,0.21510001,0.2384,0.2334,0.25580001,0.036200002,0.0011,0.2703,0.2148,El Gazira_41,POINT (32.715228407623364 14.329083491034964),0.1471,0.1209,0.1101,0.1154,0.1187,0.12800001,0.13940001,0.1171,0.1451,0.0275,0.0009,0.1425,0.1067,0.39579999,0.43419999,0.42050001,0.44980001,0.44760001,0.44729999,0.4553,0.46650001,0.45719999,0.1699,0.0063,0.46250001,0.364,0.1726,0.14579999,0.1452,0.1175,0.14380001,0.26550001,0.32800001,0.32030001,0.33970001,0.057700001,0.0149,0.19220001,0.1139,0.1327,0.1035,0.094899997,0.082800001,0.0994,0.17560001,0.2172,0.19220001,0.23559999,0.0298,0.0036,0.1479,0.079499997
135618,0.14749999,0.1398,0.1419,0.1629,0.15989999,0.1726,0.1947,0.17900001,0.20919999,0.0299,0.001,0.22849999,0.188,El Gazira_41,POINT (32.7249519784487 14.319034330744511),0.1454,0.12630001,0.1188,0.12819999,0.1252,0.1362,0.1525,0.14219999,0.16320001,0.0276,0.001,0.1743,0.13689999,0.34439999,0.3567,0.3522,0.3678,0.3687,0.3924,0.40920001,0.40009999,0.4219,0.1463,0.0041,0.4276,0.33669999,0.1744,0.14380001,0.1478,0.1169,0.1486,0.30109999,0.39500001,0.37180001,0.42480001,0.060600001,0.0166,0.2009,0.108,0.1532,0.1161,0.1108,0.1058,0.1181,0.1585,0.1849,0.16339999,0.2042,0.0442,0.0109,0.1609,0.1105
104596,0.15090001,0.1427,0.1454,0.17550001,0.17380001,0.19,0.21619999,0.2,0.2317,0.032900002,0.0011,0.23010001,0.1785,El Gazira_41,POINT (32.728470985033105 14.329355089961734),0.1487,0.1371,0.13500001,0.1569,0.15459999,0.1718,0.1912,0.18009999,0.2069,0.0314,0.001,0.20819999,0.1613,0.36559999,0.26890001,0.2649,0.28979999,0.2938,0.33790001,0.36500001,0.29570001,0.38600001,0.1655,0.0052,0.34330001,0.31060001,0.1679,0.1496,0.14390001,0.14380001,0.1512,0.19939999,0.2339,0.2123,0.2494,0.045,0.0119,0.1877,0.1389,0.1327,0.1065,0.099,0.097800002,0.094899997,0.1092,0.1217,0.1131,0.1261,0.0209,0.0047,0.1106,0.078
61744,0.1583,0.1426,0.1452,0.16159999,0.1649,0.1848,0.2098,0.19580001,0.2265,0.036800001,0.0011,0.2193,0.1548,El Gazira_41,POINT (32.7287488013424 14.341939173568697),0.1561,0.1322,0.1286,0.1393,0.13950001,0.1602,0.1758,0.1696,0.1971,0.034200002,0.0011,0.2089,0.16339999,0.41580001,0.44409999,0.42269999,0.44170001,0.44029999,0.4571,0.4709,0.47260001,0.46380001,0.1821,0.0072,0.45629999,0.3813,0.16869999,0.1446,0.1362,0.1354,0.13779999,0.176,0.203,0.1866,0.2149,0.039900001,0.0102,0.1789,0.1367,0.1322,0.1079,0.0946,0.097900003,0.095200002,0.1086,0.1207,0.1066,0.12800001,0.0154,0.0015,0.1137,0.084100001
14776,0.1592,0.16,0.17200001,0.21439999,0.21250001,0.2315,0.25749999,0.24770001,0.27990001,0.038199998,0.0011,0.27340001,0.2033,El Gazira_41,POINT (32.7010597758493 14.363214422832272),0.1486,0.1267,0.1177,0.1277,0.1248,0.1321,0.1496,0.1408,0.1567,0.0266,0.001,0.1429,0.0994,0.43,0.45950001,0.44839999,0.4711,0.47240001,0.48879999,0.50989997,0.49590001,0.51779997,0.17569999,0.0039,0.46129999,0.36149999,0.1635,0.14480001,0.1427,0.1268,0.14929999,0.2429,0.29300001,0.2669,0.30880001,0.047200002,0.0075,0.205,0.12540001,0.13789999,0.1176,0.12,0.1005,0.1312,0.2246,0.26570001,0.26300001,0.29960001,0.0336,0.0008,0.2097,0.1117
30000,0.15620001,0.14650001,0.151,0.175,0.1767,0.19670001,0.22400001,0.21340001,0.2536,0.0378,0.0013,0.2647,0.1955,El Gazira_41,POINT (32.706893918344505 14.357420312394533),0.15549999,0.1441,0.1397,0.16,0.16230001,0.1865,0.20730001,0.1886,0.2326,0.034,0.001,0.24070001,0.17839999,0.67610002,0.66640002,0.64060003,0.67330003,0.67479998,0.6882,0.70920002,0.6699,0.72119999,0.3265,0.0057,0.51239997,0.36750001,0.1628,0.146,0.1463,0.1311,0.1486,0.2449,0.29089999,0.2802,0.32300001,0.044500001,0.0069,0.21879999,0.1293,0.1513,0.1503,0.1531,0.18449999,0.18539999,0.2219,0.26370001,0.25150001,0.3026,0.031,0.0009,0.3053,0.1987
109921,0.152,0.1425,0.14470001,0.1698,0.1717,0.192,0.2145,0.19949999,0.2339,0.0347,0.001,0.22750001,0.1758,El Gazira_41,POINT (32.7246741621394 14.327453897474351),0.1432,0.1188,0.1091,0.1155,0.1152,0.1241,0.13789999,0.1277,0.14820001,0.028100001,0.0009,0.13940001,0.102,0.32100001,0.3396,0.31290001,0.30590001,0.29530001,0.3247,0.35280001,0.3624,0.37470001,0.13,0.0058,0.34150001,0.29949999,0.1689,0.1461,0.1507,0.1233,0.15459999,0.28150001,0.3468,0.3116,0.37650001,0.0556,0.0135,0.19939999,0.1067,0.1358,0.1031,0.096,0.092100002,0.1049,0.1485,0.1693,0.1515,0.1833,0.0296,0.006,0.1375,0.0735
35963,0.151,0.139,0.141,0.161,0.1696,0.20119999,0.2309,0.1996,0.2572,0.034899998,0.0013,0.2499,0.18089999,El Gazira_41,POINT (32.70374533350583 14.354794856102432),0.151,0.1329,0.12720001,0.1397,0.1441,0.18449999,0.20739999,0.1749,0.22669999,0.031300001,0.0009,0.2067,0.1402,0.63679999,0.67650002,0.65130001,0.67720002,0.65750003,0.67379999,0.69580001,0.72500002,0.7094,0.30160001,0.0054,0.57929999,0.43920001,0.161,0.1384,0.1371,0.1172,0.1406,0.2388,0.28150001,0.27630001,0.3066,0.0396,0.0079,0.18719999,0.1066,0.1397,0.1131,0.1078,0.094700001,0.1134,0.1798,0.2156,0.2093,0.2366,0.024,0.0008,0.15979999,0.085
9647,0.1568,0.1381,0.1348,0.1498,0.1399,0.15009999,0.16850001,0.16779999,0.18089999,0.031800002,0.0012,0.1874,0.1507,El Gazira_41,POINT (32.70365272806939 14.365115615319654),0.1494,0.1287,0.1181,0.1288,0.1218,0.1296,0.14390001,0.1384,0.1533,0.025800001,0.001,0.1503,0.113,0.2617,0.25870001,0.2229,0.2139,0.2005,0.20909999,0.2087,0.25920001,0.20379999,0.082400002,0.0038,0.1997,0.1246,0.1592,0.1364,0.1411,0.1041,0.13590001,0.32139999,0.41769999,0.3847,0.45359999,0.051,0.0069,0.21430001,0.1008,0.1374,0.1176,0.1239,0.1051,0.1329,0.25189999,0.31130001,0.294,0.35330001,0.036200002,0.0009,0.23459999,0.1182
90395,0.1574,0.1551,0.1638,0.20190001,0.1936,0.2084,0.2351,0.2262,0.25389999,0.0376,0.0011,0.2642,0.2057,El Gazira_41,POINT (32.71745093809773 14.334606002545934),0.14380001,0.1188,0.1111,0.1191,0.1202,0.1318,0.1424,0.13079999,0.15440001,0.0275,0.001,0.167,0.1329,0.42390001,0.38280001,0.3748,0.39579999,0.408,0.44069999,0.46349999,0.40880001,0.4727,0.1892,0.0048,0.43270001,0.37290001,0.17209999,0.155,0.15449999,0.1476,0.16590001,0.2436,0.28560001,0.2665,0.30070001,0.0545,0.0146,0.2025,0.1287,0.13600001,0.1214,0.1147,0.1239,0.1214,0.1459,0.1707,0.153,0.1814,0.0232,0.0016,0.14929999,0.0995
138654,0.1649,0.1549,0.1637,0.18520001,0.1873,0.208,0.23469999,0.2245,0.25029999,0.0392,0.0013,0.23800001,0.1727,El Gazira_41,POINT (32.7054122313616 14.318038468013023),0.16069999,0.1452,0.1472,0.1663,0.16769999,0.1928,0.2128,0.2068,0.23810001,0.0369,0.0009,0.24330001,0.1811,0.3529,0.3716,0.34990001,0.3691,0.37009999,0.39250001,0.40740001,0.3987,0.41209999,0.1516,0.0038,0.40700001,0.33039999,0.1866,0.169,0.16410001,0.1655,0.1749,0.2262,0.26320001,0.24959999,0.28490001,0.059900001,0.021400001,0.22040001,0.1604,0.13959999,0.13,0.1189,0.1162,0.1112,0.126,0.1429,0.1427,0.1503,0.0174,0.0023,0.1323,0.096699998
119398,0.1529,0.1388,0.141,0.168,0.1673,0.18350001,0.2087,0.1963,0.2298,0.0345,0.0012,0.2464,0.19320001,El Gazira_41,POINT (32.71578404024196 14.324194710353122),0.14380001,0.1195,0.1108,0.1166,0.1201,0.1391,0.1441,0.131,0.15719999,0.0283,0.001,0.1752,0.1383,0.32949999,0.3937,0.33160001,0.3215,0.3154,0.33840001,0.35969999,0.3743,0.3759,0.1389,0.0056,0.3572,0.2969,0.17640001,0.14910001,0.1381,0.1357,0.1406,0.17389999,0.1969,0.18170001,0.2088,0.051,0.0188,0.1631,0.1266,0.14480001,0.123,0.1124,0.1127,0.1101,0.12620001,0.139,0.1372,0.1453,0.0323,0.0078,0.13680001,0.098200001
79011,0.1539,0.1397,0.1418,0.16429999,0.16329999,0.175,0.1952,0.1833,0.2115,0.033100002,0.0011,0.2261,0.188,El Gazira_41,POINT (32.73189738618108 14.337503057764804),0.144,0.1232,0.1132,0.1218,0.1191,0.1284,0.1417,0.12909999,0.1459,0.0253,0.0008,0.1286,0.095399998,0.31720001,0.30469999,0.30489999,0.28659999,0.2861,0.30739999,0.32800001,0.33360001,0.34509999,0.1312,0.0064,0.31529999,0.2694,0.16140001,0.1362,0.1383,0.1087,0.1398,0.32679999,0.4192,0.37349999,0.44190001,0.062,0.0101,0.1973,0.1005,0.1424,0.1134,0.1015,0.090099998,0.1056,0.1831,0.2246,0.20379999,0.239,0.042599998,0.0098,0.1366,0.095700003
40594,0.1542,0.1417,0.14380001,0.16419999,0.1649,0.18350001,0.2075,0.1925,0.2236,0.033799998,0.0012,0.2348,0.1868,El Gazira_41,POINT (32.72735971979593 14.351626201956792),0.1417,0.119,0.1091,0.1171,0.1149,0.1226,0.1353,0.12800001,0.1473,0.0253,0.0008,0.1512,0.1209,0.47479999,0.49070001,0.48,0.50150001,0.50870001,0.5273,0.54210001,0.53259999,0.5485,0.2186,0.0051,0.49270001,0.39719999,0.1622,0.13770001,0.1286,0.1256,0.1293,0.1761,0.2054,0.18440001,0.2193,0.041499998,0.0078,0.1664,0.123,0.13,0.1033,0.09,0.0884,0.087,0.1004,0.1141,0.1032,0.1193,0.0162,0.0008,0.1007,0.074
120590,0.1521,0.1376,0.1391,0.1622,0.1605,0.174,0.1969,0.18260001,0.21520001,0.0332,0.0011,0.22849999,0.186,El Gazira_41,POINT (32.7249519784487 14.323832578450764),0.1427,0.1193,0.1087,0.1166,0.1176,0.1301,0.1443,0.12970001,0.1582,0.027100001,0.0009,0.16329999,0.1313,0.35510001,0.2854,0.26440001,0.30379999,0.32480001,0.3612,0.39300001,0.3114,0.41580001,0.1575,0.0042,0.3838,0.3353,0.1663,0.1425,0.1464,0.1153,0.1437,0.28940001,0.3617,0.336,0.39109999,0.061299998,0.0141,0.1952,0.1044,0.131,0.1093,0.1009,0.0867,0.1001,0.1499,0.18080001,0.1508,0.1964,0.0345,0.0044,0.1251,0.069399998
76530,0.1583,0.15800001,0.17110001,0.2094,0.2045,0.22319999,0.2518,0.23720001,0.2723,0.0389,0.0011,0.2782,0.2147,El Gazira_41,POINT (32.69744816382847 14.338046255618343),0.1552,0.14560001,0.1472,0.17649999,0.1707,0.1899,0.2084,0.1972,0.2242,0.034,0.001,0.2288,0.171,0.43579999,0.41659999,0.40759999,0.4359,0.43290001,0.4594,0.48249999,0.4456,0.49739999,0.188,0.0037,0.4682,0.38609999,0.1797,0.1656,0.1604,0.16069999,0.16779999,0.21610001,0.24779999,0.23019999,0.26429999,0.052900001,0.019300001,0.2095,0.1512,0.1446,0.123,0.1158,0.1207,0.1167,0.1305,0.1481,0.1365,0.15800001,0.0195,0.0008,0.147,0.1074
143312,0.15880001,0.1727,0.1917,0.2421,0.2271,0.24860001,0.2811,0.27720001,0.30379999,0.0402,0.0011,0.29820001,0.2173,El Gazira_41,POINT (32.72245163166504 14.31668047337918),0.1444,0.1247,0.1189,0.1311,0.13,0.1432,0.1591,0.155,0.1696,0.029,0.0011,0.1776,0.1382,0.35710001,0.35859999,0.34130001,0.3274,0.322,0.3409,0.36790001,0.39930001,0.3935,0.1595,0.0038,0.38350001,0.31639999,0.17900001,0.15440001,0.15700001,0.1373,0.1649,0.25569999,0.3089,0.29840001,0.32210001,0.060400002,0.0191,0.1816,0.1098,0.15350001,0.1199,0.1125,0.1102,0.1207,0.156,0.1768,0.16410001,0.1926,0.0433,0.0107,0.1524,0.1038
85425,0.1516,0.1364,0.138,0.1603,0.159,0.16940001,0.1917,0.17919999,0.2085,0.033300001,0.0011,0.2242,0.1814,El Gazira_41,POINT (32.72458155670297 14.33587346420419),0.1419,0.1195,0.1092,0.1152,0.1141,0.132,0.1489,0.13950001,0.1593,0.0267,0.0009,0.1586,0.1249,0.37360001,0.32570001,0.329,0.35479999,0.3538,0.37470001,0.39590001,0.35800001,0.41460001,0.16230001,0.0065,0.3743,0.32,0.1661,0.1432,0.1441,0.114,0.1429,0.2902,0.36739999,0.33539999,0.38679999,0.053800002,0.0117,0.19589999,0.101,0.13339999,0.1107,0.1037,0.1073,0.1072,0.13500001,0.1533,0.14219999,0.17,0.022600001,0.0028,0.15629999,0.1021
97163,0.1503,0.1388,0.1407,0.1653,0.1696,0.1838,0.2068,0.1869,0.22310001,0.0334,0.0011,0.22480001,0.1786,El Gazira_41,POINT (32.72430374039368 14.332071079229424),0.1459,0.1279,0.124,0.1409,0.1371,0.1489,0.16760001,0.1539,0.1785,0.0297,0.0008,0.18700001,0.1505,0.3495,0.3177,0.31040001,0.32679999,0.33160001,0.3547,0.37029999,0.33759999,0.38170001,0.15180001,0.0061,0.35839999,0.30180001,0.1699,0.1419,0.13429999,0.12989999,0.142,0.1883,0.21610001,0.1865,0.2254,0.05,0.0127,0.1697,0.1231,0.1392,0.1124,0.1003,0.1001,0.1084,0.13,0.1487,0.1221,0.15279999,0.027100001,0.0052,0.13519999,0.097099997
36007,0.1552,0.1539,0.1663,0.2032,0.19760001,0.22310001,0.2491,0.2359,0.281,0.035500001,0.0013,0.28760001,0.2149,El Gazira_41,POINT (32.707819972708826 14.354794856102432),0.15,0.127,0.1227,0.138,0.1496,0.1716,0.192,0.163,0.2142,0.0317,0.0011,0.2154,0.1627,0.60180002,0.56459999,0.55559999,0.5995,0.6049,0.62480003,0.65,0.60329998,0.66759998,0.2904,0.0047,0.51630002,0.37020001,0.16159999,0.14390001,0.1419,0.1327,0.1573,0.2463,0.2947,0.25920001,0.31779999,0.0422,0.0071,0.21870001,0.1362,0.1461,0.1304,0.1314,0.1295,0.1629,0.2352,0.28369999,0.27250001,0.31470001,0.030300001,0.001,0.25150001,0.154
124816,0.1496,0.1374,0.1388,0.1575,0.16240001,0.1833,0.2036,0.20200001,0.227,0.033100002,0.0013,0.2211,0.17290001,El Gazira_41,POINT (32.732082597053946 14.322474583816918),0.1452,0.1279,0.1236,0.1339,0.1408,0.1726,0.19230001,0.19149999,0.2052,0.0294,0.001,0.1936,0.1468,0.32800001,0.3175,0.30450001,0.31529999,0.31560001,0.3416,0.3646,0.3497,0.38429999,0.1418,0.0061,0.36919999,0.30509999,0.1697,0.1435,0.1383,0.12970001,0.1426,0.20479999,0.245,0.23019999,0.2579,0.0497,0.0131,0.1771,0.1198,0.13770001,0.1198,0.1037,0.092,0.098,0.12710001,0.1521,0.1531,0.1698,0.0372,0.007,0.1252,0.096100003
61135,0.16429999,0.1693,0.18260001,0.2263,0.2216,0.23729999,0.26750001,0.262,0.2967,0.042800002,0.0013,0.31040001,0.2341,El Gazira_41,POINT (32.698281612756354 14.342029706544288),0.1468,0.1389,0.1382,0.1585,0.1496,0.16159999,0.182,0.1851,0.20020001,0.0243,0.001,0.1832,0.12729999,0.40090001,0.40669999,0.39469999,0.4118,0.4165,0.4341,0.4481,0.43630001,0.46059999,0.1628,0.0039,0.44800001,0.3556,0.17219999,0.1573,0.15629999,0.147,0.1577,0.2168,0.2498,0.2441,0.26530001,0.047800001,0.0149,0.2033,0.1402,0.14390001,0.1241,0.1138,0.1181,0.1151,0.1285,0.1445,0.1353,0.15360001,0.0198,0.0009,0.1617,0.1218
105752,0.1425,0.122,0.1226,0.13600001,0.14579999,0.15539999,0.1769,0.15979999,0.18629999,0.026900001,0.0011,0.1178,0.073100001,El Gazira_41,POINT (32.718562203334905 14.328902425083784),0.1432,0.1231,0.1133,0.1239,0.1209,0.12989999,0.1418,0.13169999,0.1539,0.0261,0.0009,0.1561,0.12530001,0.35690001,0.28889999,0.28420001,0.33700001,0.33919999,0.37760001,0.4093,0.30779999,0.42609999,0.1594,0.0049,0.38100001,0.35170001,0.17659999,0.15440001,0.15090001,0.14300001,0.1543,0.2154,0.2502,0.235,0.26,0.053300001,0.017100001,0.1838,0.13160001,0.14120001,0.1257,0.1222,0.1312,0.1318,0.1714,0.197,0.1772,0.20649999,0.0317,0.0043,0.1691,0.113
26403,0.164,0.15350001,0.1529,0.176,0.17739999,0.1934,0.2182,0.20209999,0.2397,0.0359,0.0012,0.25659999,0.20119999,El Gazira_41,POINT (32.721525577300724 14.358868840003966),0.16419999,0.1476,0.1435,0.16339999,0.16150001,0.1767,0.19670001,0.18529999,0.2142,0.034600001,0.0012,0.23649999,0.1849,0.5104,0.44260001,0.42829999,0.48089999,0.49329999,0.51279998,0.53740001,0.47240001,0.58499998,0.24519999,0.0067,0.48570001,0.4,0.15889999,0.1348,0.1355,0.1099,0.13590001,0.2351,0.28380001,0.26190001,0.302,0.0436,0.0069,0.14120001,0.074,0.1441,0.1236,0.114,0.1197,0.12729999,0.1451,0.1683,0.15530001,0.1859,0.0206,0.0008,0.16329999,0.1009
128800,0.155,0.1407,0.1464,0.1724,0.1753,0.1912,0.2168,0.2013,0.2332,0.0336,0.001,0.2374,0.19050001,El Gazira_41,POINT (32.70911644881887 14.321116589183074),0.146,0.1251,0.12,0.1303,0.1302,0.149,0.1617,0.16429999,0.17380001,0.0283,0.0008,0.1715,0.13429999,0.4061,0.39739999,0.3985,0.4104,0.4077,0.42730001,0.4438,0.44310001,0.4598,0.1868,0.0044,0.43380001,0.364,0.1772,0.15979999,0.151,0.15019999,0.15530001,0.2023,0.2314,0.2166,0.24169999,0.054,0.019400001,0.1842,0.1398,0.1355,0.1075,0.096699998,0.0973,0.098300003,0.1207,0.13259999,0.1125,0.1436,0.025,0.0032,0.1206,0.0898
54344,0.1569,0.14929999,0.1576,0.1884,0.1833,0.19939999,0.2243,0.2111,0.2448,0.0359,0.0011,0.25420001,0.20209999,El Gazira_41,POINT (32.701244986722166 14.343840366056082),0.1444,0.1229,0.1153,0.1247,0.12549999,0.1344,0.1487,0.1364,0.1578,0.0239,0.001,0.094499998,0.0625,0.533,0.4023,0.4073,0.4754,0.48460001,0.52240002,0.55930001,0.43779999,0.59450001,0.25760001,0.0041,0.52649999,0.45640001,0.1688,0.1481,0.1407,0.1391,0.1411,0.18430001,0.2112,0.19840001,0.221,0.0453,0.0134,0.17,0.1234,0.1426,0.1165,0.1061,0.1082,0.1037,0.1179,0.134,0.1194,0.1401,0.018300001,0.0008,0.12819999,0.096900001
147912,0.1522,0.13600001,0.1364,0.1561,0.1532,0.1626,0.18629999,0.1749,0.20200001,0.034600001,0.0011,0.21439999,0.17550001,El Gazira_41,POINT (32.73004527745245 14.314688747916206),0.1443,0.12720001,0.1173,0.13060001,0.127,0.1392,0.1542,0.14380001,0.1679,0.0279,0.0011,0.1725,0.1384,0.34639999,0.30090001,0.26969999,0.27500001,0.289,0.32749999,0.3581,0.3251,0.3775,0.15530001,0.0044,0.34459999,0.30160001,0.174,0.1506,0.1461,0.1376,0.15189999,0.2379,0.29660001,0.27990001,0.31119999,0.060600001,0.0158,0.2026,0.132,0.1592,0.1381,0.13789999,0.115,0.1293,0.1796,0.204,0.1972,0.21780001,0.0556,0.013,0.16769999,0.1195
2403,0.1497,0.1418,0.15109999,0.1786,0.1732,0.1912,0.2176,0.2157,0.23710001,0.033500001,0.0011,0.23800001,0.1789,El Gazira_41,POINT (32.704300966124414 14.368103203514114),0.1512,0.1274,0.1266,0.1397,0.1399,0.16,0.17919999,0.16949999,0.1972,0.030400001,0.001,0.1957,0.1481,0.414,0.38690001,0.37940001,0.39430001,0.399,0.4197,0.4456,0.40200001,0.45730001,0.1657,0.0047,0.39179999,0.32460001,0.16230001,0.1434,0.141,0.1293,0.14650001,0.2396,0.28349999,0.2617,0.31079999,0.039299998,0.0062,0.1965,0.1221,0.141,0.1287,0.1284,0.1287,0.1356,0.2282,0.28029999,0.25510001,0.30700001,0.025900001,0.0007,0.21520001,0.13420001
130547,0.145,0.13060001,0.12970001,0.1363,0.12800001,0.1363,0.152,0.1419,0.14830001,0.018200001,0.0008,0.0788,0.0535,El Gazira_41,POINT (32.71207982278469 14.320573391329535),0.15449999,0.13680001,0.13240001,0.1463,0.1477,0.1737,0.1899,0.17919999,0.20909999,0.0321,0.001,0.2163,0.1627,0.38330001,0.33019999,0.3427,0.3734,0.37630001,0.3987,0.4179,0.36919999,0.4316,0.1838,0.0068,0.413,0.3457,0.1816,0.1602,0.1529,0.1481,0.15809999,0.2061,0.23649999,0.21969999,0.25220001,0.0541,0.0206,0.1856,0.1303,0.14040001,0.1235,0.1071,0.105,0.1,0.1116,0.131,0.1285,0.14120001,0.0242,0.0063,0.1205,0.095600002
140169,0.16150001,0.1617,0.175,0.2066,0.1913,0.20479999,0.23019999,0.23119999,0.2467,0.0365,0.0011,0.26840001,0.21430001,El Gazira_41,POINT (32.70772736727239 14.317585803135076),0.1506,0.1383,0.13789999,0.15279999,0.1461,0.1611,0.1804,0.1851,0.2001,0.0309,0.001,0.2199,0.1688,0.35640001,0.3118,0.30250001,0.31729999,0.33039999,0.35839999,0.3876,0.3486,0.3976,0.1558,0.005,0.382,0.3274,0.1751,0.15790001,0.1542,0.1471,0.1548,0.26910001,0.3292,0.28209999,0.35229999,0.064300001,0.019400001,0.20909999,0.1284,0.1256,0.1059,0.0946,0.088500001,0.093199998,0.1336,0.1596,0.146,0.1745,0.0213,0.0012,0.1267,0.071099997
26197,0.152,0.14749999,0.15189999,0.1831,0.1821,0.1946,0.22310001,0.2097,0.2413,0.0345,0.0011,0.2534,0.1963,El Gazira_41,POINT (32.696985136646305 14.358868840003966),0.1428,0.1187,0.1076,0.1163,0.1133,0.1233,0.1355,0.1258,0.1463,0.023800001,0.001,0.1415,0.1015,0.53850001,0.51340002,0.4887,0.49919999,0.50220001,0.5309,0.56480002,0.54159999,0.58810002,0.23890001,0.004,0.4874,0.3944,0.16069999,0.1388,0.13510001,0.1189,0.1373,0.2538,0.30950001,0.2811,0.33070001,0.045899998,0.0093,0.1749,0.0937,0.13510001,0.1117,0.1083,0.081200004,0.1116,0.28600001,0.36739999,0.334,0.4068,0.0405,0.0008,0.1978,0.090099998
8652,0.15180001,0.133,0.13339999,0.1529,0.16240001,0.18700001,0.2156,0.18619999,0.2369,0.0343,0.0011,0.23819999,0.17120001,El Gazira_41,POINT (32.70031893235785 14.365477747222013),0.1487,0.1288,0.1209,0.13349999,0.1453,0.17129999,0.19769999,0.1657,0.21789999,0.0299,0.0008,0.20649999,0.14470001,0.37020001,0.3626,0.34979999,0.32100001,0.31200001,0.33669999,0.35120001,0.3775,0.35749999,0.1459,0.0041,0.33149999,0.26300001,0.1602,0.1372,0.1362,0.1118,0.1349,0.2404,0.28960001,0.27239999,0.31400001,0.044,0.0073,0.1742,0.0933,0.1354,0.1136,0.1094,0.092100002,0.111,0.1873,0.2254,0.2095,0.2475,0.0309,0.0007,0.15360001,0.077
111828,0.1485,0.1329,0.1322,0.1432,0.1441,0.1664,0.1884,0.17290001,0.2005,0.0339,0.0011,0.1992,0.1516,El Gazira_41,POINT (32.73226780792681 14.326820166645222),0.1468,0.1234,0.1163,0.1219,0.1203,0.1337,0.151,0.1392,0.15790001,0.030200001,0.001,0.16680001,0.1293,0.27720001,0.29229999,0.281,0.2841,0.2784,0.289,0.29460001,0.32730001,0.3001,0.1015,0.0058,0.30039999,0.2101,0.1646,0.13860001,0.1443,0.1106,0.14229999,0.309,0.39910001,0.3522,0.436,0.051800001,0.0111,0.2018,0.1041,0.1515,0.123,0.1094,0.096699998,0.1141,0.1638,0.1969,0.1635,0.2054,0.046,0.0128,0.1578,0.1015
93747,0.153,0.1327,0.1365,0.13850001,0.1521,0.17640001,0.1866,0.15360001,0.2101,0.0328,0.0011,0.18709999,0.1374,El Gazira_41,POINT (32.716895305479134 14.333338540887679),0.1473,0.13500001,0.1309,0.1363,0.1373,0.1587,0.1637,0.1304,0.1804,0.027,0.001,0.1436,0.1122,0.39300001,0.3761,0.3441,0.3468,0.3831,0.41049999,0.428,0.39680001,0.44029999,0.1759,0.0042,0.4109,0.3545,0.1733,0.1551,0.1534,0.1427,0.1558,0.21170001,0.25409999,0.21969999,0.25729999,0.049800001,0.0147,0.1637,0.1072,0.13339999,0.108,0.095399998,0.0853,0.0994,0.111,0.13600001,0.0994,0.1322,0.0196,0.0014,0.1036,0.067400001
19209,0.16329999,0.14910001,0.1505,0.1745,0.1741,0.186,0.21179999,0.19320001,0.2244,0.036600001,0.0012,0.23729999,0.1903,El Gazira_41,POINT (32.70994989774675 14.361584829271656),0.16150001,0.1451,0.14390001,0.1622,0.15790001,0.17200001,0.1944,0.18009999,0.20389999,0.034,0.0012,0.2155,0.16940001,0.63630003,0.64810002,0.611,0.62620002,0.62169999,0.63370001,0.65200001,0.64340001,0.66320002,0.29120001,0.0053,0.473,0.35710001,0.1681,0.1461,0.138,0.1365,0.1432,0.185,0.214,0.1934,0.22750001,0.0394,0.0068,0.1758,0.1249,0.1525,0.1293,0.12800001,0.1238,0.14139999,0.2236,0.26480001,0.2448,0.2868,0.0279,0.001,0.2133,0.1363
44725,0.1469,0.1354,0.13410001,0.14910001,0.14910001,0.1595,0.17990001,0.1654,0.192,0.028,0.001,0.2057,0.16779999,El Gazira_41,POINT (32.71995128488138 14.348729146737924),0.15,0.1327,0.1261,0.137,0.1336,0.14560001,0.16,0.15180001,0.1716,0.0287,0.0009,0.18179999,0.1433,0.45750001,0.46419999,0.4533,0.48410001,0.47600001,0.47510001,0.5025,0.50059998,0.52020001,0.20190001,0.0045,0.4677,0.3759,0.16329999,0.1383,0.1444,0.1076,0.14049999,0.3292,0.43380001,0.4061,0.46470001,0.059900001,0.0098,0.2131,0.104,0.13609999,0.1113,0.1191,0.098899998,0.1319,0.212,0.25170001,0.22239999,0.28569999,0.0287,0.001,0.1816,0.089699998
97471,0.1436,0.1198,0.114,0.126,0.1222,0.1344,0.1497,0.14229999,0.1596,0.03,0.0011,0.17659999,0.1427,El Gazira_41,POINT (32.730508304634604 14.331980546253835),0.1452,0.1279,0.1236,0.12809999,0.1366,0.1707,0.184,0.1787,0.2059,0.03,0.0011,0.1939,0.1424,0.2983,0.30739999,0.29789999,0.30950001,0.31110001,0.334,0.3536,0.33970001,0.3655,0.1208,0.007,0.3468,0.2879,0.1661,0.1498,0.14820001,0.15260001,0.1608,0.232,0.2726,0.25350001,0.2967,0.0458,0.0113,0.20029999,0.1225,0.12710001,0.103,0.087,0.086900003,0.1051,0.14219999,0.16069999,0.13850001,0.1714,0.0209,0.0056,0.1293,0.068899997
117854,0.148,0.12620001,0.1211,0.1345,0.1454,0.16069999,0.1794,0.1515,0.18970001,0.0321,0.0011,0.2101,0.1601,El Gazira_41,POINT (32.72356289690222 14.32473790820666),0.14659999,0.1201,0.1086,0.1142,0.1256,0.14390001,0.1697,0.13429999,0.18009999,0.0306,0.001,0.1859,0.13959999,0.34709999,0.33340001,0.331,0.35139999,0.3504,0.36849999,0.382,0.3759,0.39030001,0.15009999,0.0053,0.38769999,0.30919999,0.1737,0.1455,0.1507,0.1176,0.1471,0.32120001,0.42500001,0.4197,0.45930001,0.061700001,0.0154,0.221,0.1137,0.1363,0.1082,0.1046,0.089900002,0.1068,0.16590001,0.1983,0.1804,0.219,0.033,0.0044,0.149,0.086800002
96673,0.1522,0.14219999,0.1505,0.17659999,0.1821,0.20119999,0.2261,0.2112,0.2446,0.0359,0.0011,0.2255,0.1532,El Gazira_41,POINT (32.723470291465794 14.332252145180602),0.1461,0.12819999,0.124,0.138,0.1336,0.1495,0.16320001,0.15270001,0.1743,0.028200001,0.0009,0.1767,0.1397,0.34920001,0.30509999,0.29089999,0.29530001,0.30039999,0.33590001,0.36340001,0.3249,0.3829,0.1516,0.0055,0.3362,0.3044,0.16680001,0.14210001,0.1476,0.1131,0.14030001,0.30610001,0.384,0.34830001,0.4052,0.0598,0.0128,0.2078,0.1074,0.1384,0.1102,0.1042,0.0893,0.1061,0.1611,0.189,0.1708,0.2068,0.032400001,0.0054,0.14390001,0.085699998
75105,0.1611,0.1574,0.169,0.2061,0.20469999,0.22310001,0.25080001,0.23370001,0.27500001,0.039900001,0.0011,0.2755,0.2111,El Gazira_41,POINT (32.69717034751917 14.338408387520701),0.1573,0.1432,0.14470001,0.16859999,0.1699,0.18870001,0.2114,0.19239999,0.2297,0.035100002,0.001,0.2291,0.1693,0.45230001,0.42829999,0.4183,0.43529999,0.4382,0.46360001,0.4905,0.4664,0.50199997,0.19580001,0.0039,0.46700001,0.38780001,0.1807,0.1628,0.15700001,0.15549999,0.1649,0.21510001,0.24950001,0.22939999,0.2656,0.0526,0.0191,0.206,0.14749999,0.1476,0.1235,0.1173,0.1228,0.1221,0.13950001,0.1605,0.1417,0.168,0.0208,0.0008,0.15790001,0.1188
146478,0.1446,0.1267,0.1244,0.1374,0.1366,0.1455,0.16150001,0.1517,0.1725,0.028200001,0.0011,0.1674,0.1125,El Gazira_41,POINT (32.72986006657958 14.315503544696513),0.1408,0.1205,0.1113,0.1196,0.118,0.1284,0.1392,0.1305,0.15,0.025,0.0008,0.15090001,0.1134,0.30149999,0.28830001,0.2859,0.30320001,0.30790001,0.3321,0.3504,0.3249,0.35960001,0.1169,0.0041,0.3448,0.28060001,0.16769999,0.1446,0.14470001,0.1112,0.14219999,0.32170001,0.43130001,0.3908,0.45680001,0.0656,0.0155,0.2111,0.1055,0.15800001,0.1468,0.1225,0.108,0.1239,0.17380001,0.2014,0.19750001,0.2183,0.0565,0.0139,0.1627,0.1172
103226,0.15009999,0.14129999,0.1521,0.1811,0.1858,0.20119999,0.2282,0.199,0.23819999,0.032600001,0.001,0.2261,0.1716,El Gazira_41,POINT (32.71772875440702 14.329807754839681),0.1443,0.12630001,0.1176,0.1288,0.1237,0.13420001,0.1471,0.13519999,0.15710001,0.0262,0.001,0.15009999,0.1181,0.35210001,0.3461,0.3294,0.33739999,0.332,0.357,0.38510001,0.3743,0.4127,0.1556,0.0051,0.3664,0.33340001,0.174,0.1495,0.15260001,0.1202,0.15260001,0.3087,0.38510001,0.34540001,0.412,0.0609,0.0165,0.2093,0.1116,0.13590001,0.109,0.1016,0.0858,0.097599998,0.14489999,0.17110001,0.16230001,0.1877,0.0294,0.0033,0.1331,0.0757
100860,0.15279999,0.1425,0.1445,0.1701,0.1673,0.1838,0.21070001,0.20100001,0.22669999,0.0359,0.0013,0.2387,0.18520001,El Gazira_41,POINT (32.72837837959668 14.330713084595578),0.15019999,0.1327,0.1314,0.147,0.1451,0.16230001,0.1807,0.1718,0.19840001,0.0321,0.001,0.21510001,0.1657,0.3118,0.2445,0.23729999,0.25060001,0.27860001,0.31529999,0.33680001,0.2595,0.3461,0.1302,0.0048,0.32659999,0.2726,0.17030001,0.1486,0.1434,0.1401,0.1507,0.2133,0.24510001,0.2256,0.2649,0.045,0.0119,0.1974,0.13789999,0.1345,0.1042,0.091,0.090400003,0.091200002,0.1102,0.1249,0.1037,0.13,0.0239,0.0032,0.1139,0.0805
2595,0.1512,0.1408,0.14219999,0.1662,0.1627,0.17910001,0.2043,0.1849,0.22409999,0.0334,0.0009,0.229,0.1806,El Gazira_41,POINT (32.70652349659878 14.368012670538524),0.1503,0.1269,0.1219,0.1327,0.13850001,0.1556,0.17129999,0.1498,0.1893,0.030300001,0.0009,0.196,0.15019999,0.46849999,0.39570001,0.38800001,0.4091,0.41440001,0.43540001,0.4693,0.41800001,0.48269999,0.20810001,0.0047,0.4188,0.34189999,0.1626,0.13789999,0.1434,0.1178,0.1514,0.28,0.36039999,0.3572,0.38749999,0.042300001,0.0056,0.226,0.1251,0.144,0.1274,0.1339,0.1362,0.16069999,0.2177,0.25870001,0.25389999,0.2967,0.027100001,0.001,0.26010001,0.1596
91118,0.1578,0.147,0.15369999,0.1855,0.1825,0.19580001,0.2221,0.20370001,0.23980001,0.0343,0.0011,0.25279999,0.203,El Gazira_41,POINT (32.711524190166095 14.334334403619165),0.14659999,0.1152,0.1084,0.1087,0.1103,0.1189,0.1356,0.1214,0.13429999,0.024700001,0.0009,0.068099998,0.043699998,0.38839999,0.42320001,0.4021,0.4237,0.42039999,0.4325,0.44350001,0.45339999,0.45159999,0.1706,0.0045,0.4305,0.36480001,0.17460001,0.1499,0.14569999,0.1278,0.1512,0.2256,0.26730001,0.2431,0.28209999,0.0513,0.017,0.1338,0.082900003,0.127,0.094700001,0.081100002,0.0607,0.0735,0.1168,0.13680001,0.1225,0.1488,0.016100001,0.0008,0.059900001,0.029100001
132950,0.146,0.138,0.13860001,0.1585,0.1523,0.1647,0.18610001,0.1802,0.20100001,0.026900001,0.0011,0.20900001,0.1727,El Gazira_41,POINT (32.7208773392457 14.319849127524817),0.15009999,0.1319,0.129,0.141,0.1398,0.15629999,0.171,0.1666,0.1893,0.030300001,0.0009,0.20720001,0.1662,0.38119999,0.36840001,0.3585,0.37,0.38780001,0.41549999,0.43959999,0.41389999,0.443,0.17200001,0.004,0.45280001,0.36230001,0.1829,0.1611,0.1559,0.15459999,0.1556,0.20100001,0.2334,0.22759999,0.2439,0.055,0.019300001,0.1902,0.1424,0.1583,0.1269,0.1103,0.1132,0.1145,0.1391,0.1565,0.1434,0.1684,0.043,0.0101,0.1489,0.1162
63286,0.15790001,0.14569999,0.152,0.1804,0.1795,0.19410001,0.2183,0.1999,0.2324,0.037700001,0.0012,0.24339999,0.1946,El Gazira_41,POINT (32.70578265310733 14.34148650869075),0.153,0.1305,0.12710001,0.1428,0.14560001,0.1582,0.17460001,0.1584,0.1884,0.031800002,0.0011,0.1947,0.15009999,0.4878,0.42550001,0.39359999,0.4418,0.45320001,0.4862,0.519,0.44510001,0.53079998,0.2234,0.0044,0.49540001,0.408,0.1715,0.15180001,0.1425,0.1401,0.1459,0.195,0.22660001,0.20379999,0.2368,0.0464,0.014,0.1753,0.12630001,0.1433,0.1169,0.1079,0.1131,0.1092,0.125,0.13869999,0.1237,0.14820001,0.019,0.0008,0.133,0.0999
15278,0.1578,0.1402,0.1417,0.15279999,0.1592,0.1899,0.21600001,0.1999,0.2377,0.035300002,0.0011,0.22840001,0.16940001,El Gazira_41,POINT (32.701615408467894 14.363033356881092),0.15620001,0.1303,0.1234,0.1322,0.138,0.15989999,0.17829999,0.15459999,0.1961,0.0307,0.0009,0.1919,0.1451,0.47819999,0.4903,0.4752,0.4962,0.49309999,0.51270002,0.52890003,0.52380002,0.538,0.2031,0.0041,0.48289999,0.3757,0.1664,0.13860001,0.142,0.1161,0.145,0.25229999,0.3035,0.29069999,0.3283,0.044100001,0.0075,0.1961,0.1151,0.146,0.1204,0.1219,0.1117,0.14129999,0.2104,0.25330001,0.24680001,0.2825,0.0277,0.0008,0.2296,0.1353
130451,0.16240001,0.16769999,0.1797,0.22239999,0.2149,0.23639999,0.2638,0.2527,0.2877,0.0403,0.0012,0.29030001,0.22149999,El Gazira_41,POINT (32.72976746114315 14.320663924305125),0.1499,0.1319,0.1259,0.13770001,0.13689999,0.1619,0.1744,0.1665,0.1957,0.0309,0.001,0.1943,0.14659999,0.32789999,0.28960001,0.27329999,0.26910001,0.27500001,0.3055,0.33430001,0.3159,0.3592,0.1393,0.0041,0.3204,0.2771,0.1679,0.14,0.1382,0.1106,0.1408,0.2915,0.3633,0.3414,0.378,0.061900001,0.0151,0.18269999,0.095100001,0.15710001,0.1131,0.1029,0.0995,0.125,0.2009,0.2367,0.2246,0.25240001,0.053800002,0.0121,0.1617,0.1185
146654,0.1508,0.1344,0.13259999,0.1505,0.1468,0.1559,0.1733,0.1656,0.18889999,0.032,0.0011,0.2041,0.1652,El Gazira_41,POINT (32.7287488013424 14.315413011720924),0.14480001,0.1257,0.1177,0.123,0.1202,0.1354,0.1495,0.1454,0.16159999,0.027,0.001,0.1628,0.1233,0.31029999,0.2755,0.27739999,0.29719999,0.29929999,0.3267,0.34940001,0.3089,0.36390001,0.1244,0.0039,0.34450001,0.27880001,0.1681,0.14390001,0.1406,0.1176,0.1494,0.27360001,0.33700001,0.3136,0.35609999,0.06,0.0153,0.19329999,0.1079,0.1637,0.133,0.1207,0.1117,0.12800001,0.1837,0.2089,0.1919,0.21950001,0.0598,0.0136,0.16580001,0.1129
75446,0.1602,0.15549999,0.16429999,0.19679999,0.1955,0.21179999,0.2397,0.2286,0.26069999,0.0394,0.0011,0.27039999,0.2062,El Gazira_41,POINT (32.73226780792681 14.338408387520701),0.1424,0.1215,0.1121,0.1216,0.1232,0.13339999,0.1481,0.13500001,0.15790001,0.0262,0.001,0.15539999,0.1189,0.331,0.31040001,0.28940001,0.2978,0.2999,0.329,0.35339999,0.33039999,0.37040001,0.1406,0.0073,0.33770001,0.2951,0.1655,0.13940001,0.13869999,0.1173,0.1371,0.2608,0.32249999,0.274,0.3335,0.0479,0.01,0.1945,0.1128,0.1425,0.1185,0.1078,0.093400002,0.1031,0.1481,0.1724,0.1683,0.1842,0.0416,0.0105,0.1347,0.086400002
147524,0.1522,0.13869999,0.14139999,0.1631,0.1574,0.1709,0.1945,0.18279999,0.2119,0.0334,0.0011,0.2308,0.19149999,El Gazira_41,POINT (32.732453018799674 14.314960346842975),0.1432,0.1222,0.1132,0.1217,0.1203,0.13,0.14489999,0.13510001,0.15539999,0.0263,0.0009,0.1665,0.1318,0.33939999,0.2656,0.266,0.30289999,0.31459999,0.35330001,0.38769999,0.29809999,0.4032,0.15279999,0.0039,0.37529999,0.32730001,0.1728,0.1479,0.1398,0.13240001,0.141,0.22480001,0.2633,0.2229,0.27860001,0.0563,0.0158,0.16940001,0.1096,0.1664,0.12639999,0.1274,0.12710001,0.1322,0.18269999,0.2096,0.1698,0.2181,0.064300001,0.0152,0.1692,0.1295
62006,0.1574,0.15459999,0.1584,0.191,0.1786,0.2043,0.22400001,0.22229999,0.2448,0.0356,0.0011,0.24259999,0.1944,El Gazira_41,POINT (32.72106255011857 14.341848640593108),0.1496,0.1407,0.1375,0.1584,0.15019999,0.16249999,0.1824,0.1805,0.20039999,0.0278,0.0008,0.19859999,0.1542,0.42460001,0.3757,0.3714,0.3739,0.37459999,0.41159999,0.44069999,0.41029999,0.4639,0.1943,0.0059,0.41389999,0.36300001,0.1727,0.156,0.154,0.155,0.17020001,0.2418,0.2818,0.25830001,0.3046,0.0517,0.0116,0.1988,0.13240001,0.13940001,0.12639999,0.1209,0.1228,0.1244,0.1391,0.168,0.1507,0.16689999,0.019400001,0.0008,0.1302,0.088299997
117693,0.15260001,0.14470001,0.1503,0.1751,0.1841,0.21950001,0.2516,0.2394,0.28240001,0.034,0.001,0.27340001,0.19490001,El Gazira_41,POINT (32.70865342163671 14.32473790820666),0.1476,0.1372,0.1376,0.16339999,0.1628,0.2024,0.2322,0.22409999,0.25780001,0.0321,0.001,0.2403,0.175,0.4747,0.43669999,0.42469999,0.4619,0.47589999,0.50650001,0.52890003,0.47960001,0.54659998,0.22939999,0.0045,0.50340003,0.445,0.1699,0.15629999,0.1514,0.14229999,0.15449999,0.2568,0.31740001,0.2832,0.33860001,0.058800001,0.018300001,0.20720001,0.1213,0.126,0.107,0.096199997,0.0942,0.0973,0.1525,0.19230001,0.1618,0.20630001,0.0213,0.001,0.145,0.082599998
23302,0.1558,0.1507,0.15090001,0.17820001,0.1715,0.1886,0.2121,0.1943,0.23019999,0.032200001,0.0011,0.239,0.1929,El Gazira_41,POINT (32.71532101305979 14.360045768686632),0.1504,0.1269,0.118,0.1287,0.12980001,0.1427,0.1591,0.13959999,0.1719,0.0279,0.001,0.1771,0.13680001,0.63529998,0.65930003,0.62730002,0.66329998,0.65189999,0.6706,0.69050002,0.68800002,0.70429999,0.29980001,0.0082,0.5528,0.4109,0.16150001,0.1389,0.134,0.1189,0.1393,0.2358,0.28749999,0.26350001,0.30559999,0.0466,0.0067,0.1815,0.1056,0.14040001,0.1181,0.1157,0.1051,0.12809999,0.2186,0.26019999,0.26,0.28490001,0.030300001,0.0009,0.1892,0.1096
17658,0.147,0.13169999,0.1302,0.1497,0.1462,0.16060001,0.1805,0.1665,0.1945,0.0301,0.0011,0.20919999,0.1715,El Gazira_41,POINT (32.69781858557419 14.362128027125195),0.1427,0.1236,0.1165,0.1266,0.1214,0.1323,0.1478,0.1373,0.1576,0.0246,0.0009,0.14470001,0.1104,0.48930001,0.52609998,0.50309998,0.52859998,0.52389997,0.53850001,0.55500001,0.55489999,0.56129998,0.2102,0.0053,0.5072,0.3908,0.1635,0.15090001,0.1524,0.1552,0.1594,0.2217,0.2563,0.2402,0.26840001,0.0398,0.0083,0.1894,0.1231,0.141,0.1242,0.1222,0.1205,0.1338,0.22,0.2599,0.22400001,0.2924,0.0266,0.0008,0.2124,0.13510001
81808,0.1548,0.15180001,0.15800001,0.1969,0.1956,0.2131,0.2368,0.2246,0.25819999,0.0367,0.0013,0.2631,0.2022,El Gazira_41,POINT (32.72458155670297 14.336778793960086),0.1416,0.1211,0.1156,0.124,0.124,0.138,0.1524,0.1428,0.1621,0.025900001,0.001,0.1664,0.1292,0.37720001,0.38890001,0.3705,0.377,0.3707,0.385,0.39629999,0.40979999,0.4003,0.16500001,0.0059,0.3752,0.30509999,0.1656,0.1408,0.14390001,0.1135,0.14470001,0.2872,0.3524,0.31889999,0.3786,0.056,0.0118,0.2009,0.1061,0.1355,0.1003,0.091899998,0.075099997,0.091300003,0.1497,0.1763,0.1592,0.19589999,0.0289,0.0019,0.12639999,0.069399998
142907,0.1584,0.1531,0.1605,0.1865,0.1957,0.2139,0.2395,0.2225,0.26570001,0.038199998,0.0013,0.28369999,0.2174,El Gazira_41,POINT (32.711524190166095 14.316771006354768),0.15350001,0.1371,0.13789999,0.1576,0.1601,0.1837,0.2041,0.1974,0.22319999,0.035,0.001,0.2471,0.1868,0.32069999,0.34540001,0.34490001,0.35519999,0.36039999,0.38339999,0.4073,0.39,0.42500001,0.1344,0.004,0.42649999,0.354,0.1735,0.15279999,0.1427,0.1391,0.1426,0.1769,0.2024,0.1934,0.2168,0.05,0.0185,0.1759,0.13519999,0.13770001,0.1149,0.1046,0.1028,0.1008,0.1164,0.1329,0.121,0.13779999,0.023700001,0.0051,0.1294,0.095700003
58527,0.15880001,0.1515,0.1559,0.1947,0.18539999,0.2024,0.2264,0.2149,0.24879999,0.0359,0.0013,0.26719999,0.2176,El Gazira_41,POINT (32.71745093809773 14.342753970349005),0.15530001,0.1417,0.1411,0.1619,0.1718,0.1876,0.2051,0.19589999,0.2261,0.0334,0.001,0.25260001,0.1982,0.4188,0.3989,0.382,0.39700001,0.39739999,0.42179999,0.4526,0.4348,0.47400001,0.1884,0.0056,0.42559999,0.37900001,0.18430001,0.163,0.161,0.1727,0.1805,0.2279,0.26190001,0.23729999,0.28389999,0.0526,0.0137,0.2422,0.18430001,0.14820001,0.1189,0.1143,0.1227,0.12729999,0.1445,0.1708,0.1473,0.17560001,0.0212,0.0009,0.1656,0.1284
99972,0.1514,0.1311,0.132,0.1477,0.14669999,0.1547,0.1745,0.16140001,0.1804,0.032400001,0.0011,0.1541,0.1111,El Gazira_41,POINT (32.71439495869548 14.330984683522347),0.14480001,0.1221,0.1136,0.1251,0.1217,0.13330001,0.1406,0.1329,0.148,0.027,0.0009,0.1499,0.1185,0.44049999,0.37850001,0.3574,0.37450001,0.371,0.39129999,0.408,0.4102,0.40970001,0.2112,0.0061,0.401,0.3272,0.1679,0.1432,0.14139999,0.1154,0.1495,0.27860001,0.33309999,0.30379999,0.34869999,0.0578,0.015,0.15790001,0.0809,0.1357,0.1024,0.092100002,0.069399998,0.0959,0.1788,0.2201,0.20829999,0.23710001,0.0317,0.0016,0.1105,0.066299997
43370,0.1613,0.1479,0.15350001,0.1833,0.18610001,0.21259999,0.2352,0.2157,0.2588,0.0402,0.0013,0.27020001,0.20900001,El Gazira_41,POINT (32.72652627086804 14.34963447649382),0.1473,0.1287,0.1247,0.1338,0.132,0.1538,0.1734,0.17030001,0.1787,0.0288,0.0009,0.1864,0.1417,0.42750001,0.41209999,0.41350001,0.4129,0.4091,0.4375,0.46560001,0.45429999,0.48249999,0.1935,0.0055,0.431,0.3779,0.1647,0.1409,0.1477,0.1248,0.1547,0.25420001,0.3089,0.29969999,0.3285,0.0523,0.0089,0.2154,0.1323,0.12720001,0.1054,0.0981,0.084100001,0.1031,0.15180001,0.1762,0.1602,0.1938,0.021400001,0.0008,0.1388,0.0792
67449,0.1618,0.16320001,0.17479999,0.2166,0.2145,0.23370001,0.26370001,0.25049999,0.28740001,0.040100001,0.0013,0.2872,0.21510001,El Gazira_41,POINT (32.705227020488735 14.340400112983673),0.1564,0.1436,0.1461,0.1737,0.1715,0.1913,0.214,0.20290001,0.2341,0.035500001,0.0011,0.24150001,0.1777,0.4052,0.37540001,0.3355,0.27039999,0.27770001,0.30239999,0.34349999,0.38319999,0.38280001,0.1688,0.0035,0.30720001,0.28080001,0.1728,0.15700001,0.1529,0.14659999,0.1576,0.21619999,0.25319999,0.2475,0.26820001,0.048099998,0.0148,0.19660001,0.1363,0.137,0.1111,0.098300003,0.1008,0.098200001,0.1097,0.1224,0.1108,0.1313,0.0163,0.0008,0.1172,0.0871
5950,0.1551,0.1418,0.1411,0.1646,0.1629,0.1796,0.2043,0.192,0.2236,0.033300001,0.0012,0.2339,0.1825,El Gazira_41,POINT (32.71291327171257 14.36656414292909),0.15629999,0.1363,0.13240001,0.1464,0.14740001,0.17,0.18709999,0.1683,0.2049,0.0321,0.001,0.2219,0.1706,0.55919999,0.52749997,0.51990002,0.55760002,0.56129998,0.583,0.60369998,0.556,0.60970002,0.2543,0.0069,0.50419998,0.38789999,0.1657,0.1497,0.1453,0.13850001,0.151,0.2131,0.2481,0.22830001,0.26809999,0.0367,0.0057,0.1864,0.125,0.1393,0.1184,0.107,0.1093,0.108,0.123,0.1453,0.1301,0.1522,0.0164,0.0008,0.1228,0.0867
106313,0.1503,0.1283,0.12980001,0.14210001,0.15,0.1679,0.19,0.1673,0.1981,0.0321,0.0011,0.18629999,0.14,El Gazira_41,POINT (32.723470291465794 14.328721359132606),0.144,0.1242,0.1181,0.1233,0.13500001,0.152,0.1699,0.15009999,0.176,0.0277,0.0009,0.1583,0.1195,0.38119999,0.32600001,0.32969999,0.35609999,0.36919999,0.39739999,0.42070001,0.36140001,0.4355,0.17479999,0.0055,0.4061,0.36,0.17479999,0.1499,0.1461,0.1376,0.15350001,0.2115,0.2507,0.22679999,0.26660001,0.050900001,0.0139,0.17739999,0.1153,0.13420001,0.105,0.093400002,0.087200001,0.1027,0.13259999,0.1505,0.134,0.15090001,0.0272,0.0034,0.1215,0.074100003
117492,0.1558,0.1517,0.16060001,0.1971,0.1973,0.2155,0.24240001,0.22229999,0.266,0.0363,0.0011,0.27160001,0.2105,El Gazira_41,POINT (32.7150431967505 14.32482844118225),0.1471,0.1239,0.1151,0.12630001,0.12710001,0.13869999,0.15629999,0.1389,0.1636,0.030400001,0.001,0.1811,0.14309999,0.37009999,0.37220001,0.35089999,0.3626,0.39860001,0.42030001,0.42609999,0.39579999,0.41780001,0.15979999,0.0047,0.4244,0.32969999,0.17990001,0.15440001,0.14749999,0.1453,0.1507,0.19,0.2165,0.19859999,0.22759999,0.052900001,0.0196,0.1812,0.13609999,0.1479,0.1223,0.1145,0.1197,0.121,0.1425,0.1605,0.139,0.1682,0.0332,0.0074,0.1542,0.113
142458,0.1561,0.1415,0.14300001,0.1653,0.1654,0.18189999,0.2075,0.1858,0.2286,0.0381,0.0013,0.245,0.1955,El Gazira_41,POINT (32.72504458388513 14.316952072305948),0.144,0.12800001,0.1207,0.1331,0.1293,0.1446,0.1582,0.15019999,0.173,0.0279,0.0008,0.1805,0.1408,0.27180001,0.24590001,0.22579999,0.1962,0.193,0.2229,0.2489,0.27329999,0.26539999,0.1027,0.0031,0.2333,0.1805,0.17309999,0.1479,0.1486,0.12720001,0.1486,0.24770001,0.30059999,0.28420001,0.3251,0.061700001,0.017200001,0.1811,0.1052,0.1485,0.1192,0.117,0.1081,0.1186,0.1661,0.1953,0.16689999,0.20819999,0.0458,0.0109,0.14929999,0.095100001
109483,0.1516,0.1374,0.1391,0.161,0.16060001,0.1829,0.2077,0.20029999,0.22400001,0.0345,0.001,0.2201,0.1663,El Gazira_41,POINT (32.732082597053946 14.32763496342553),0.14830001,0.12989999,0.1244,0.13680001,0.134,0.1559,0.1708,0.171,0.1884,0.0312,0.001,0.1848,0.139,0.31240001,0.28119999,0.2493,0.25330001,0.27039999,0.3055,0.32679999,0.29719999,0.35179999,0.1278,0.0058,0.31580001,0.2735,0.1656,0.14470001,0.13779999,0.129,0.14030001,0.22149999,0.26570001,0.2473,0.29170001,0.047200002,0.0116,0.184,0.1196,0.13789999,0.104,0.0994,0.095100001,0.106,0.1366,0.1584,0.1322,0.1683,0.0301,0.0082,0.1347,0.088100001
114026,0.1565,0.14669999,0.1514,0.1841,0.1864,0.2045,0.2295,0.2147,0.25510001,0.0348,0.0012,0.2581,0.19750001,El Gazira_41,POINT (32.716154461987685 14.326005369864916),0.1453,0.1287,0.1234,0.13770001,0.1516,0.171,0.1805,0.1622,0.2017,0.0279,0.0011,0.2133,0.1622,0.40759999,0.34400001,0.3522,0.37200001,0.37740001,0.4093,0.43579999,0.39140001,0.45570001,0.1917,0.0047,0.41620001,0.3741,0.1752,0.1504,0.1408,0.1366,0.14049999,0.1807,0.20460001,0.18269999,0.2163,0.0504,0.0186,0.1645,0.1236,0.14579999,0.1182,0.1053,0.1081,0.1079,0.12809999,0.1406,0.12710001,0.1459,0.0328,0.0064,0.1312,0.090800002
81281,0.15880001,0.146,0.1508,0.1779,0.17749999,0.19159999,0.2146,0.19939999,0.23029999,0.035500001,0.0011,0.2458,0.1971,El Gazira_41,POINT (32.70680131290808 14.336869326935677),0.1523,0.13160001,0.1276,0.1461,0.14390001,0.1559,0.17460001,0.15970001,0.1858,0.0312,0.001,0.1936,0.1539,0.42969999,0.41949999,0.4181,0.44150001,0.43189999,0.44960001,0.45550001,0.45930001,0.45739999,0.1891,0.0046,0.47229999,0.37639999,0.1734,0.153,0.14210001,0.13789999,0.1425,0.177,0.2009,0.1881,0.21089999,0.0466,0.0168,0.1674,0.1293,0.13249999,0.1045,0.0906,0.088,0.088,0.0973,0.1111,0.0946,0.1139,0.0148,0.0008,0.1001,0.076
17812,0.16419999,0.1521,0.156,0.1785,0.17910001,0.19149999,0.2164,0.2008,0.2331,0.0339,0.0012,0.2462,0.2026,El Gazira_41,POINT (32.71207982278469 14.362128027125195),0.16140001,0.1451,0.142,0.1636,0.1603,0.1749,0.1919,0.1798,0.2066,0.032,0.001,0.2138,0.1726,0.65890002,0.66109997,0.66570002,0.71350002,0.71289998,0.7353,0.7554,0.70660001,0.7676,0.30790001,0.0071,0.57709998,0.43579999,0.16419999,0.1411,0.13339999,0.1288,0.1348,0.1699,0.1964,0.17900001,0.206,0.0348,0.0067,0.1644,0.1232,0.14920001,0.1305,0.1251,0.1332,0.1309,0.152,0.17380001,0.1601,0.1869,0.024,0.0008,0.17900001,0.1374
62441,0.16249999,0.15369999,0.1603,0.189,0.18619999,0.20909999,0.2361,0.2306,0.25929999,0.0407,0.0011,0.27759999,0.2158,El Gazira_41,POINT (32.72930443396099 14.341758107617519),0.1504,0.14139999,0.1406,0.1622,0.1609,0.1795,0.2041,0.1939,0.2261,0.031800002,0.0012,0.2428,0.19059999,0.354,0.41940001,0.40270001,0.4296,0.4307,0.4499,0.459,0.46160001,0.45919999,0.15719999,0.0052,0.45109999,0.3734,0.1699,0.15459999,0.15549999,0.1601,0.1689,0.225,0.2633,0.2447,0.28439999,0.0446,0.0098,0.22939999,0.16429999,0.13160001,0.1069,0.0942,0.0911,0.091200002,0.1086,0.1265,0.1081,0.13249999,0.0223,0.0017,0.1134,0.080300003
128432,0.1524,0.13770001,0.1401,0.15710001,0.16159999,0.17649999,0.19930001,0.1856,0.2159,0.0348,0.0011,0.2008,0.14049999,El Gazira_41,POINT (32.72773014154165 14.321297655134252),0.14740001,0.12620001,0.12,0.1269,0.1292,0.1437,0.15710001,0.1444,0.16949999,0.0286,0.001,0.1815,0.145,0.26809999,0.24150001,0.2163,0.22040001,0.2271,0.25850001,0.2854,0.2579,0.3,0.1,0.0034,0.27160001,0.2154,0.1673,0.1427,0.1495,0.1149,0.1539,0.32280001,0.41240001,0.38249999,0.44420001,0.064099997,0.0144,0.20739999,0.1047,0.13860001,0.1072,0.098399997,0.087300003,0.1019,0.14489999,0.1715,0.1604,0.1884,0.038199998,0.0057,0.145,0.0867
112721,0.15790001,0.1574,0.16689999,0.2077,0.2061,0.2237,0.25040001,0.2335,0.2737,0.0369,0.0011,0.26980001,0.20469999,El Gazira_41,POINT (32.71772875440702 14.326458034742863),0.1514,0.1388,0.1408,0.1674,0.1679,0.18700001,0.2031,0.189,0.2226,0.0328,0.0012,0.2304,0.17659999,0.3804,0.36759999,0.34330001,0.36970001,0.3651,0.38690001,0.40529999,0.3915,0.4136,0.17020001,0.0047,0.3926,0.32620001,0.17820001,0.1573,0.1557,0.1556,0.1647,0.2225,0.25650001,0.2357,0.27200001,0.0521,0.0179,0.2043,0.1476,0.14040001,0.1069,0.095299996,0.0875,0.092100002,0.1131,0.1252,0.1054,0.1258,0.029100001,0.0061,0.1157,0.081100002
113260,0.15530001,0.1464,0.1494,0.18269999,0.1785,0.1943,0.2149,0.205,0.2333,0.034,0.0011,0.24339999,0.1956,El Gazira_41,POINT (32.71874741420777 14.326276968791685),0.1499,0.13249999,0.1288,0.1476,0.14839999,0.16069999,0.1768,0.16329999,0.1909,0.030400001,0.0012,0.20290001,0.1638,0.38,0.3522,0.34459999,0.3583,0.36269999,0.38600001,0.4077,0.391,0.42359999,0.168,0.0047,0.39469999,0.3344,0.1752,0.1504,0.1402,0.13789999,0.1401,0.1753,0.20280001,0.18629999,0.2141,0.0491,0.018100001,0.1605,0.1246,0.1406,0.113,0.0999,0.098700002,0.1011,0.1185,0.1355,0.1167,0.1424,0.0289,0.0062,0.1218,0.0889
66332,0.1587,0.14489999,0.1486,0.17470001,0.1744,0.18870001,0.2131,0.1965,0.2325,0.036,0.0013,0.2423,0.19419999,El Gazira_41,POINT (32.69865203450208 14.340671711910442),0.1533,0.1323,0.1278,0.1435,0.1437,0.1608,0.17829999,0.16320001,0.193,0.031800002,0.001,0.20039999,0.1548,0.45930001,0.45359999,0.44639999,0.4797,0.47819999,0.49869999,0.51889998,0.4921,0.52939999,0.19939999,0.0038,0.51480001,0.4138,0.1763,0.15719999,0.15260001,0.1485,0.1558,0.20810001,0.243,0.2203,0.25740001,0.049199998,0.0155,0.20119999,0.1455,0.145,0.1236,0.112,0.1176,0.1149,0.12989999,0.1481,0.13330001,0.1557,0.019400001,0.001,0.1477,0.1122
37463,0.1542,0.15989999,0.166,0.20810001,0.18709999,0.20200001,0.23119999,0.23450001,0.2489,0.035300002,0.0012,0.2485,0.1902,El Gazira_41,POINT (32.72171078817359 14.354070592297713),0.1504,0.1256,0.1188,0.1295,0.1302,0.1432,0.1595,0.1462,0.171,0.0308,0.001,0.17900001,0.13330001,0.48570001,0.4578,0.4628,0.4946,0.4842,0.50840002,0.5402,0.50340003,0.55729997,0.227,0.006,0.493,0.4233,0.1617,0.13600001,0.13070001,0.1172,0.13500001,0.2201,0.26359999,0.25229999,0.27669999,0.039299998,0.0075,0.1636,0.093,0.13070001,0.105,0.097900003,0.0735,0.094300002,0.19329999,0.2358,0.2174,0.2474,0.023800001,0.0008,0.1284,0.064
99141,0.1499,0.134,0.1375,0.1489,0.1574,0.19230001,0.22390001,0.2026,0.2376,0.0358,0.0011,0.2351,0.1706,El Gazira_41,POINT (32.72800795785095 14.331346815424705),0.14910001,0.12970001,0.1261,0.13609999,0.14830001,0.1781,0.1979,0.1793,0.22059999,0.0323,0.001,0.2166,0.1596,0.30450001,0.3012,0.2843,0.29350001,0.29370001,0.31850001,0.33700001,0.3276,0.33989999,0.1242,0.005,0.32820001,0.26769999,0.1698,0.1454,0.1391,0.13420001,0.1411,0.198,0.2333,0.2181,0.25619999,0.045600001,0.0118,0.186,0.13070001,0.1346,0.1004,0.0906,0.088500001,0.088,0.1053,0.1215,0.092100002,0.1309,0.0239,0.0035,0.1067,0.0796
125356,0.1538,0.139,0.1434,0.1698,0.1653,0.18700001,0.2094,0.1925,0.2332,0.036200002,0.0011,0.23810001,0.1876,El Gazira_41,POINT (32.73023048832531 14.32229351786574),0.14489999,0.127,0.1268,0.1416,0.13860001,0.1665,0.1825,0.1631,0.2061,0.0296,0.001,0.2007,0.1543,0.29170001,0.2845,0.2714,0.2825,0.27720001,0.301,0.3145,0.31889999,0.3242,0.1148,0.0041,0.32139999,0.24519999,0.1691,0.1543,0.1522,0.1494,0.1617,0.24089999,0.28479999,0.26,0.30840001,0.058200002,0.0138,0.21080001,0.1434,0.13779999,0.1195,0.1078,0.107,0.1035,0.1364,0.16339999,0.1479,0.17550001,0.036,0.0046,0.13590001,0.096500002
84928,0.1593,0.1565,0.1683,0.2076,0.21340001,0.2341,0.26289999,0.2353,0.28470001,0.038199998,0.0011,0.2879,0.2138,El Gazira_41,POINT (32.71207982278469 14.33596399717978),0.14560001,0.1211,0.1128,0.123,0.1217,0.1314,0.146,0.1336,0.1523,0.0265,0.001,0.1371,0.095700003,0.3919,0.3423,0.35139999,0.37130001,0.3766,0.3976,0.41710001,0.38280001,0.42829999,0.17309999,0.0057,0.40529999,0.3436,0.1771,0.1549,0.1566,0.145,0.1689,0.2341,0.2737,0.2455,0.28670001,0.055500001,0.0162,0.1567,0.0928,0.1287,0.1002,0.091899998,0.078500003,0.097599998,0.13169999,0.15360001,0.1337,0.16,0.018,0.0008,0.060400002,0.0277
101044,0.155,0.1358,0.1416,0.15539999,0.161,0.1814,0.20720001,0.19140001,0.2173,0.034600001,0.001,0.18170001,0.1186,El Gazira_41,POINT (32.7226368425379 14.330622551619989),0.1472,0.1228,0.1144,0.12630001,0.1251,0.1354,0.1522,0.1393,0.1578,0.0272,0.001,0.15180001,0.1144,0.32800001,0.2924,0.2852,0.31439999,0.31940001,0.3448,0.36320001,0.3132,0.36629999,0.1367,0.0045,0.3468,0.2895,0.1709,0.1471,0.1561,0.1266,0.1626,0.29159999,0.3527,0.31709999,0.37459999,0.057700001,0.0141,0.205,0.1147,0.1344,0.1104,0.1047,0.098399997,0.1156,0.1582,0.176,0.1551,0.1894,0.0261,0.0063,0.1481,0.076399997
118347,0.1552,0.1541,0.1662,0.2141,0.212,0.2339,0.2658,0.259,0.2915,0.0383,0.0012,0.29089999,0.20200001,El Gazira_41,POINT (32.7191178359535 14.32455684225548),0.1507,0.1425,0.14650001,0.1767,0.1803,0.19679999,0.22589999,0.2124,0.2499,0.034200002,0.0009,0.26449999,0.19419999,0.37040001,0.36829999,0.36019999,0.378,0.36739999,0.38550001,0.40220001,0.4077,0.40779999,0.1692,0.0061,0.4129,0.3335,0.1772,0.15880001,0.1524,0.15719999,0.16249999,0.2102,0.24,0.2237,0.25740001,0.0519,0.0178,0.21089999,0.1542,0.1427,0.1153,0.1063,0.104,0.1002,0.1179,0.1383,0.12540001,0.148,0.0307,0.0067,0.1276,0.097900003
61794,0.14920001,0.131,0.1322,0.15350001,0.1398,0.1585,0.17560001,0.1736,0.1874,0.0314,0.0012,0.1797,0.1393,El Gazira_41,POINT (32.69541084422697 14.341848640593108),0.1473,0.126,0.1208,0.1363,0.1285,0.1409,0.155,0.1508,0.1585,0.0288,0.001,0.1507,0.116,0.45719999,0.47350001,0.45030001,0.4668,0.4664,0.4869,0.50529999,0.50480002,0.51249999,0.19679999,0.0038,0.4962,0.4077,0.1745,0.15629999,0.15189999,0.1485,0.1564,0.20290001,0.24,0.22840001,0.24789999,0.0521,0.0188,0.17219999,0.1162,0.142,0.1261,0.1257,0.13510001,0.12819999,0.1498,0.1754,0.177,0.18009999,0.0255,0.0008,0.15629999,0.1067
124977,0.1418,0.1285,0.13240001,0.1384,0.1453,0.1682,0.18960001,0.2076,0.21080001,0.0254,0.001,0.1522,0.098499998,El Gazira_41,POINT (32.72106255011857 14.322384050841329),0.1524,0.1381,0.13410001,0.1479,0.15109999,0.1859,0.2079,0.22229999,0.22310001,0.0343,0.001,0.2331,0.1709,0.35010001,0.3937,0.37869999,0.3899,0.37900001,0.38949999,0.3964,0.43610001,0.40540001,0.148,0.0051,0.4228,0.329,0.1814,0.16060001,0.1594,0.1552,0.1681,0.24079999,0.28009999,0.26629999,0.29719999,0.055500001,0.0178,0.2212,0.1499,0.1583,0.1258,0.1171,0.1157,0.1193,0.14659999,0.17020001,0.1644,0.1867,0.0442,0.01,0.1567,0.1162
58543,0.1561,0.13860001,0.1398,0.1592,0.1638,0.17820001,0.2,0.1884,0.2166,0.0334,0.0012,0.22830001,0.1823,El Gazira_41,POINT (32.71893262508063 14.342753970349005),0.14910001,0.132,0.1225,0.13339999,0.138,0.1574,0.17479999,0.16850001,0.1877,0.0286,0.001,0.1893,0.15,0.4465,0.43189999,0.3892,0.39669999,0.4576,0.4781,0.49720001,0.44929999,0.50629997,0.2106,0.0059,0.47850001,0.40700001,0.17560001,0.1532,0.1525,0.14659999,0.1609,0.2282,0.2656,0.25279999,0.289,0.0499,0.0127,0.21,0.1498,0.1393,0.118,0.1086,0.098800004,0.1064,0.1274,0.1472,0.1288,0.1393,0.0134,0.0008,0.063500002,0.0339
78465,0.1534,0.1409,0.1442,0.1689,0.1671,0.17820001,0.2015,0.18880001,0.217,0.031800002,0.0013,0.2342,0.19310001,El Gazira_41,POINT (32.71448756413191 14.337593590740394),0.14480001,0.1202,0.1118,0.1201,0.1205,0.1327,0.1441,0.13420001,0.1532,0.0262,0.0009,0.1531,0.1194,0.37020001,0.383,0.35879999,0.38139999,0.38769999,0.41249999,0.43439999,0.4057,0.4402,0.15440001,0.0053,0.4181,0.34580001,0.1709,0.1469,0.1517,0.1162,0.1497,0.3055,0.38350001,0.35949999,0.4091,0.064599998,0.0156,0.2025,0.1059,0.1295,0.1022,0.0955,0.075,0.0986,0.1601,0.19509999,0.18350001,0.21089999,0.0234,0.0009,0.1323,0.066299997
70495,0.1564,0.1464,0.151,0.182,0.1825,0.1992,0.22579999,0.213,0.2482,0.037500001,0.0012,0.26989999,0.2148,El Gazira_41,POINT (32.73236041336324 14.339675849178956),0.1459,0.1246,0.118,0.12980001,0.132,0.1432,0.16069999,0.1485,0.174,0.0306,0.001,0.1943,0.1574,0.3303,0.355,0.33489999,0.338,0.3396,0.3612,0.3775,0.3793,0.37970001,0.1401,0.0082,0.36849999,0.30680001,0.166,0.1406,0.1337,0.1286,0.1407,0.19930001,0.23109999,0.21,0.2476,0.0431,0.0099,0.1796,0.1162,0.1434,0.1118,0.1005,0.0832,0.096699998,0.1498,0.1761,0.1725,0.1908,0.041200001,0.0082,0.1327,0.095299996
140614,0.14820001,0.139,0.1416,0.1681,0.1627,0.1803,0.1987,0.1917,0.2168,0.031599998,0.0011,0.2253,0.1763,El Gazira_41,POINT (32.72124776099143 14.317495270159487),0.14569999,0.1296,0.1269,0.1454,0.13869999,0.1565,0.1727,0.1663,0.1874,0.030200001,0.001,0.19509999,0.1524,0.39559999,0.3513,0.3461,0.38319999,0.39739999,0.42809999,0.45269999,0.39179999,0.47150001,0.1805,0.0041,0.4639,0.39950001,0.18170001,0.1567,0.1524,0.1479,0.15880001,0.21179999,0.243,0.223,0.25389999,0.0567,0.0206,0.19069999,0.1354,0.1521,0.1269,0.1168,0.1194,0.1186,0.13869999,0.1531,0.14669999,0.1611,0.0398,0.011,0.1454,0.1028
64022,0.14830001,0.147,0.1586,0.18880001,0.1724,0.1833,0.20649999,0.21340001,0.2255,0.030200001,0.0011,0.2209,0.1732,El Gazira_41,POINT (32.71541361849623 14.34130544273957),0.1462,0.1211,0.1117,0.1222,0.1246,0.1391,0.15180001,0.13160001,0.1638,0.0265,0.0008,0.1578,0.1148,0.44029999,0.4305,0.41159999,0.42730001,0.42019999,0.4373,0.46169999,0.4655,0.48249999,0.2,0.0055,0.44069999,0.3813,0.1736,0.1476,0.146,0.1283,0.15279999,0.2447,0.29010001,0.2863,0.3105,0.0534,0.0145,0.1886,0.1169,0.131,0.1045,0.095399998,0.077500001,0.1101,0.2034,0.24590001,0.2325,0.2728,0.0275,0.0011,0.1485,0.078
123351,0.1558,0.1596,0.1716,0.21080001,0.20559999,0.2225,0.25240001,0.24079999,0.27169999,0.038800001,0.0011,0.27450001,0.2098,El Gazira_41,POINT (32.72532240019443 14.322927248694867),0.14560001,0.1256,0.118,0.13070001,0.1265,0.1402,0.1591,0.1473,0.17120001,0.031500001,0.0011,0.17919999,0.1381,0.353,0.35210001,0.35120001,0.35510001,0.359,0.38319999,0.40349999,0.39520001,0.4156,0.151,0.0051,0.40830001,0.33109999,0.17,0.14129999,0.14560001,0.1177,0.1471,0.2674,0.32659999,0.3188,0.35080001,0.0557,0.0136,0.19329999,0.1057,0.139,0.1098,0.097800002,0.083899997,0.095200002,0.144,0.1718,0.15970001,0.18709999,0.036,0.0053,0.1248,0.0748
139848,0.16429999,0.156,0.1591,0.1741,0.1778,0.19769999,0.223,0.20909999,0.2418,0.0363,0.0011,0.21250001,0.1427,El Gazira_41,POINT (32.70569004767089 14.317676336110665),0.1575,0.137,0.1336,0.146,0.153,0.1785,0.1992,0.1788,0.2233,0.035,0.001,0.2297,0.1743,0.3669,0.36970001,0.3407,0.34740001,0.36,0.3865,0.40810001,0.39309999,0.4197,0.1587,0.0041,0.4091,0.35100001,0.1839,0.16230001,0.1558,0.1514,0.1697,0.2247,0.2581,0.23810001,0.2863,0.0609,0.021,0.2129,0.15109999,0.1417,0.1223,0.1123,0.113,0.111,0.12890001,0.14489999,0.1258,0.14749999,0.0196,0.0025,0.1347,0.091799997
49161,0.154,0.137,0.13789999,0.16429999,0.1728,0.1952,0.22229999,0.21089999,0.25209999,0.037900001,0.0011,0.258,0.1903,El Gazira_41,POINT (32.72791535241451 14.346284756397003),0.148,0.1311,0.12710001,0.1435,0.1451,0.1609,0.1824,0.17309999,0.2036,0.031,0.001,0.2156,0.1628,0.31810001,0.2904,0.27649999,0.2771,0.2638,0.27860001,0.31029999,0.3064,0.33469999,0.1279,0.005,0.2784,0.25619999,0.1683,0.1408,0.133,0.12989999,0.13850001,0.1858,0.21690001,0.1858,0.2314,0.0431,0.0097,0.18279999,0.1358,0.12800001,0.1054,0.091200002,0.0902,0.0867,0.0986,0.1126,0.104,0.1176,0.0143,0.0007,0.1019,0.074699998
125998,0.1516,0.13160001,0.1327,0.1486,0.1698,0.1901,0.2147,0.1822,0.2282,0.0312,0.0009,0.1925,0.13079999,El Gazira_41,POINT (32.71170940103896 14.32202191893897),0.15270001,0.1371,0.1338,0.1473,0.159,0.1838,0.2053,0.18979999,0.2243,0.034899998,0.001,0.23029999,0.1714,0.46630001,0.41229999,0.4102,0.46689999,0.487,0.51670003,0.5402,0.464,0.56290001,0.1638,0.0048,0.5255,0.46900001,0.18260001,0.1679,0.1591,0.154,0.163,0.217,0.25130001,0.2348,0.26800001,0.056899998,0.022,0.2015,0.14470001,0.1397,0.1162,0.1041,0.1018,0.0968,0.1131,0.1223,0.1197,0.1331,0.0254,0.0063,0.1168,0.084600002
148985,0.145,0.1212,0.1147,0.1252,0.1198,0.1296,0.1489,0.13680001,0.1578,0.029300001,0.001,0.167,0.1357,El Gazira_41,POINT (32.732082597053946 14.31351181923354),0.1454,0.1283,0.1207,0.1305,0.1321,0.1485,0.16580001,0.1498,0.178,0.0277,0.001,0.1769,0.138,0.3644,0.3626,0.3515,0.3439,0.35030001,0.37900001,0.41069999,0.40110001,0.42879999,0.1619,0.0054,0.4003,0.34169999,0.1725,0.14380001,0.1417,0.1195,0.1517,0.29440001,0.35679999,0.32480001,0.37990001,0.063,0.0169,0.18880001,0.1009,0.1578,0.1408,0.1292,0.12630001,0.1258,0.17219999,0.1997,0.1983,0.2164,0.056600001,0.016,0.15539999,0.1093
134831,0.16,0.1469,0.15090001,0.1745,0.1789,0.2043,0.2236,0.2105,0.2494,0.0363,0.001,0.2481,0.18539999,El Gazira_41,POINT (32.70633828572591 14.31921539669569),0.1541,0.1338,0.12819999,0.1402,0.14839999,0.1762,0.19509999,0.1657,0.21430001,0.032699998,0.0009,0.20730001,0.1592,0.4104,0.3003,0.3003,0.33809999,0.35229999,0.39140001,0.42030001,0.32609999,0.43830001,0.19509999,0.005,0.3942,0.3531,0.1804,0.15549999,0.15260001,0.1356,0.16159999,0.2474,0.29449999,0.2791,0.31110001,0.0633,0.0222,0.1963,0.1248,0.12890001,0.1044,0.094800003,0.083400004,0.094800003,0.1205,0.13940001,0.1406,0.1532,0.017100001,0.0011,0.1205,0.0774
139391,0.15109999,0.14,0.1411,0.16329999,0.162,0.177,0.20209999,0.1979,0.2253,0.035,0.0011,0.243,0.1894,El Gazira_41,POINT (32.718562203334905 14.317857402061845),0.1494,0.1312,0.12819999,0.1426,0.14139999,0.1548,0.1761,0.17200001,0.1954,0.0325,0.001,0.2183,0.1726,0.42989999,0.4395,0.4294,0.44960001,0.42609999,0.45100001,0.4745,0.49270001,0.49919999,0.2075,0.0051,0.49219999,0.41749999,0.1781,0.1532,0.1419,0.14040001,0.1435,0.18089999,0.2071,0.1911,0.2194,0.0519,0.0188,0.1768,0.1356,0.1468,0.1217,0.1042,0.1028,0.1035,0.1219,0.1344,0.1278,0.1392,0.0374,0.0086,0.1337,0.098499998
144051,0.15539999,0.1425,0.1464,0.16859999,0.16500001,0.178,0.2,0.18610001,0.2163,0.032400001,0.0011,0.2378,0.19750001,El Gazira_41,POINT (32.7150431967505 14.31640887445241),0.14669999,0.1293,0.123,0.13680001,0.1301,0.1437,0.1567,0.15109999,0.17129999,0.0284,0.001,0.1899,0.1521,0.3996,0.41350001,0.38150001,0.403,0.4192,0.456,0.48010001,0.44279999,0.4982,0.18719999,0.0044,0.4894,0.4337,0.17569999,0.15350001,0.1399,0.1383,0.14139999,0.17569999,0.1996,0.1855,0.20720001,0.050299998,0.0201,0.16590001,0.1265,0.1433,0.1186,0.1054,0.1053,0.1019,0.1158,0.1302,0.1206,0.1367,0.0309,0.0074,0.1245,0.090300001
72276,0.1605,0.1558,0.16429999,0.1989,0.1974,0.2208,0.2493,0.2377,0.2762,0.0394,0.0011,0.2784,0.21,El Gazira_41,POINT (32.697262952955604 14.339132651325418),0.156,0.14030001,0.141,0.1648,0.16339999,0.1874,0.208,0.1928,0.2279,0.0341,0.001,0.2432,0.17640001,0.44639999,0.43979999,0.4278,0.44670001,0.4463,0.46779999,0.4894,0.47459999,0.4966,0.1927,0.0037,0.4682,0.38510001,0.17649999,0.1566,0.1508,0.14300001,0.1569,0.2119,0.24420001,0.21610001,0.26050001,0.050500002,0.0188,0.1972,0.1375,0.1471,0.1268,0.1216,0.13070001,0.1419,0.16689999,0.19140001,0.1568,0.2104,0.021500001,0.0009,0.1884,0.13590001
69004,0.15019999,0.1399,0.1443,0.1619,0.1602,0.1749,0.19419999,0.18340001,0.2049,0.0312,0.0011,0.19660001,0.14910001,El Gazira_41,POINT (32.72439634583011 14.340037981081315),0.14040001,0.1177,0.1086,0.1169,0.1132,0.1238,0.1344,0.1241,0.1443,0.0244,0.0009,0.14120001,0.1101,0.403,0.4289,0.41859999,0.43470001,0.41940001,0.4375,0.44819999,0.46529999,0.44940001,0.184,0.0066,0.4443,0.36019999,0.1652,0.1402,0.13590001,0.1199,0.1392,0.23639999,0.2859,0.2579,0.30140001,0.052499998,0.0115,0.1754,0.0977,0.1261,0.094700001,0.084799998,0.058,0.077799998,0.1894,0.242,0.2253,0.2507,0.0279,0.0011,0.1231,0.057500001
72048,0.14929999,0.1302,0.1347,0.14219999,0.1534,0.17739999,0.20389999,0.19850001,0.22130001,0.032699998,0.0011,0.1855,0.1295,El Gazira_41,POINT (32.708838632509575 14.339223184301007),0.1486,0.1301,0.1304,0.1416,0.14390001,0.1696,0.1908,0.18970001,0.2031,0.0298,0.001,0.19580001,0.1445,0.37380001,0.33660001,0.30059999,0.3044,0.32659999,0.34819999,0.3734,0.3475,0.39219999,0.155,0.0035,0.34920001,0.2886,0.17290001,0.15350001,0.1452,0.14390001,0.1459,0.184,0.21349999,0.1991,0.22059999,0.047400001,0.0167,0.17120001,0.123,0.13609999,0.1145,0.1035,0.1062,0.1028,0.1179,0.1318,0.1247,0.1401,0.0175,0.0009,0.1237,0.088699996
43361,0.15790001,0.14820001,0.1524,0.18170001,0.177,0.1927,0.21690001,0.2174,0.23909999,0.036800001,0.0013,0.2485,0.1946,El Gazira_41,POINT (32.72569282194015 14.34963447649382),0.1468,0.1329,0.1265,0.1392,0.13779999,0.154,0.176,0.1795,0.19059999,0.028100001,0.0009,0.19239999,0.1485,0.4086,0.42129999,0.3813,0.37450001,0.3919,0.4188,0.44479999,0.44580001,0.4605,0.1832,0.0056,0.41690001,0.36219999,0.1637,0.14219999,0.14830001,0.1257,0.15180001,0.26300001,0.32080001,0.2978,0.34020001,0.0523,0.0088,0.19679999,0.112,0.1266,0.1044,0.096699998,0.083300002,0.093400002,0.1419,0.1715,0.1593,0.1837,0.020300001,0.0009,0.1232,0.067500003
4374,0.1508,0.14210001,0.1433,0.17039999,0.1717,0.18870001,0.2159,0.20389999,0.24079999,0.032900002,0.0011,0.25580001,0.193,El Gazira_41,POINT (32.71245024453041 14.367197873758217),0.1566,0.1372,0.13510001,0.15019999,0.15459999,0.173,0.19230001,0.1802,0.213,0.033,0.0011,0.2368,0.18179999,0.55779999,0.55809999,0.5406,0.5661,0.5661,0.58490002,0.60939997,0.58789998,0.6225,0.2536,0.0075,0.5151,0.38749999,0.1665,0.1488,0.1476,0.1393,0.15530001,0.21870001,0.25690001,0.2362,0.27509999,0.037500001,0.0056,0.2106,0.1454,0.1415,0.1196,0.1085,0.1126,0.1114,0.1257,0.14489999,0.13,0.1559,0.0175,0.0006,0.164,0.1268
76808,0.15279999,0.13779999,0.1433,0.1629,0.1649,0.182,0.2071,0.1919,0.2202,0.033300001,0.0011,0.2219,0.1674,El Gazira_41,POINT (32.72643366543161 14.338046255618343),0.14120001,0.119,0.1092,0.1179,0.1136,0.1243,0.1358,0.1247,0.14210001,0.0257,0.0009,0.1363,0.097800002,0.3653,0.3696,0.34529999,0.34900001,0.343,0.36809999,0.38710001,0.38730001,0.39969999,0.1575,0.0053,0.3637,0.30450001,0.1646,0.141,0.1477,0.1107,0.14300001,0.33309999,0.442,0.3985,0.47490001,0.0625,0.0118,0.2185,0.1047,0.13249999,0.098800004,0.0906,0.0669,0.085,0.1462,0.17550001,0.1551,0.193,0.0284,0.0033,0.1249,0.071400002
113114,0.147,0.1283,0.1267,0.1444,0.1407,0.1542,0.17,0.16140001,0.18340001,0.0323,0.0011,0.1902,0.152,El Gazira_41,POINT (32.72967485570672 14.326367501767274),0.1437,0.1206,0.1119,0.1177,0.1186,0.1374,0.1521,0.1356,0.1646,0.0285,0.001,0.14,0.091600001,0.33320001,0.3317,0.30579999,0.3096,0.31490001,0.3452,0.36480001,0.35510001,0.37819999,0.13770001,0.0047,0.35420001,0.29550001,0.16590001,0.13860001,0.1437,0.111,0.1418,0.32730001,0.44119999,0.4016,0.46959999,0.0578,0.0118,0.2077,0.1,0.12989999,0.1015,0.0902,0.088,0.096600004,0.1371,0.1631,0.1425,0.18089999,0.0276,0.0037,0.1365,0.082400002
106558,0.1435,0.13070001,0.13150001,0.1441,0.1507,0.1688,0.18960001,0.1781,0.198,0.0272,0.0009,0.15279999,0.095299996,El Gazira_41,POINT (32.7226368425379 14.328630826157015),0.1434,0.12,0.111,0.1195,0.1179,0.1311,0.1416,0.12989999,0.15189999,0.0272,0.001,0.15270001,0.1213,0.34470001,0.35929999,0.3439,0.36070001,0.35859999,0.37959999,0.39660001,0.38870001,0.40169999,0.14820001,0.0054,0.39379999,0.32319999,0.1753,0.1525,0.1487,0.1424,0.1522,0.21160001,0.2447,0.2314,0.259,0.0491,0.0146,0.1776,0.1241,0.13689999,0.1085,0.097599998,0.094400004,0.093400002,0.1101,0.12630001,0.112,0.131,0.0218,0.0017,0.1025,0.071199998
45897,0.1569,0.149,0.15800001,0.1899,0.19230001,0.21349999,0.23890001,0.2227,0.25819999,0.0387,0.0011,0.2633,0.2,El Gazira_41,POINT (32.730508304634604 14.348095415908796),0.1433,0.1235,0.1141,0.1238,0.1221,0.13410001,0.14650001,0.1358,0.1574,0.0262,0.0009,0.164,0.12909999,0.52990001,0.5449,0.51740003,0.53439999,0.53579998,0.55739999,0.57959998,0.57389998,0.59619999,0.25569999,0.0061,0.51740003,0.42269999,0.16240001,0.1376,0.15,0.1072,0.1453,0.32710001,0.41139999,0.3881,0.43900001,0.0541,0.0086,0.21879999,0.1083,0.1202,0.095,0.083800003,0.070900001,0.083,0.1292,0.1514,0.13330001,0.1682,0.0184,0.0008,0.1131,0.057500001
114094,0.15440001,0.15449999,0.1648,0.1952,0.192,0.20819999,0.2369,0.2265,0.25979999,0.0356,0.001,0.26069999,0.1971,El Gazira_41,POINT (32.72245163166504 14.326005369864916),0.1399,0.117,0.1062,0.1123,0.1083,0.1178,0.12980001,0.1207,0.1418,0.023,0.0008,0.134,0.091799997,0.36379999,0.364,0.3382,0.32800001,0.334,0.36050001,0.38710001,0.38679999,0.4041,0.1654,0.0052,0.37630001,0.32949999,0.1723,0.14910001,0.15800001,0.12530001,0.16230001,0.30880001,0.3748,0.345,0.4059,0.065,0.017,0.2094,0.1118,0.129,0.1095,0.098,0.0831,0.096600004,0.14049999,0.1671,0.1574,0.18170001,0.028100001,0.0043,0.1294,0.069799997
94680,0.1478,0.1137,0.1088,0.1106,0.1419,0.1693,0.1847,0.156,0.2138,0.0312,0.0011,0.1846,0.1303,El Gazira_41,POINT (32.71569143480552 14.33297640898532),0.1435,0.1135,0.1058,0.0959,0.1198,0.1587,0.1752,0.1567,0.17820001,0.027,0.0008,0.1356,0.094800003,0.4109,0.377,0.37509999,0.38659999,0.38589999,0.40220001,0.45910001,0.40939999,0.48230001,0.19,0.0059,0.40079999,0.33250001,0.1709,0.142,0.1345,0.1127,0.1362,0.21529999,0.25690001,0.2254,0.266,0.049,0.015,0.1393,0.081699997,0.132,0.0946,0.0854,0.065700002,0.095,0.1508,0.18009999,0.1547,0.1989,0.0232,0.0012,0.1252,0.066699997
83285,0.15180001,0.139,0.14390001,0.1653,0.17039999,0.19419999,0.2193,0.2062,0.23649999,0.0337,0.0011,0.2331,0.17730001,El Gazira_41,POINT (32.72773014154165 14.336416662057728),0.1451,0.1247,0.1205,0.124,0.1332,0.1568,0.174,0.15880001,0.18780001,0.0289,0.001,0.1761,0.1327,0.33019999,0.33570001,0.32859999,0.32519999,0.33430001,0.36680001,0.39120001,0.37450001,0.3978,0.1365,0.0069,0.36790001,0.31659999,0.1647,0.1417,0.145,0.117,0.1485,0.2814,0.36629999,0.3317,0.37329999,0.0567,0.0112,0.2034,0.1091,0.12819999,0.103,0.091700003,0.083,0.0898,0.1329,0.1552,0.145,0.1655,0.028100001,0.0023,0.1108,0.0585
114504,0.1566,0.1505,0.155,0.1822,0.18170001,0.1943,0.2184,0.2023,0.23559999,0.033,0.001,0.2396,0.1963,El Gazira_41,POINT (32.711246373856795 14.325824303913736),0.1507,0.13339999,0.12800001,0.1468,0.1455,0.1604,0.1762,0.1631,0.1899,0.0288,0.0007,0.19149999,0.1523,0.43450001,0.3822,0.3849,0.4154,0.41870001,0.44279999,0.46129999,0.42379999,0.48069999,0.2057,0.0054,0.44769999,0.3827,0.17839999,0.1516,0.1407,0.1401,0.1442,0.1829,0.2094,0.1851,0.2172,0.0523,0.0198,0.1601,0.1215,0.1274,0.116,0.1052,0.1054,0.1012,0.1144,0.1257,0.123,0.1348,0.014,0.0025,0.1126,0.082800001
145870,0.1446,0.1216,0.1195,0.1319,0.13079999,0.1392,0.1593,0.1409,0.16689999,0.028200001,0.0011,0.1582,0.118,El Gazira_41,POINT (32.72967485570672 14.315775143623283),0.1408,0.1202,0.1102,0.1161,0.1157,0.12639999,0.1399,0.1258,0.149,0.025,0.0008,0.1425,0.1034,0.30149999,0.2359,0.23909999,0.2615,0.2726,0.3089,0.3328,0.26620001,0.34810001,0.1169,0.0041,0.3163,0.26750001,0.16769999,0.1442,0.14740001,0.1142,0.1446,0.30680001,0.38870001,0.35409999,0.41659999,0.0656,0.0155,0.20469999,0.1034,0.15800001,0.1471,0.1353,0.1089,0.1227,0.1673,0.1937,0.19159999,0.20900001,0.0565,0.0139,0.15449999,0.1055
115645,0.1574,0.1485,0.15360001,0.1831,0.18080001,0.19679999,0.2218,0.20730001,0.2401,0.037500001,0.0011,0.2525,0.20020001,El Gazira_41,POINT (32.718191781589184 14.325462172011378),0.1524,0.13590001,0.13169999,0.1523,0.1515,0.1647,0.18089999,0.1698,0.20039999,0.0337,0.0012,0.2154,0.17039999,0.39590001,0.3748,0.35179999,0.3626,0.36320001,0.39539999,0.4226,0.399,0.4395,0.185,0.0053,0.40540001,0.35330001,0.1789,0.1514,0.1399,0.1399,0.1417,0.1786,0.20460001,0.18520001,0.2129,0.0515,0.0185,0.1681,0.12819999,0.13860001,0.1108,0.099200003,0.093,0.092500001,0.1122,0.1265,0.1132,0.12549999,0.028100001,0.0071,0.1229,0.082
117169,0.1531,0.1417,0.1463,0.1709,0.1736,0.1964,0.2208,0.2062,0.23890001,0.033300001,0.001,0.2331,0.1772,El Gazira_41,POINT (32.71013510861962 14.324918974157839),0.1498,0.13249999,0.1329,0.1486,0.15109999,0.181,0.20200001,0.1859,0.22149999,0.0312,0.0008,0.20640001,0.15279999,0.42750001,0.36559999,0.35440001,0.39610001,0.40450001,0.4402,0.47080001,0.3987,0.49540001,0.2008,0.0045,0.4452,0.39089999,0.1811,0.15539999,0.1513,0.1503,0.16339999,0.22579999,0.2572,0.23800001,0.2827,0.0561,0.0208,0.19239999,0.1354,0.1314,0.1102,0.1011,0.1048,0.1064,0.126,0.1471,0.1274,0.1524,0.0175,0.0011,0.1245,0.090400003
85295,0.15889999,0.1495,0.15809999,0.1947,0.19850001,0.21359999,0.2403,0.21780001,0.26440001,0.037900001,0.0011,0.2714,0.2101,El Gazira_41,POINT (32.712542849966844 14.33587346420419),0.1434,0.1205,0.1129,0.1252,0.1258,0.1338,0.1486,0.1398,0.1594,0.0256,0.0008,0.1594,0.1193,0.38609999,0.3513,0.33849999,0.3678,0.37990001,0.40490001,0.427,0.378,0.4364,0.16949999,0.0054,0.40200001,0.3477,0.178,0.1587,0.159,0.1479,0.17,0.25150001,0.30019999,0.27450001,0.3168,0.052700002,0.0163,0.21520001,0.14569999,0.126,0.1033,0.096199997,0.085600004,0.098300003,0.1285,0.15090001,0.13609999,0.15189999,0.0139,0.0007,0.064599998,0.0323
29018,0.1521,0.13590001,0.13519999,0.15459999,0.1603,0.17550001,0.1991,0.1726,0.2194,0.034,0.0011,0.2274,0.1787,El Gazira_41,POINT (32.699578088866396 14.357782444296891),0.146,0.1185,0.1086,0.1141,0.1226,0.13869999,0.1521,0.1197,0.1613,0.026900001,0.001,0.1514,0.1023,0.58469999,0.53149998,0.53820002,0.58230001,0.58459997,0.61119998,0.64200002,0.57910001,0.65460002,0.27169999,0.0048,0.54290003,0.42089999,0.16140001,0.1389,0.1401,0.1166,0.1434,0.2552,0.30469999,0.28040001,0.3267,0.043699998,0.0085,0.2044,0.1167,0.1416,0.1185,0.1259,0.1036,0.1418,0.2377,0.28470001,0.2676,0.31580001,0.028100001,0.0008,0.22059999,0.1219
41687,0.1504,0.1376,0.1384,0.1567,0.1494,0.16339999,0.1822,0.18009999,0.196,0.031599998,0.0012,0.2085,0.16859999,El Gazira_41,POINT (32.728470985033105 14.350811405176486),0.1424,0.1201,0.1133,0.1192,0.1176,0.1304,0.1444,0.1366,0.1567,0.0263,0.0008,0.1578,0.12710001,0.52640003,0.4982,0.46900001,0.50690001,0.51450002,0.54750001,0.57730001,0.52249998,0.60039997,0.26519999,0.0064,0.50919998,0.4452,0.1603,0.1338,0.1318,0.1089,0.1332,0.28830001,0.36269999,0.309,0.38530001,0.0488,0.0074,0.184,0.1038,0.1234,0.095600002,0.088699996,0.0638,0.0836,0.203,0.25780001,0.2192,0.2669,0.023700001,0.0008,0.1113,0.051399998
123496,0.1584,0.1654,0.1821,0.2254,0.226,0.2445,0.2775,0.25920001,0.30450001,0.0394,0.0012,0.30180001,0.2194,El Gazira_41,POINT (32.713005877149 14.322836715719276),0.1463,0.1259,0.1181,0.12970001,0.1275,0.1398,0.1534,0.1454,0.1674,0.0306,0.0009,0.1913,0.1481,0.38780001,0.38929999,0.3876,0.42829999,0.4384,0.4702,0.49509999,0.43849999,0.50830001,0.17730001,0.0047,0.48570001,0.42989999,0.1788,0.15629999,0.14489999,0.14030001,0.14480001,0.1804,0.2027,0.19230001,0.213,0.0548,0.021400001,0.1776,0.13339999,0.14669999,0.1242,0.1122,0.1064,0.1065,0.1194,0.1362,0.1376,0.1529,0.0314,0.0073,0.13410001,0.1013
89041,0.1523,0.1419,0.14480001,0.16949999,0.1688,0.1867,0.20810001,0.1957,0.2227,0.0336,0.0011,0.22679999,0.1772,El Gazira_41,POINT (32.72189599904645 14.334968134448292),0.14300001,0.1219,0.1128,0.1203,0.1216,0.13330001,0.1452,0.133,0.15700001,0.024900001,0.0009,0.1557,0.1237,0.41460001,0.3937,0.37990001,0.40079999,0.4057,0.43009999,0.449,0.4183,0.46529999,0.193,0.0056,0.42129999,0.36629999,0.1665,0.1417,0.1489,0.1134,0.14920001,0.31560001,0.3962,0.36919999,0.42359999,0.0625,0.013,0.2087,0.1056,0.1257,0.103,0.088699996,0.0766,0.0933,0.1231,0.1437,0.1336,0.1587,0.0198,0.0017,0.1198,0.0642
97673,0.1552,0.1464,0.153,0.18089999,0.1815,0.199,0.2261,0.211,0.2494,0.0378,0.0012,0.26050001,0.20370001,El Gazira_41,POINT (32.726896692613764 14.331890013278244),0.1513,0.1338,0.13079999,0.15019999,0.1494,0.1673,0.1864,0.17460001,0.20280001,0.033100002,0.001,0.22920001,0.17990001,0.30059999,0.2762,0.2728,0.29100001,0.28979999,0.304,0.32260001,0.30410001,0.33719999,0.1194,0.0061,0.31869999,0.2617,0.1741,0.15350001,0.1524,0.15440001,0.1652,0.223,0.264,0.2378,0.2836,0.048700001,0.0119,0.2242,0.1584,0.12980001,0.093099996,0.077500001,0.0699,0.066200003,0.077600002,0.090499997,0.078100003,0.098899998,0.019200001,0.0009,0.082800001,0.065200001
120071,0.1408,0.1217,0.1198,0.1313,0.13590001,0.1494,0.1675,0.14659999,0.1822,0.0252,0.001,0.15710001,0.119,El Gazira_41,POINT (32.72754493066879 14.324013644401942),0.1444,0.123,0.1135,0.1243,0.129,0.15,0.164,0.1514,0.18080001,0.0285,0.001,0.1929,0.1495,0.27379999,0.31830001,0.30129999,0.2951,0.29350001,0.31979999,0.3405,0.3545,0.34470001,0.1,0.0046,0.33759999,0.2552,0.1664,0.14030001,0.14569999,0.1088,0.1409,0.30610001,0.40439999,0.4084,0.41170001,0.058600001,0.0126,0.2059,0.1113,0.1331,0.1046,0.105,0.091899998,0.097099997,0.1424,0.1723,0.1637,0.19,0.03,0.0058,0.1295,0.077799998
40807,0.1639,0.1583,0.1697,0.20479999,0.2068,0.22480001,0.255,0.23720001,0.27469999,0.042300001,0.0013,0.28389999,0.21259999,El Gazira_41,POINT (32.72550761106729 14.351445136005614),0.14569999,0.1234,0.1168,0.12549999,0.12530001,0.138,0.1531,0.1453,0.167,0.0278,0.0008,0.1796,0.141,0.47979999,0.46169999,0.44690001,0.4831,0.4901,0.5147,0.54,0.49439999,0.55540001,0.2281,0.0061,0.4966,0.42820001,0.1612,0.1393,0.149,0.1174,0.1567,0.2845,0.34220001,0.32139999,0.37850001,0.054400001,0.0082,0.21789999,0.1164,0.12540001,0.099200003,0.092500001,0.076300003,0.094,0.1426,0.1698,0.1608,0.1917,0.022,0.0008,0.145,0.075400002
36770,0.1605,0.1652,0.1763,0.2159,0.19760001,0.21439999,0.2402,0.24,0.2626,0.0369,0.001,0.2719,0.21269999,El Gazira_41,POINT (32.72013649575425 14.354432724200073),0.14910001,0.1268,0.1171,0.1278,0.1247,0.133,0.1446,0.1371,0.15889999,0.0283,0.0008,0.1672,0.12970001,0.48930001,0.47940001,0.449,0.46250001,0.4531,0.47729999,0.51980001,0.4984,0.54830003,0.21870001,0.0064,0.43880001,0.38749999,0.1648,0.13940001,0.1332,0.1265,0.13500001,0.1859,0.21529999,0.197,0.2281,0.0446,0.0071,0.1672,0.107,0.1418,0.1125,0.1015,0.0937,0.1045,0.1611,0.20829999,0.18089999,0.22229999,0.024,0.0007,0.1639,0.099299997
80878,0.1577,0.1476,0.152,0.1767,0.1763,0.19059999,0.212,0.1965,0.2273,0.0343,0.0011,0.23819999,0.19760001,El Gazira_41,POINT (32.70272667370508 14.336959859911266),0.15180001,0.1319,0.1286,0.1429,0.1402,0.1549,0.169,0.15549999,0.1807,0.03,0.0009,0.1859,0.14839999,0.46959999,0.42359999,0.42829999,0.46169999,0.464,0.48930001,0.51539999,0.4707,0.53759998,0.2174,0.0039,0.50169998,0.4425,0.1754,0.16150001,0.15279999,0.1496,0.154,0.1972,0.22319999,0.2079,0.23639999,0.049600001,0.017200001,0.1793,0.1338,0.1425,0.1294,0.121,0.1286,0.1203,0.1364,0.1529,0.1401,0.1618,0.017200001,0.0008,0.14300001,0.1095
106669,0.1489,0.13240001,0.13150001,0.14920001,0.147,0.1613,0.1824,0.1689,0.1928,0.030400001,0.001,0.1925,0.1499,El Gazira_41,POINT (32.70930165969173 14.328540293181426),0.144,0.1199,0.1147,0.1205,0.1221,0.151,0.16859999,0.1524,0.17839999,0.0284,0.001,0.1706,0.1277,0.39719999,0.37,0.37180001,0.39500001,0.40090001,0.42879999,0.44729999,0.41479999,0.45879999,0.1786,0.0049,0.4393,0.38850001,0.1689,0.147,0.1507,0.1221,0.1556,0.2951,0.3633,0.32679999,0.39469999,0.064900003,0.0155,0.2054,0.1077,0.1244,0.099799998,0.0928,0.078199998,0.094800003,0.13519999,0.1534,0.1435,0.1769,0.0207,0.0009,0.12970001,0.0677
145211,0.1569,0.1533,0.1636,0.2024,0.20389999,0.2192,0.24609999,0.2277,0.2667,0.0374,0.0011,0.27770001,0.21160001,El Gazira_41,POINT (32.73060091007104 14.316046742550052),0.1408,0.1178,0.1094,0.1157,0.1152,0.1245,0.1371,0.12809999,0.1496,0.024800001,0.001,0.1292,0.0836,0.2631,0.2464,0.2402,0.262,0.25569999,0.2843,0.31349999,0.27320001,0.3387,0.098499998,0.0034,0.30590001,0.2577,0.1675,0.14219999,0.1435,0.1103,0.1425,0.3075,0.3915,0.36230001,0.42179999,0.0623,0.015,0.20829999,0.1039,0.166,0.13789999,0.13240001,0.1276,0.1384,0.18170001,0.20630001,0.193,0.2165,0.0583,0.0178,0.176,0.1168
28271,0.16500001,0.16760001,0.1785,0.2208,0.2217,0.23909999,0.26930001,0.264,0.2974,0.041200001,0.0012,0.3,0.21950001,El Gazira_41,POINT (32.7208773392457 14.35814457619925),0.16410001,0.15719999,0.1576,0.1892,0.1886,0.2086,0.2278,0.2245,0.2499,0.037099998,0.001,0.271,0.19949999,0.52859998,0.4481,0.42750001,0.4445,0.4359,0.4637,0.49680001,0.48100001,0.53030002,0.24969999,0.0053,0.4481,0.38550001,0.1648,0.1366,0.13240001,0.1127,0.1384,0.21439999,0.2597,0.2421,0.2737,0.0409,0.0068,0.14669999,0.079800002,0.1384,0.1164,0.106,0.1047,0.1011,0.1134,0.1365,0.1429,0.1499,0.0169,0.0008,0.1216,0.081299998
38209,0.1558,0.1481,0.1548,0.1909,0.18979999,0.2138,0.23890001,0.23819999,0.2674,0.0381,0.0013,0.27959999,0.2049,El Gazira_41,POINT (32.72541500563086 14.353617927419766),0.1541,0.1407,0.1392,0.1605,0.1585,0.1786,0.19939999,0.1939,0.21789999,0.0332,0.001,0.2423,0.182,0.44459999,0.3721,0.366,0.39300001,0.40130001,0.43709999,0.4729,0.38659999,0.49689999,0.20630001,0.0046,0.41460001,0.36570001,0.16670001,0.1392,0.1321,0.1301,0.1445,0.18960001,0.22050001,0.18610001,0.2367,0.039700001,0.0069,0.1974,0.1473,0.1314,0.104,0.090099998,0.087,0.083400004,0.094400004,0.1063,0.099799998,0.1107,0.0142,0.0007,0.1001,0.0721
96784,0.1576,0.1497,0.15800001,0.19840001,0.192,0.2105,0.2321,0.2183,0.2485,0.036200002,0.0013,0.2579,0.203,El Gazira_41,POINT (32.711524190166095 14.332161612205013),0.1504,0.1224,0.1169,0.1288,0.1336,0.14910001,0.1609,0.1435,0.1688,0.0295,0.001,0.16419999,0.1284,0.42559999,0.35120001,0.36849999,0.39829999,0.4057,0.438,0.47130001,0.40400001,0.4876,0.2043,0.005,0.4461,0.40920001,0.17200001,0.148,0.1531,0.1223,0.15270001,0.308,0.3917,0.34380001,0.4145,0.062700003,0.0162,0.20370001,0.1036,0.1269,0.0995,0.0928,0.076899998,0.097,0.147,0.1723,0.16159999,0.19050001,0.020500001,0.0008,0.1327,0.0678
18649,0.155,0.1429,0.14380001,0.1644,0.16140001,0.1706,0.1938,0.1805,0.2086,0.034400001,0.0011,0.2158,0.1699,El Gazira_41,POINT (32.70189322477719 14.361765895222836),0.1552,0.1364,0.13150001,0.1477,0.146,0.1586,0.1754,0.15979999,0.18979999,0.031800002,0.001,0.1972,0.15279999,0.51300001,0.5212,0.49860001,0.52310002,0.52319998,0.54759997,0.56980002,0.5503,0.58340001,0.2203,0.004,0.49219999,0.38690001,0.1655,0.14470001,0.13609999,0.13150001,0.1372,0.1781,0.2043,0.1846,0.215,0.0387,0.0076,0.1691,0.1192,0.14470001,0.1204,0.1114,0.1101,0.1222,0.1742,0.2062,0.1815,0.22310001,0.022600001,0.0008,0.1866,0.127
37749,0.1627,0.166,0.1786,0.22,0.22130001,0.23639999,0.2674,0.25,0.29390001,0.0381,0.0012,0.2915,0.2183,El Gazira_41,POINT (32.72022910119068 14.353889526346535),0.1481,0.1294,0.1233,0.13330001,0.1304,0.1454,0.1619,0.1521,0.17200001,0.0275,0.0008,0.1794,0.1376,0.45750001,0.5061,0.4786,0.4962,0.48649999,0.50470001,0.52319998,0.53350002,0.48789999,0.1972,0.0061,0.46340001,0.36579999,0.1635,0.1407,0.13950001,0.1236,0.1454,0.2509,0.30610001,0.25240001,0.3224,0.045200001,0.0073,0.192,0.1105,0.1393,0.1106,0.1047,0.089900002,0.1173,0.2035,0.2466,0.2242,0.2726,0.0276,0.0007,0.1831,0.097599998
48757,0.1602,0.1513,0.15719999,0.18529999,0.17829999,0.1971,0.2221,0.2185,0.2428,0.0396,0.001,0.2563,0.1939,El Gazira_41,POINT (32.72272944797434 14.346465822348181),0.15440001,0.1321,0.1294,0.1432,0.14569999,0.1635,0.18279999,0.17120001,0.1972,0.0345,0.001,0.2141,0.1564,0.4438,0.3721,0.36250001,0.4235,0.43110001,0.466,0.49020001,0.39820001,0.50889999,0.2058,0.0061,0.4483,0.391,0.16949999,0.14910001,0.144,0.1393,0.1444,0.1983,0.2339,0.22390001,0.24510001,0.042599998,0.0107,0.1838,0.1318,0.13330001,0.1013,0.084299996,0.075800002,0.0748,0.085,0.098800004,0.085100003,0.1019,0.0149,0.0008,0.085500002,0.061500002
44773,0.1596,0.1673,0.1815,0.222,0.2202,0.23800001,0.27079999,0.25549999,0.2924,0.0378,0.0012,0.29730001,0.2208,El Gazira_41,POINT (32.72439634583011 14.348729146737924),0.1471,0.12720001,0.1187,0.1309,0.1329,0.1444,0.1582,0.1503,0.1768,0.0286,0.001,0.19050001,0.14920001,0.42309999,0.41769999,0.41,0.42829999,0.42340001,0.44279999,0.46309999,0.45339999,0.471,0.18960001,0.0061,0.43340001,0.36770001,0.1638,0.1415,0.1427,0.1286,0.14830001,0.27200001,0.333,0.2983,0.35589999,0.054,0.0094,0.21160001,0.121,0.1242,0.096600004,0.091899998,0.065800004,0.089100003,0.1736,0.21430001,0.20200001,0.2307,0.0217,0.0009,0.121,0.057300001
108263,0.1557,0.14650001,0.15090001,0.1789,0.1763,0.1881,0.21250001,0.1981,0.2314,0.0341,0.0011,0.2414,0.1957,El Gazira_41,POINT (32.71458016956834 14.327997095327888),0.1485,0.13420001,0.13410001,0.15260001,0.15109999,0.163,0.178,0.1696,0.19230001,0.029300001,0.001,0.197,0.16140001,0.36840001,0.4341,0.4271,0.44479999,0.43920001,0.45879999,0.3897,0.46990001,0.40700001,0.1661,0.0053,0.45950001,0.4041,0.1761,0.1479,0.1407,0.1318,0.1409,0.19580001,0.2245,0.20630001,0.23270001,0.0546,0.0163,0.1453,0.096299998,0.13959999,0.1059,0.092299998,0.087,0.096600004,0.1221,0.1401,0.1064,0.1444,0.0307,0.0031,0.1222,0.085600004
38042,0.15279999,0.1485,0.1534,0.18340001,0.1899,0.20919999,0.23280001,0.2069,0.25170001,0.0341,0.0012,0.257,0.1969,El Gazira_41,POINT (32.72180339361002 14.353708460395355),0.1488,0.126,0.1166,0.1287,0.1293,0.1434,0.15629999,0.1454,0.17219999,0.0301,0.0009,0.1816,0.1332,0.46349999,0.3653,0.39300001,0.50470001,0.50410002,0.52609998,0.5442,0.4068,0.55250001,0.2138,0.0047,0.50940001,0.41800001,0.1622,0.1362,0.1319,0.1157,0.13519999,0.22669999,0.27059999,0.2457,0.2902,0.044500001,0.0075,0.1672,0.0946,0.129,0.102,0.092900001,0.069300003,0.0898,0.1856,0.22480001,0.2042,0.2447,0.027,0.0008,0.1186,0.059099998
77852,0.15360001,0.1388,0.1446,0.1683,0.1652,0.17919999,0.20029999,0.1869,0.2158,0.0343,0.0011,0.2282,0.1851,El Gazira_41,POINT (32.72393331864795 14.337774656691574),0.1406,0.1178,0.1086,0.1146,0.1147,0.12639999,0.139,0.126,0.1451,0.0244,0.0009,0.122,0.0823,0.3856,0.39309999,0.37020001,0.3874,0.39050001,0.41620001,0.4325,0.42379999,0.43579999,0.1717,0.007,0.41010001,0.339,0.1664,0.1446,0.1524,0.1203,0.1532,0.31560001,0.39829999,0.36250001,0.42410001,0.0572,0.0119,0.21359999,0.1081,0.13150001,0.1055,0.098,0.098,0.1083,0.14129999,0.1646,0.1428,0.17919999,0.0233,0.0027,0.1464,0.087399997
599,0.1504,0.1338,0.13240001,0.15350001,0.1529,0.1655,0.18889999,0.1728,0.20190001,0.0323,0.0012,0.204,0.16069999,El Gazira_41,POINT (32.70596786398019 14.369370665172369),0.1505,0.12909999,0.1239,0.1402,0.1365,0.15009999,0.1665,0.1516,0.17900001,0.0295,0.001,0.188,0.14650001,0.48269999,0.4806,0.45750001,0.49090001,0.4883,0.50819999,0.52829999,0.50089997,0.5424,0.207,0.0048,0.47139999,0.38069999,0.16429999,0.1433,0.138,0.1406,0.1464,0.19410001,0.2203,0.2062,0.2367,0.035500001,0.0057,0.1927,0.1409,0.1417,0.1245,0.1141,0.1249,0.1227,0.1389,0.1592,0.14740001,0.17200001,0.0206,0.001,0.1692,0.13330001
17711,0.1619,0.1498,0.152,0.17739999,0.1776,0.19400001,0.2186,0.20190001,0.24160001,0.0354,0.0011,0.2475,0.1938,El Gazira_41,POINT (32.70272667370508 14.362128027125195),0.16240001,0.1425,0.1402,0.1605,0.1639,0.17820001,0.19670001,0.1781,0.2168,0.033300001,0.001,0.2246,0.1732,0.4912,0.482,0.4709,0.50700003,0.50160003,0.52389997,0.54229999,0.51020002,0.55589998,0.21439999,0.0049,0.493,0.38929999,0.17120001,0.15260001,0.14839999,0.1409,0.155,0.21610001,0.25260001,0.2357,0.27129999,0.040399998,0.0076,0.2089,0.1442,0.15109999,0.1287,0.1204,0.1288,0.1283,0.147,0.16680001,0.15,0.17990001,0.0219,0.0009,0.1761,0.1353
15595,0.1603,0.14120001,0.14579999,0.16859999,0.1778,0.2016,0.2271,0.21070001,0.25529999,0.034200002,0.0013,0.2465,0.1815,El Gazira_41,POINT (32.70809778901812 14.362942823905502),0.15989999,0.1365,0.1353,0.1434,0.14910001,0.1785,0.1974,0.19750001,0.2147,0.031599998,0.001,0.20389999,0.14659999,0.4434,0.49169999,0.4711,0.46869999,0.45460001,0.47060001,0.49110001,0.5133,0.50989997,0.1841,0.0051,0.40369999,0.303,0.16590001,0.1415,0.14300001,0.1228,0.1499,0.25819999,0.30970001,0.27630001,0.34279999,0.041200001,0.0068,0.19760001,0.1096,0.147,0.1238,0.1225,0.1138,0.1374,0.2059,0.24240001,0.2207,0.2726,0.0255,0.0008,0.2138,0.1319
93370,0.1478,0.1327,0.13860001,0.15530001,0.15880001,0.1929,0.2111,0.1955,0.2342,0.0347,0.0011,0.20370001,0.1481,El Gazira_41,POINT (32.72560021650372 14.333519606838859),0.14480001,0.1279,0.1288,0.1391,0.142,0.1761,0.18629999,0.1594,0.198,0.0309,0.001,0.167,0.1206,0.3168,0.3202,0.29350001,0.3026,0.299,0.3213,0.332,0.34470001,0.3436,0.13150001,0.0056,0.33,0.27129999,0.1684,0.14920001,0.14579999,0.1389,0.1542,0.2269,0.26910001,0.2369,0.28200001,0.0488,0.012,0.1842,0.1196,0.1318,0.098800004,0.087800004,0.087,0.087800004,0.1151,0.1312,0.1064,0.13609999,0.0228,0.0023,0.0995,0.064499997
97990,0.15700001,0.1486,0.1585,0.195,0.1902,0.20649999,0.2289,0.21709999,0.249,0.0359,0.0012,0.25479999,0.198,El Gazira_41,POINT (32.71143158472966 14.331708947327066),0.1478,0.1232,0.1163,0.1266,0.1233,0.13680001,0.1496,0.1371,0.15880001,0.028,0.001,0.15549999,0.1217,0.3917,0.3626,0.2895,0.32359999,0.3425,0.37470001,0.4152,0.35260001,0.44420001,0.1822,0.0043,0.38330001,0.36129999,0.1715,0.14669999,0.1479,0.1192,0.15090001,0.3037,0.38280001,0.32780001,0.41440001,0.063199997,0.0162,0.1987,0.1027,0.1261,0.1001,0.090700001,0.079099998,0.098899998,0.1419,0.1705,0.1557,0.1858,0.0206,0.0008,0.14129999,0.073200002
148235,0.14749999,0.13590001,0.14139999,0.1587,0.1573,0.1825,0.203,0.1934,0.22130001,0.031800002,0.0011,0.222,0.176,El Gazira_41,POINT (32.72763753610522 14.314417148989437),0.145,0.1278,0.1195,0.1304,0.12890001,0.149,0.1691,0.16580001,0.181,0.0284,0.001,0.17839999,0.1363,0.3436,0.32539999,0.3186,0.33759999,0.3443,0.37149999,0.39379999,0.36579999,0.40279999,0.1496,0.0049,0.39930001,0.3233,0.17110001,0.15090001,0.1496,0.1303,0.1515,0.2649,0.31740001,0.29049999,0.33849999,0.066500001,0.0155,0.19949999,0.1192,0.1656,0.14129999,0.1328,0.1295,0.1381,0.18080001,0.2025,0.18870001,0.2096,0.058400001,0.016100001,0.17389999,0.1184
26526,0.1587,0.1473,0.14749999,0.1726,0.16869999,0.184,0.20810001,0.1912,0.22759999,0.034200002,0.0011,0.2386,0.1886,El Gazira_41,POINT (32.7054122313616 14.358778307028377),0.15019999,0.1259,0.1183,0.1241,0.1236,0.134,0.1488,0.13500001,0.1603,0.0264,0.0009,0.16249999,0.1285,0.58,0.59350002,0.57300001,0.61140001,0.60219997,0.61799997,0.63139999,0.59859997,0.63849998,0.2552,0.0045,0.4928,0.366,0.1587,0.1376,0.13950001,0.1125,0.1393,0.271,0.3355,0.2899,0.35049999,0.0475,0.0068,0.1814,0.090899996,0.1347,0.1146,0.1193,0.0986,0.1339,0.2141,0.25670001,0.243,0.28290001,0.0272,0.0008,0.1737,0.082599998
78499,0.16,0.1561,0.1656,0.1998,0.1934,0.2115,0.2362,0.227,0.26089999,0.037099998,0.0011,0.2701,0.2097,El Gazira_41,POINT (32.71763614897059 14.337593590740394),0.14380001,0.1228,0.1156,0.1223,0.1207,0.13600001,0.1497,0.1453,0.16060001,0.0273,0.0009,0.15629999,0.11,0.43059999,0.3538,0.33500001,0.4005,0.41870001,0.44420001,0.4646,0.36340001,0.4804,0.1978,0.0063,0.43059999,0.3752,0.1709,0.1496,0.1485,0.1203,0.153,0.28330001,0.3448,0.30860001,0.364,0.061700001,0.015900001,0.189,0.099,0.1312,0.1004,0.097400002,0.079700001,0.1052,0.1674,0.1989,0.18709999,0.2247,0.0275,0.0011,0.14569999,0.072700001
145897,0.1499,0.1406,0.1398,0.15979999,0.1646,0.17820001,0.2017,0.1892,0.2183,0.0317,0.001,0.2378,0.18870001,El Gazira_41,POINT (32.732175202490374 14.315775143623283),0.14489999,0.1248,0.115,0.1256,0.1237,0.13779999,0.1517,0.1398,0.16429999,0.0278,0.0008,0.17470001,0.1402,0.28709999,0.2683,0.25940001,0.2818,0.27720001,0.3055,0.32659999,0.2992,0.336,0.1167,0.0034,0.3197,0.2631,0.1688,0.1461,0.15019999,0.1161,0.15459999,0.33309999,0.443,0.3897,0.47220001,0.067400001,0.0157,0.21879999,0.1074,0.1609,0.1473,0.1229,0.1044,0.1201,0.1673,0.1981,0.1938,0.2172,0.0578,0.0135,0.1673,0.1215
34334,0.1612,0.148,0.1564,0.18790001,0.1955,0.2128,0.2383,0.20990001,0.2604,0.036800001,0.0012,0.2714,0.21269999,El Gazira_41,POINT (32.712172428221116 14.35560965288274),0.1539,0.13160001,0.12530001,0.13940001,0.1529,0.17209999,0.18790001,0.15710001,0.2031,0.0319,0.0009,0.2034,0.1552,0.59689999,0.5751,0.56150001,0.57800001,0.58249998,0.60329998,0.6329,0.6099,0.65429997,0.2834,0.0064,0.51359999,0.38949999,0.1621,0.13789999,0.1409,0.1079,0.14650001,0.2938,0.3691,0.36559999,0.39950001,0.049800001,0.0063,0.2145,0.1143,0.14920001,0.1267,0.13259999,0.14040001,0.1726,0.2414,0.29010001,0.26930001,0.33759999,0.036400001,0.001,0.30669999,0.18449999
18120,0.1495,0.1375,0.1391,0.1637,0.15970001,0.1725,0.1938,0.18279999,0.2089,0.032400001,0.0011,0.21610001,0.17,El Gazira_41,POINT (32.69679992577344 14.361946961174015),0.14749999,0.1225,0.1116,0.1261,0.1216,0.13249999,0.1445,0.1283,0.15539999,0.0275,0.0008,0.1585,0.1228,0.53070003,0.53240001,0.51630002,0.54619998,0.54689997,0.56569999,0.5923,0.56279999,0.60549998,0.22920001,0.004,0.52719998,0.41569999,0.16429999,0.14380001,0.14300001,0.132,0.14920001,0.236,0.2773,0.2502,0.295,0.0424,0.0095,0.19159999,0.1227,0.1392,0.1159,0.1185,0.095399998,0.1312,0.26100001,0.31729999,0.28850001,0.34670001,0.0336,0.0009,0.19490001,0.1029
9924,0.152,0.13150001,0.12530001,0.1372,0.13160001,0.1408,0.1585,0.14749999,0.1691,0.029,0.0011,0.169,0.1349,El Gazira_41,POINT (32.70698652378094 14.365025082344065),0.1524,0.13259999,0.12549999,0.13330001,0.1312,0.149,0.1645,0.14659999,0.1745,0.0274,0.001,0.168,0.1286,0.52670002,0.51609999,0.50230002,0.53729999,0.54470003,0.56950003,0.59939998,0.53969997,0.612,0.23819999,0.0044,0.52350003,0.412,0.1639,0.15109999,0.15180001,0.1506,0.1618,0.26370001,0.3186,0.25639999,0.3439,0.048,0.0066,0.2172,0.12989999,0.1429,0.1207,0.1174,0.1068,0.1356,0.2234,0.27,0.257,0.29359999,0.0311,0.0009,0.2333,0.1374
103237,0.14920001,0.1451,0.1534,0.1785,0.18350001,0.20990001,0.2379,0.22490001,0.25659999,0.033500001,0.001,0.2378,0.1727,El Gazira_41,POINT (32.71874741420777 14.329807754839681),0.14309999,0.122,0.113,0.1212,0.121,0.13420001,0.144,0.13429999,0.15719999,0.0261,0.0009,0.15880001,0.1278,0.32620001,0.3229,0.303,0.31060001,0.30579999,0.3319,0.35210001,0.3475,0.36019999,0.13850001,0.0049,0.33759999,0.27990001,0.17730001,0.15549999,0.15360001,0.14749999,0.1575,0.21969999,0.25690001,0.2359,0.26879999,0.0539,0.0169,0.18870001,0.1347,0.13770001,0.1102,0.1008,0.0884,0.099299997,0.15629999,0.1847,0.1646,0.20020001,0.0306,0.0035,0.1312,0.079800002
54504,0.16,0.148,0.14830001,0.17470001,0.1814,0.199,0.22310001,0.20100001,0.24779999,0.0378,0.0012,0.2604,0.20460001,El Gazira_41,POINT (32.723470291465794 14.343840366056082),0.1552,0.1372,0.1314,0.149,0.1566,0.1706,0.18870001,0.1681,0.2102,0.033,0.001,0.22679999,0.178,0.45190001,0.42739999,0.41639999,0.4341,0.4359,0.46110001,0.4831,0.45750001,0.50059998,0.21250001,0.0077,0.45359999,0.38859999,0.1715,0.14489999,0.13600001,0.1357,0.1392,0.176,0.2024,0.1802,0.2132,0.0436,0.0107,0.17460001,0.1344,0.13770001,0.1126,0.1002,0.099200003,0.095700003,0.1077,0.1238,0.109,0.1285,0.0162,0.0008,0.1153,0.085
12125,0.1608,0.16240001,0.1681,0.2033,0.19230001,0.2075,0.2324,0.2308,0.25029999,0.0343,0.0012,0.25659999,0.2018,El Gazira_41,POINT (32.707912578145255 14.364210285563757),0.1543,0.1349,0.1301,0.1407,0.13770001,0.1512,0.16680001,0.1578,0.1805,0.0284,0.001,0.1831,0.14129999,0.58499998,0.49900001,0.5097,0.56010002,0.56760001,0.59259999,0.61970001,0.53490001,0.63770002,0.26769999,0.0052,0.53680003,0.42390001,0.15809999,0.1384,0.14470001,0.1104,0.1504,0.29519999,0.36680001,0.34110001,0.39129999,0.0491,0.0065,0.204,0.1023,0.1366,0.1127,0.1115,0.1027,0.1217,0.1681,0.2001,0.19400001,0.2297,0.0285,0.0008,0.2025,0.1148
84210,0.161,0.1539,0.16320001,0.19939999,0.20020001,0.2142,0.2419,0.2252,0.2658,0.0378,0.0011,0.27180001,0.2084,El Gazira_41,POINT (32.71282066627614 14.336145063130958),0.1472,0.1197,0.1111,0.1243,0.12549999,0.13609999,0.1517,0.13410001,0.1621,0.029100001,0.0009,0.1586,0.1181,0.421,0.39820001,0.39390001,0.4136,0.40830001,0.43340001,0.45039999,0.4237,0.45809999,0.1913,0.0057,0.4267,0.36880001,0.1763,0.163,0.161,0.15979999,0.1753,0.2455,0.28690001,0.26019999,0.3039,0.0554,0.0158,0.2148,0.14749999,0.1309,0.1023,0.094700001,0.0796,0.101,0.1322,0.1552,0.1432,0.1567,0.0186,0.0008,0.078400001,0.040399998
47481,0.15360001,0.1444,0.14650001,0.17129999,0.1681,0.1838,0.21,0.1964,0.2233,0.035300002,0.0011,0.22239999,0.1661,El Gazira_41,POINT (32.729397039397426 14.3471900861529),0.1471,0.1241,0.116,0.1223,0.1224,0.1376,0.1556,0.1416,0.16240001,0.030200001,0.0012,0.1699,0.13079999,0.4269,0.412,0.40310001,0.4226,0.42660001,0.4483,0.46790001,0.44150001,0.477,0.1911,0.0055,0.43450001,0.3637,0.1665,0.1416,0.1532,0.1223,0.1573,0.28420001,0.3448,0.3154,0.36669999,0.050299998,0.0092,0.2122,0.1203,0.1248,0.0973,0.0911,0.079899997,0.092900001,0.12989999,0.1525,0.1426,0.16940001,0.0175,0.0008,0.1183,0.064099997
44089,0.15629999,0.14910001,0.1548,0.1891,0.185,0.2052,0.2286,0.2208,0.25189999,0.036600001,0.0012,0.24349999,0.175,El Gazira_41,POINT (32.72819316872381 14.349181811615871),0.1442,0.126,0.117,0.126,0.123,0.1355,0.1499,0.1409,0.1622,0.0274,0.0008,0.1672,0.132,0.53100002,0.5528,0.53780001,0.56400001,0.55779999,0.56569999,0.57740003,0.59380001,0.5826,0.25060001,0.0063,0.52109998,0.4129,0.1639,0.1446,0.1441,0.13860001,0.1521,0.2321,0.2798,0.245,0.302,0.0513,0.0089,0.20720001,0.134,0.1257,0.1032,0.092,0.080799997,0.089599997,0.1212,0.1388,0.1277,0.1534,0.0188,0.0009,0.1168,0.0704
54652,0.16329999,0.16410001,0.1761,0.2233,0.2221,0.24259999,0.2746,0.2597,0.30520001,0.041900001,0.0013,0.3186,0.2403,El Gazira_41,POINT (32.698929850811375 14.34374983308049),0.1506,0.1383,0.13860001,0.16320001,0.16779999,0.1918,0.2148,0.19750001,0.2366,0.033,0.001,0.25049999,0.1846,0.37270001,0.2615,0.2243,0.2344,0.25440001,0.2942,0.3242,0.243,0.34580001,0.1547,0.003,0.28220001,0.25330001,0.17640001,0.1566,0.1566,0.1539,0.16869999,0.22920001,0.2694,0.2483,0.2879,0.0528,0.0147,0.23010001,0.1591,0.1446,0.1278,0.1217,0.13259999,0.12980001,0.14749999,0.1701,0.1584,0.1811,0.0211,0.001,0.1894,0.145
37811,0.15019999,0.1357,0.1354,0.1626,0.1682,0.1867,0.2138,0.2062,0.2439,0.0396,0.0013,0.258,0.1833,El Gazira_41,POINT (32.72597063824945 14.353889526346535),0.1445,0.1178,0.1085,0.1174,0.1164,0.12639999,0.13779999,0.12909999,0.153,0.028100001,0.001,0.16580001,0.1311,0.44620001,0.51440001,0.47589999,0.464,0.43090001,0.4325,0.4501,0.53920001,0.47670001,0.19679999,0.005,0.41960001,0.35879999,0.161,0.1362,0.12819999,0.1256,0.1309,0.169,0.196,0.17820001,0.2103,0.035100002,0.0069,0.1714,0.1301,0.1287,0.095799997,0.0854,0.063500002,0.075900003,0.1645,0.20460001,0.18009999,0.2175,0.0191,0.0009,0.1115,0.054699998
138858,0.1452,0.1228,0.1151,0.12540001,0.1293,0.1383,0.1583,0.1408,0.16940001,0.0297,0.001,0.18529999,0.14929999,El Gazira_41,POINT (32.72430374039368 14.318038468013023),0.1442,0.1236,0.1179,0.127,0.1259,0.1374,0.1514,0.1427,0.1652,0.0279,0.001,0.1794,0.1429,0.3563,0.32969999,0.32229999,0.34009999,0.34279999,0.37560001,0.40239999,0.3714,0.4181,0.153,0.0041,0.41530001,0.33410001,0.1788,0.1489,0.14129999,0.1363,0.14489999,0.21,0.25409999,0.2079,0.26179999,0.0583,0.018300001,0.1816,0.1228,0.154,0.137,0.1229,0.1224,0.1261,0.1521,0.17200001,0.16320001,0.1842,0.0424,0.01,0.1549,0.1092
30344,0.1605,0.1653,0.1745,0.2129,0.2101,0.2271,0.25639999,0.2474,0.28349999,0.038400002,0.0013,0.28169999,0.20630001,El Gazira_41,POINT (32.72374810777509 14.357329779418942),0.1594,0.1525,0.1532,0.18089999,0.17829999,0.1947,0.21610001,0.2031,0.2387,0.034600001,0.001,0.25240001,0.18880001,0.44530001,0.4113,0.38940001,0.3953,0.40009999,0.43040001,0.461,0.43329999,0.4878,0.2042,0.0051,0.41659999,0.3743,0.1697,0.1529,0.1516,0.147,0.1517,0.218,0.2518,0.22139999,0.27590001,0.042300001,0.0066,0.20119999,0.13339999,0.13500001,0.1014,0.084299996,0.075099997,0.082400002,0.092900001,0.1091,0.080700003,0.108,0.0155,0.0008,0.094300002,0.0614
44980,0.15,0.13510001,0.13339999,0.15279999,0.1464,0.1593,0.17749999,0.1661,0.19,0.031300001,0.0012,0.1957,0.1551,El Gazira_41,POINT (32.72986006657958 14.348638613762335),0.1453,0.1256,0.1163,0.1258,0.1231,0.137,0.1495,0.1374,0.1576,0.0267,0.001,0.1626,0.1295,0.50480002,0.55309999,0.5205,0.5442,0.53899997,0.56089997,0.58279997,0.58350003,0.59509999,0.2423,0.0074,0.52179998,0.42950001,0.1608,0.1381,0.14579999,0.1053,0.1445,0.3515,0.46200001,0.43380001,0.4966,0.0622,0.0086,0.2299,0.1081,0.1214,0.096,0.090499997,0.073200002,0.094099998,0.14040001,0.1672,0.1627,0.18700001,0.019400001,0.001,0.1357,0.0691
38520,0.1556,0.147,0.1534,0.1813,0.1841,0.2097,0.2402,0.2281,0.2665,0.037900001,0.0013,0.2809,0.20370001,El Gazira_41,POINT (32.72245163166504 14.353346328492997),0.15530001,0.1411,0.1398,0.1613,0.1621,0.19069999,0.2122,0.1983,0.2341,0.034200002,0.0011,0.25420001,0.1884,0.46830001,0.45480001,0.47029999,0.49509999,0.49950001,0.52270001,0.54479998,0.51179999,0.55580002,0.2172,0.0064,0.50840002,0.41940001,0.1636,0.137,0.1293,0.1212,0.1322,0.1803,0.2123,0.1946,0.2217,0.038800001,0.0076,0.16509999,0.1087,0.13070001,0.097800002,0.086599998,0.068899997,0.079700001,0.15800001,0.1929,0.1777,0.2084,0.020400001,0.0007,0.121,0.063
22789,0.1592,0.14470001,0.14830001,0.17219999,0.176,0.2,0.2296,0.2217,0.25029999,0.036600001,0.0011,0.25619999,0.19329999,El Gazira_41,POINT (32.71189461191182 14.360226834637812),0.1523,0.1349,0.1331,0.14380001,0.14929999,0.1762,0.1921,0.20029999,0.2166,0.0299,0.001,0.21600001,0.1601,0.72670001,0.68959999,0.69410002,0.7353,0.74299997,0.7658,0.78740001,0.72920001,0.80379999,0.3545,0.0079,0.58429998,0.43270001,0.16249999,0.1434,0.14229999,0.12890001,0.14830001,0.23,0.27219999,0.2586,0.29589999,0.0451,0.0066,0.2036,0.1268,0.1408,0.1274,0.12809999,0.1229,0.1364,0.225,0.27289999,0.25009999,0.299,0.034,0.0009,0.23019999,0.13770001
147356,0.15539999,0.1392,0.1376,0.1602,0.1596,0.171,0.19410001,0.1788,0.20990001,0.035500001,0.0011,0.2202,0.1733,El Gazira_41,POINT (32.73097133181676 14.315050879818566),0.1442,0.1211,0.1135,0.122,0.1225,0.1345,0.1469,0.1336,0.1565,0.0267,0.001,0.16140001,0.1268,0.3125,0.2367,0.2687,0.2845,0.27180001,0.2983,0.32089999,0.29429999,0.34380001,0.13330001,0.004,0.31850001,0.2669,0.17200001,0.144,0.1446,0.1153,0.1477,0.2784,0.3536,0.33610001,0.37270001,0.0622,0.0152,0.1837,0.0986,0.1517,0.1356,0.1225,0.1138,0.1242,0.161,0.1821,0.1848,0.1983,0.048500001,0.0142,0.156,0.1033
13226,0.1542,0.1533,0.1661,0.2114,0.2075,0.22490001,0.2518,0.2421,0.27270001,0.037900001,0.0011,0.26460001,0.1944,El Gazira_41,POINT (32.69568866053626 14.363757620685808),0.1461,0.1294,0.1231,0.1397,0.1402,0.1507,0.1628,0.1513,0.1762,0.0273,0.0009,0.1771,0.13680001,0.5043,0.42250001,0.456,0.47569999,0.48300001,0.5079,0.53369999,0.48820001,0.556,0.2194,0.0038,0.486,0.41170001,0.1628,0.1416,0.1417,0.1243,0.1496,0.2333,0.2793,0.2352,0.288,0.044799998,0.0096,0.1583,0.087899998,0.1356,0.1133,0.1183,0.089699998,0.1257,0.2256,0.2748,0.25780001,0.30340001,0.032600001,0.0009,0.19239999,0.094300002
63571,0.1608,0.16140001,0.17200001,0.2141,0.2104,0.229,0.2563,0.2413,0.27869999,0.0402,0.0013,0.28369999,0.21349999,El Gazira_41,POINT (32.70013372148499 14.34139597571516),0.15260001,0.1451,0.1487,0.17640001,0.1734,0.189,0.2089,0.20110001,0.2306,0.031,0.0009,0.2376,0.1749,0.4754,0.4779,0.4707,0.49529999,0.49630001,0.5165,0.53579998,0.51300001,0.55059999,0.2123,0.0039,0.52990001,0.42719999,0.1719,0.1487,0.1388,0.13259999,0.1392,0.18080001,0.2031,0.18529999,0.2145,0.047400001,0.0153,0.1673,0.1215,0.14300001,0.1207,0.1089,0.1147,0.1077,0.1239,0.1375,0.127,0.1504,0.02,0.0008,0.1355,0.1056
90077,0.1574,0.1469,0.1522,0.18009999,0.1874,0.204,0.2288,0.20559999,0.2489,0.0376,0.0011,0.23720001,0.1749,El Gazira_41,POINT (32.71763614897059 14.334696535521523),0.14380001,0.1197,0.1111,0.1204,0.1203,0.1328,0.1436,0.1355,0.15279999,0.0275,0.001,0.1617,0.12980001,0.42390001,0.4005,0.39160001,0.41100001,0.412,0.44159999,0.4603,0.42910001,0.47679999,0.1892,0.0048,0.43279999,0.376,0.17209999,0.15,0.1532,0.127,0.16140001,0.281,0.34040001,0.3321,0.36500001,0.0545,0.0146,0.2131,0.123,0.13600001,0.1091,0.1053,0.0973,0.1139,0.14839999,0.17129999,0.16429999,0.1883,0.0232,0.0016,0.15009999,0.088699996
4935,0.1506,0.12989999,0.12620001,0.1433,0.1398,0.15530001,0.17309999,0.159,0.19059999,0.031800002,0.0013,0.1919,0.14380001,El Gazira_41,POINT (32.704300966124414 14.366926274831448),0.1556,0.1346,0.1303,0.1415,0.1424,0.15889999,0.1741,0.1648,0.1929,0.031,0.001,0.19939999,0.1517,0.38190001,0.3418,0.3057,0.30160001,0.30590001,0.34060001,0.38960001,0.33759999,0.4314,0.1573,0.0041,0.33250001,0.31420001,0.1609,0.13860001,0.1357,0.1174,0.1383,0.23289999,0.27970001,0.26449999,0.2983,0.040100001,0.0064,0.18260001,0.1057,0.13510001,0.11,0.1181,0.080700003,0.1259,0.29480001,0.35879999,0.3452,0.38960001,0.0361,0.0008,0.1671,0.070299998
88383,0.15180001,0.1488,0.1548,0.1857,0.1805,0.1965,0.2208,0.2077,0.23559999,0.032600001,0.0012,0.2397,0.1909,El Gazira_41,POINT (32.72865619590597 14.335149200399472),0.1429,0.1245,0.1158,0.12809999,0.1266,0.1409,0.15530001,0.1428,0.1663,0.027,0.001,0.1683,0.1319,0.27959999,0.28979999,0.26910001,0.26140001,0.26339999,0.2836,0.2969,0.31369999,0.304,0.1054,0.0056,0.28490001,0.2265,0.16500001,0.1399,0.147,0.1139,0.1454,0.2911,0.36649999,0.33629999,0.38429999,0.055,0.0112,0.2025,0.1119,0.1287,0.0959,0.086900003,0.070299998,0.086499996,0.1398,0.166,0.148,0.1822,0.0298,0.0027,0.1028,0.0629
132905,0.16500001,0.1515,0.1584,0.1885,0.1956,0.2203,0.2484,0.23109999,0.27559999,0.040600002,0.0012,0.27919999,0.20900001,El Gazira_41,POINT (32.71671009460627 14.319849127524817),0.15790001,0.1383,0.1363,0.1538,0.1627,0.1892,0.21070001,0.1946,0.2344,0.0363,0.0012,0.2441,0.1812,0.44260001,0.41249999,0.3951,0.42089999,0.4418,0.47760001,0.5,0.44729999,0.51719999,0.21879999,0.0046,0.50470001,0.443,0.1814,0.1565,0.1515,0.1473,0.1549,0.2044,0.23729999,0.218,0.25240001,0.053800002,0.0209,0.1849,0.1337,0.14749999,0.1239,0.113,0.1085,0.1044,0.12710001,0.1416,0.1464,0.1512,0.034899998,0.0082,0.1268,0.089199997
30974,0.1672,0.168,0.17739999,0.2159,0.2422,0.2414,0.2703,0.2458,0.2983,0.038199998,0.0013,0.30050001,0.2286,El Gazira_41,POINT (32.72041431206354 14.357058180492173),0.1628,0.1552,0.15700001,0.183,0.1867,0.2043,0.2247,0.2066,0.2438,0.035300002,0.001,0.26820001,0.20739999,0.5061,0.50919998,0.48320001,0.5011,0.49540001,0.50849998,0.52569997,0.5388,0.5478,0.2071,0.0071,0.49039999,0.40169999,0.1725,0.1514,0.1505,0.14650001,0.1592,0.20119999,0.235,0.2131,0.24770001,0.0385,0.007,0.17640001,0.1073,0.139,0.1151,0.098499998,0.098200001,0.094899997,0.1045,0.1194,0.1049,0.1243,0.0154,0.0006,0.1064,0.078
54801,0.1575,0.1471,0.1533,0.1777,0.17479999,0.19140001,0.2133,0.2016,0.2298,0.0345,0.0013,0.2467,0.20029999,El Gazira_41,POINT (32.72004389031782 14.34374983308049),0.1503,0.1327,0.1267,0.1441,0.1418,0.156,0.1724,0.164,0.1823,0.03,0.001,0.19850001,0.1574,0.4145,0.39039999,0.37760001,0.4048,0.40090001,0.42750001,0.44859999,0.43220001,0.46340001,0.19069999,0.0072,0.426,0.37279999,0.17460001,0.1549,0.1591,0.1549,0.17910001,0.26030001,0.30489999,0.30039999,0.3364,0.051100001,0.0117,0.2423,0.1587,0.138,0.1148,0.1058,0.093199998,0.107,0.12639999,0.1444,0.12549999,0.1442,0.0162,0.0007,0.0568,0.0336
80908,0.159,0.1471,0.15019999,0.17569999,0.1724,0.19,0.21170001,0.1947,0.23,0.035500001,0.0012,0.2438,0.2014,El Gazira_41,POINT (32.70550483679803 14.336959859911266),0.1521,0.12989999,0.1239,0.1392,0.1391,0.1533,0.1681,0.153,0.18179999,0.030300001,0.001,0.19140001,0.15270001,0.45519999,0.4707,0.45120001,0.4655,0.47049999,0.48539999,0.50139999,0.50510001,0.5029,0.2041,0.0046,0.50150001,0.40560001,0.17550001,0.15260001,0.14210001,0.1418,0.146,0.18279999,0.2095,0.18970001,0.2199,0.0491,0.0169,0.1751,0.12970001,0.134,0.1042,0.086800002,0.084299996,0.0831,0.0915,0.104,0.088500001,0.1072,0.0148,0.0007,0.095,0.0722
88324,0.1517,0.137,0.13779999,0.1561,0.1592,0.17730001,0.2015,0.1885,0.21950001,0.0347,0.001,0.2264,0.17649999,El Gazira_41,POINT (32.723192475156495 14.335149200399472),0.14300001,0.1189,0.1102,0.1201,0.119,0.1309,0.1453,0.13410001,0.1547,0.028200001,0.001,0.1706,0.13519999,0.37630001,0.37239999,0.35550001,0.38710001,0.38620001,0.40439999,0.41909999,0.39109999,0.42160001,0.1644,0.0062,0.3969,0.32600001,0.1672,0.15,0.14740001,0.14229999,0.1534,0.2201,0.26879999,0.255,0.28839999,0.056200001,0.0124,0.2023,0.132,0.12819999,0.1219,0.1062,0.0875,0.091700003,0.1285,0.1462,0.1583,0.15700001,0.0222,0.0026,0.1206,0.073200002
5107,0.1514,0.1399,0.1429,0.1672,0.15880001,0.174,0.1927,0.1913,0.2121,0.032900002,0.0012,0.2115,0.16329999,El Gazira_41,POINT (32.69939287799353 14.366835741855859),0.1468,0.1231,0.1121,0.1207,0.1193,0.1278,0.141,0.1295,0.1532,0.0266,0.001,0.15809999,0.12639999,0.43419999,0.38780001,0.36160001,0.417,0.4095,0.44369999,0.47589999,0.39989999,0.4912,0.18529999,0.0045,0.42640001,0.36680001,0.161,0.141,0.13850001,0.1218,0.1437,0.25220001,0.30450001,0.27849999,0.32870001,0.044500001,0.0074,0.19589999,0.1137,0.13689999,0.1158,0.1151,0.090899996,0.1171,0.2685,0.34650001,0.30590001,0.37760001,0.033300001,0.0008,0.203,0.1022
128743,0.15800001,0.1583,0.1664,0.1953,0.2005,0.21969999,0.25330001,0.2309,0.27720001,0.037500001,0.0012,0.26969999,0.2025,El Gazira_41,POINT (32.73023048832531 14.321207122158663),0.1498,0.13070001,0.1239,0.134,0.1357,0.15260001,0.1718,0.1612,0.1877,0.030200001,0.0012,0.1868,0.1437,0.31060001,0.27829999,0.25690001,0.2834,0.28529999,0.32030001,0.34369999,0.3017,0.3527,0.1284,0.0043,0.33270001,0.2798,0.16850001,0.1441,0.1463,0.1154,0.1486,0.2877,0.35330001,0.32,0.37819999,0.061900001,0.0143,0.1946,0.0994,0.1557,0.1086,0.1025,0.092,0.1091,0.15369999,0.1831,0.1576,0.19850001,0.0535,0.0098,0.1473,0.096299998
140449,0.16429999,0.1512,0.15369999,0.17209999,0.17829999,0.1964,0.222,0.206,0.2404,0.0363,0.0011,0.2236,0.15270001,El Gazira_41,POINT (32.70596786398019 14.317495270159487),0.1575,0.13950001,0.13940001,0.1542,0.15700001,0.18870001,0.21510001,0.2022,0.2343,0.035,0.001,0.2317,0.17470001,0.3669,0.38749999,0.3775,0.383,0.37720001,0.3883,0.40419999,0.42629999,0.41620001,0.1587,0.0041,0.41319999,0.3441,0.1839,0.163,0.1605,0.15790001,0.16940001,0.23270001,0.27149999,0.25420001,0.2922,0.0609,0.021,0.2166,0.1525,0.1417,0.12549999,0.1147,0.115,0.1113,0.129,0.1495,0.1348,0.1578,0.0196,0.0025,0.1358,0.0964
12087,0.155,0.1278,0.1198,0.1302,0.1277,0.13779999,0.1531,0.14040001,0.1646,0.033,0.0011,0.1639,0.13169999,El Gazira_41,POINT (32.70439357156085 14.364210285563757),0.15440001,0.127,0.1155,0.1224,0.1226,0.132,0.14390001,0.12980001,0.1531,0.0295,0.001,0.1409,0.1051,0.3457,0.26210001,0.2387,0.244,0.2383,0.26620001,0.3057,0.26019999,0.34549999,0.1279,0.0042,0.2518,0.2448,0.1595,0.1382,0.14210001,0.1044,0.13519999,0.29730001,0.37220001,0.3457,0.39559999,0.045600001,0.0069,0.1935,0.094800003,0.1402,0.1174,0.1232,0.1017,0.1388,0.24079999,0.294,0.28639999,0.3283,0.030200001,0.0009,0.23540001,0.1226
134456,0.1516,0.1376,0.13429999,0.1549,0.15440001,0.1684,0.18889999,0.1736,0.20739999,0.032900002,0.0011,0.2252,0.1832,El Gazira_41,POINT (32.72569282194015 14.31939646264687),0.1495,0.1305,0.1231,0.1375,0.13869999,0.1523,0.1652,0.1558,0.1823,0.0312,0.001,0.20389999,0.16329999,0.3407,0.34979999,0.32229999,0.33860001,0.34810001,0.37619999,0.3985,0.3743,0.41600001,0.14650001,0.0039,0.4147,0.3339,0.1726,0.14480001,0.1337,0.1295,0.1353,0.17550001,0.20190001,0.1838,0.2165,0.0484,0.0154,0.1648,0.1227,0.1564,0.1171,0.1082,0.1116,0.1176,0.14659999,0.1693,0.1337,0.1781,0.0464,0.0098,0.153,0.1143
66166,0.1566,0.14569999,0.1503,0.1673,0.1732,0.2016,0.22490001,0.2149,0.24609999,0.037300002,0.0011,0.2362,0.1716,El Gazira_41,POINT (32.72069212837284 14.340762244886033),0.148,0.1318,0.1228,0.1322,0.1312,0.1476,0.16159999,0.1521,0.1734,0.0279,0.001,0.182,0.1432,0.43900001,0.368,0.3723,0.3899,0.4007,0.4346,0.4619,0.4068,0.48429999,0.2066,0.0056,0.43880001,0.38119999,0.1692,0.1435,0.1425,0.1177,0.1436,0.26159999,0.31959999,0.28560001,0.34259999,0.0605,0.0124,0.182,0.096600004,0.1331,0.1092,0.1039,0.089500003,0.1076,0.1561,0.1858,0.17569999,0.2085,0.024900001,0.0009,0.16670001,0.092600003
140325,0.14830001,0.1304,0.1293,0.14659999,0.1486,0.1656,0.18359999,0.1647,0.19,0.0319,0.001,0.1883,0.1401,El Gazira_41,POINT (32.722173815355745 14.317585803135076),0.1462,0.1267,0.1235,0.1411,0.1345,0.1507,0.1629,0.15790001,0.17030001,0.029300001,0.001,0.1701,0.12530001,0.38519999,0.37310001,0.36629999,0.38839999,0.38859999,0.41319999,0.43340001,0.4192,0.45120001,0.1749,0.0041,0.45950001,0.37180001,0.1796,0.1552,0.1486,0.14920001,0.1541,0.2033,0.233,0.21259999,0.2447,0.054900002,0.02,0.1688,0.1193,0.1525,0.1185,0.1093,0.1089,0.1055,0.1312,0.15360001,0.1251,0.163,0.0409,0.0098,0.131,0.1033
101558,0.15180001,0.14120001,0.1441,0.16580001,0.1691,0.1928,0.2174,0.2106,0.2394,0.035,0.0011,0.23270001,0.174,El Gazira_41,POINT (32.724488951266544 14.330441485668809),0.14579999,0.1329,0.1277,0.14139999,0.1469,0.17309999,0.1903,0.18780001,0.2084,0.03,0.001,0.2036,0.1494,0.3152,0.304,0.273,0.27689999,0.2809,0.30970001,0.3387,0.32429999,0.36070001,0.127,0.0043,0.32030001,0.28380001,0.17039999,0.14470001,0.14049999,0.13060001,0.14129999,0.19660001,0.22930001,0.2226,0.242,0.0506,0.013,0.1617,0.1035,0.1362,0.1054,0.102,0.0928,0.1023,0.1266,0.1425,0.1258,0.1505,0.025900001,0.0059,0.1249,0.0792
58369,0.1574,0.1435,0.1455,0.1719,0.1696,0.18780001,0.2106,0.2,0.23360001,0.035700001,0.0012,0.25119999,0.19939999,El Gazira_41,POINT (32.696244293154855 14.342753970349005),0.1534,0.1329,0.1251,0.14129999,0.14129999,0.1557,0.17460001,0.1621,0.1913,0.0311,0.001,0.2104,0.16249999,0.44580001,0.40009999,0.39160001,0.43579999,0.435,0.46630001,0.4869,0.424,0.5043,0.1938,0.0036,0.4707,0.38839999,0.18610001,0.1717,0.16779999,0.16869999,0.17730001,0.227,0.26539999,0.24869999,0.28830001,0.0535,0.018200001,0.2467,0.1804,0.1407,0.1168,0.1036,0.1038,0.1022,0.119,0.1346,0.1251,0.14650001,0.0186,0.0007,0.15360001,0.1215
125188,0.15790001,0.14820001,0.1543,0.1822,0.1912,0.2172,0.2431,0.2288,0.26890001,0.037500001,0.0011,0.2694,0.2034,El Gazira_41,POINT (32.71467277500477 14.32229351786574),0.14560001,0.1309,0.1279,0.1408,0.13869999,0.1566,0.18009999,0.1812,0.20190001,0.029,0.001,0.2088,0.1595,0.41780001,0.34540001,0.31650001,0.413,0.4201,0.44659999,0.46869999,0.362,0.48089999,0.19670001,0.0046,0.45590001,0.4032,0.17900001,0.16069999,0.1552,0.1525,0.15260001,0.2076,0.23379999,0.2357,0.25960001,0.055300001,0.020400001,0.19589999,0.14489999,0.1424,0.1248,0.11,0.1096,0.1089,0.1301,0.1495,0.14569999,0.1591,0.0285,0.0072,0.1398,0.1023
2118,0.153,0.1523,0.16140001,0.18880001,0.1865,0.2132,0.23729999,0.2315,0.26249999,0.0356,0.0012,0.25119999,0.1806,El Gazira_41,POINT (32.70763476183596 14.368284269465292),0.1538,0.14210001,0.14,0.1622,0.1617,0.186,0.2087,0.19320001,0.2298,0.0323,0.001,0.2297,0.16769999,0.52420002,0.51279998,0.491,0.53649998,0.54180002,0.56809998,0.59539998,0.54140002,0.60479999,0.23630001,0.0053,0.52670002,0.40450001,0.1639,0.1437,0.1461,0.134,0.1566,0.2313,0.27430001,0.25580001,0.29339999,0.042,0.0058,0.219,0.14120001,0.14920001,0.131,0.1309,0.1419,0.14560001,0.1821,0.2097,0.1777,0.2269,0.0267,0.0009,0.2277,0.1626
38249,0.15350001,0.1408,0.1424,0.1635,0.1627,0.1745,0.1962,0.18,0.21089999,0.031500001,0.0011,0.2286,0.1899,El Gazira_41,POINT (32.708931237946004 14.353527394444177),0.151,0.13259999,0.12800001,0.1443,0.1419,0.15360001,0.17129999,0.1564,0.1813,0.0288,0.0009,0.1921,0.1556,0.62029999,0.69050002,0.65399998,0.69770002,0.67580003,0.6893,0.69989997,0.71850002,0.70490003,0.28870001,0.0064,0.56269997,0.3847,0.1605,0.14,0.1338,0.12890001,0.13590001,0.1831,0.2159,0.195,0.2242,0.039,0.007,0.1708,0.1213,0.1436,0.1245,0.1156,0.1212,0.1211,0.1424,0.1609,0.1428,0.1699,0.0234,0.0009,0.16069999,0.1216
67523,0.1471,0.1424,0.1488,0.173,0.16869999,0.1822,0.2027,0.1895,0.219,0.0301,0.001,0.22669999,0.1816,El Gazira_41,POINT (32.71698791091557 14.340400112983673),0.1428,0.122,0.1144,0.1222,0.1207,0.1337,0.144,0.13519999,0.15440001,0.0257,0.0007,0.16320001,0.126,0.4481,0.42300001,0.3955,0.40650001,0.40900001,0.42860001,0.44850001,0.44190001,0.45950001,0.21070001,0.0067,0.4262,0.35730001,0.1715,0.1479,0.1559,0.1212,0.1575,0.30849999,0.37549999,0.34150001,0.39950001,0.064599998,0.0151,0.2032,0.1048,0.127,0.1041,0.096,0.0792,0.0999,0.1494,0.1753,0.16320001,0.1957,0.0241,0.0008,0.153,0.0801
134026,0.1566,0.1604,0.1727,0.21170001,0.2008,0.2202,0.2436,0.24240001,0.2678,0.034600001,0.0011,0.2755,0.215,El Gazira_41,POINT (32.71291327171257 14.319486995622459),0.14910001,0.1382,0.1393,0.16159999,0.1575,0.17739999,0.19230001,0.1902,0.21359999,0.0307,0.0008,0.22409999,0.17479999,0.34639999,0.4154,0.40400001,0.4215,0.42739999,0.37169999,0.39039999,0.45289999,0.4023,0.148,0.0049,0.46419999,0.32589999,0.1794,0.1586,0.147,0.1397,0.14219999,0.1767,0.2024,0.1964,0.21610001,0.0523,0.0232,0.1723,0.1331,0.142,0.1189,0.1137,0.1135,0.1146,0.1302,0.1446,0.1321,0.15180001,0.0262,0.0062,0.14300001,0.1042
40144,0.1512,0.13950001,0.142,0.16329999,0.15979999,0.1754,0.19580001,0.1885,0.21510001,0.0337,0.0012,0.2287,0.18340001,El Gazira_41,POINT (32.72773014154165 14.351988333859152),0.1427,0.1215,0.1088,0.1148,0.1127,0.1206,0.1357,0.1265,0.14650001,0.0257,0.0009,0.15719999,0.1241,0.48949999,0.46270001,0.44819999,0.48550001,0.49950001,0.5262,0.55360001,0.5068,0.56269997,0.2324,0.0047,0.4905,0.408,0.1604,0.1348,0.1286,0.1226,0.1277,0.1743,0.20039999,0.18359999,0.22239999,0.0453,0.0075,0.16779999,0.1218,0.1268,0.103,0.089599997,0.083899997,0.084200002,0.1019,0.1131,0.1025,0.1256,0.0228,0.0008,0.1036,0.071199998
1161,0.1559,0.1426,0.1454,0.1737,0.1689,0.1847,0.2104,0.2033,0.22920001,0.034200002,0.0011,0.2378,0.1857,El Gazira_41,POINT (32.70828299989098 14.368918000294421),0.1582,0.1408,0.1409,0.16320001,0.1584,0.17209999,0.1904,0.18,0.20730001,0.032900002,0.001,0.2211,0.1708,0.55949998,0.54659998,0.53350002,0.55260003,0.55790001,0.58179998,0.6038,0.588,0.61769998,0.2588,0.0066,0.52249998,0.40720001,0.16779999,0.1489,0.145,0.1411,0.153,0.2128,0.2492,0.2341,0.26550001,0.0383,0.0056,0.2142,0.1516,0.1486,0.12720001,0.1194,0.12890001,0.1278,0.1445,0.16249999,0.1471,0.1742,0.021,0.0008,0.1776,0.1392
4611,0.15009999,0.1372,0.14129999,0.1679,0.168,0.1883,0.21269999,0.2062,0.2361,0.033500001,0.0012,0.24950001,0.1925,El Gazira_41,POINT (32.69476260617194 14.367016807807037),0.14579999,0.1247,0.1181,0.1347,0.13259999,0.1437,0.1602,0.1496,0.1752,0.0279,0.0011,0.1874,0.14929999,0.56510001,0.5758,0.56040001,0.58609998,0.58630002,0.60839999,0.63599998,0.61930001,0.64960003,0.2499,0.0046,0.5625,0.4443,0.1613,0.1464,0.14569999,0.1302,0.147,0.26840001,0.33219999,0.25549999,0.3592,0.0521,0.0096,0.1892,0.0977,0.1354,0.1126,0.1169,0.091700003,0.13349999,0.22849999,0.27739999,0.2414,0.30160001,0.0308,0.0008,0.1812,0.089900002
13766,0.1452,0.13079999,0.1294,0.14749999,0.1496,0.173,0.196,0.18700001,0.2124,0.030400001,0.0011,0.1979,0.14910001,El Gazira_41,POINT (32.69967069430283 14.36357655473463),0.14740001,0.12809999,0.1224,0.13249999,0.14309999,0.1666,0.1883,0.17550001,0.2052,0.029200001,0.001,0.1874,0.1363,0.41350001,0.4404,0.41659999,0.4235,0.4127,0.41159999,0.40419999,0.46470001,0.408,0.162,0.0036,0.405,0.30289999,0.16410001,0.14030001,0.138,0.1208,0.14740001,0.23819999,0.2879,0.28470001,0.30849999,0.043200001,0.0076,0.1965,0.1191,0.1415,0.1141,0.1146,0.1056,0.1397,0.207,0.2421,0.2482,0.27289999,0.0299,0.0009,0.2146,0.1304
11472,0.1653,0.1547,0.1578,0.18610001,0.1825,0.1943,0.21879999,0.2023,0.2362,0.035500001,0.0013,0.25229999,0.2084,El Gazira_41,POINT (32.71532101305979 14.364481884490527),0.14910001,0.12720001,0.1163,0.1219,0.1215,0.12809999,0.1418,0.1279,0.1479,0.025,0.001,0.1303,0.0964,0.41049999,0.46669999,0.39610001,0.44800001,0.41710001,0.42219999,0.4244,0.4571,0.41170001,0.17219999,0.0066,0.3926,0.26339999,0.1602,0.1444,0.14740001,0.12620001,0.15369999,0.27900001,0.34119999,0.31979999,0.3691,0.0473,0.0062,0.2093,0.1126,0.1357,0.1194,0.1209,0.1054,0.1249,0.2026,0.245,0.2445,0.2696,0.0294,0.0009,0.1794,0.089900002
27108,0.16339999,0.15459999,0.15620001,0.1811,0.1802,0.1948,0.2192,0.2079,0.2431,0.0359,0.0011,0.2595,0.2035,El Gazira_41,POINT (32.721155155554996 14.358597241077197),0.1631,0.1471,0.146,0.16230001,0.1635,0.17829999,0.19679999,0.186,0.214,0.0337,0.001,0.2387,0.1851,0.52600002,0.4262,0.40849999,0.4781,0.48980001,0.50770003,0.52420002,0.43610001,0.51819998,0.25150001,0.0064,0.4835,0.3849,0.1609,0.1363,0.1327,0.1109,0.1402,0.22830001,0.2728,0.2456,0.28560001,0.042100001,0.0068,0.1296,0.069799997,0.14309999,0.1165,0.1042,0.1028,0.1031,0.1186,0.13349999,0.117,0.1419,0.018200001,0.0007,0.1185,0.084600002
124751,0.1568,0.1364,0.13959999,0.1561,0.16850001,0.1936,0.2198,0.2088,0.24439999,0.0363,0.001,0.2376,0.1745,El Gazira_41,POINT (32.72606324368588 14.322474583816918),0.1468,0.1215,0.1164,0.1107,0.127,0.16419999,0.1841,0.164,0.19580001,0.0288,0.001,0.1693,0.1141,0.3267,0.30590001,0.28189999,0.29800001,0.30039999,0.32859999,0.34509999,0.32589999,0.35350001,0.1358,0.0048,0.34509999,0.2665,0.1688,0.1433,0.14300001,0.1204,0.1487,0.26159999,0.31079999,0.2757,0.3373,0.0546,0.0133,0.1882,0.1087,0.1372,0.1098,0.099799998,0.0783,0.098200001,0.1461,0.1673,0.1486,0.1855,0.0339,0.0063,0.1257,0.074900001
48920,0.1566,0.1426,0.1442,0.16429999,0.1626,0.1771,0.1992,0.18870001,0.21619999,0.035300002,0.0012,0.2295,0.1846,El Gazira_41,POINT (32.72180339361002 14.346375289372592),0.152,0.1321,0.1258,0.13940001,0.13940001,0.1541,0.1689,0.15889999,0.18189999,0.032600001,0.0012,0.1981,0.15620001,0.4709,0.428,0.4156,0.43619999,0.45320001,0.48559999,0.51569998,0.45120001,0.53189999,0.2229,0.0052,0.46740001,0.4152,0.1717,0.1523,0.14910001,0.1427,0.1541,0.2211,0.25760001,0.2419,0.27720001,0.046,0.011,0.20720001,0.1441,0.13779999,0.1132,0.098800004,0.098399997,0.0964,0.1111,0.1234,0.1114,0.1305,0.0163,0.0008,0.1134,0.082900003
26910,0.1551,0.1455,0.1543,0.1803,0.1788,0.19400001,0.22059999,0.2086,0.2412,0.037099998,0.0011,0.257,0.197,El Gazira_41,POINT (32.697262952955604 14.358597241077197),0.1445,0.1188,0.1078,0.1133,0.113,0.1217,0.1344,0.1236,0.1471,0.025800001,0.001,0.1503,0.1087,0.53750002,0.51169997,0.50120002,0.52100003,0.51130003,0.53109998,0.5625,0.5381,0.584,0.2376,0.0042,0.48379999,0.3874,0.1591,0.1364,0.13169999,0.1094,0.1303,0.28650001,0.35550001,0.3283,0.3804,0.0504,0.0096,0.1822,0.0928,0.1321,0.1066,0.1077,0.072,0.1098,0.3195,0.4086,0.3944,0.45030001,0.043900002,0.0009,0.19410001,0.0796
44733,0.1433,0.1225,0.1154,0.12620001,0.1231,0.1331,0.1487,0.1399,0.1605,0.027100001,0.0012,0.171,0.1373,El Gazira_41,POINT (32.72069212837284 14.348729146737924),0.15090001,0.13160001,0.12549999,0.1376,0.1348,0.1485,0.16230001,0.1516,0.1751,0.0294,0.001,0.1855,0.14380001,0.43970001,0.4526,0.44069999,0.45140001,0.44819999,0.4693,0.48989999,0.48930001,0.4998,0.1883,0.0047,0.45070001,0.37259999,0.16320001,0.1384,0.13940001,0.1119,0.14229999,0.2881,0.3581,0.33090001,0.38620001,0.057,0.0098,0.19850001,0.1029,0.13429999,0.1054,0.0977,0.082599998,0.1098,0.1797,0.2119,0.1979,0.24259999,0.0267,0.0008,0.1497,0.075
17448,0.1473,0.1366,0.1392,0.1666,0.1627,0.178,0.2034,0.1911,0.2243,0.032900002,0.0012,0.2306,0.1732,El Gazira_41,POINT (32.70041153779428 14.362218560100784),0.1507,0.1371,0.1347,0.15369999,0.154,0.1682,0.1893,0.1742,0.2033,0.031800002,0.001,0.2133,0.161,0.46779999,0.57099998,0.53680003,0.54720002,0.51800001,0.52520001,0.52490002,0.59689999,0.51719999,0.1929,0.0039,0.47260001,0.35280001,0.1631,0.1419,0.1339,0.13169999,0.13590001,0.18,0.205,0.18610001,0.2154,0.0392,0.0076,0.1684,0.1222,0.1443,0.1197,0.1128,0.1188,0.1205,0.141,0.1637,0.1437,0.1725,0.024900001,0.0009,0.168,0.129
75834,0.159,0.15449999,0.1657,0.20190001,0.20200001,0.2277,0.2538,0.25150001,0.28200001,0.0398,0.0012,0.2879,0.21439999,El Gazira_41,POINT (32.698929850811375 14.338227321569521),0.1556,0.1445,0.1453,0.16949999,0.16680001,0.1881,0.2094,0.2067,0.232,0.0345,0.001,0.24510001,0.18080001,0.43380001,0.42210001,0.4129,0.43259999,0.43939999,0.4655,0.494,0.45910001,0.51300001,0.18539999,0.0038,0.4923,0.4129,0.1742,0.1612,0.15809999,0.1486,0.1635,0.23630001,0.27329999,0.2599,0.29210001,0.0506,0.0169,0.21619999,0.1443,0.1463,0.1344,0.13240001,0.1418,0.13349999,0.1578,0.17910001,0.1823,0.1945,0.0208,0.001,0.17560001,0.1239
4222,0.1481,0.1312,0.12720001,0.14560001,0.14650001,0.15809999,0.17820001,0.16240001,0.1945,0.030200001,0.0013,0.204,0.164,El Gazira_41,POINT (32.69837421819278 14.367197873758217),0.14749999,0.1222,0.1124,0.1202,0.1205,0.1323,0.1446,0.1287,0.1564,0.0278,0.0008,0.1603,0.12639999,0.4571,0.37850001,0.37850001,0.41800001,0.40700001,0.43689999,0.4682,0.40270001,0.49180001,0.19930001,0.0034,0.41440001,0.3635,0.1622,0.1407,0.1332,0.1211,0.13609999,0.2105,0.25440001,0.24879999,0.27239999,0.0407,0.0072,0.178,0.1138,0.1407,0.1146,0.113,0.089699998,0.1202,0.25470001,0.3188,0.32570001,0.3488,0.032699998,0.0009,0.19400001,0.1089
22520,0.1582,0.14229999,0.1442,0.1665,0.16769999,0.1892,0.217,0.1972,0.2375,0.035300002,0.001,0.2405,0.1882,El Gazira_41,POINT (32.70902384338244 14.360317367613401),0.15009999,0.1344,0.1311,0.1453,0.14129999,0.1655,0.18520001,0.1767,0.2034,0.0284,0.0009,0.2006,0.15180001,0.69230002,0.6706,0.67629999,0.72009999,0.72189999,0.73390001,0.74220002,0.69730002,0.75040001,0.3317,0.0055,0.54500002,0.38550001,0.16150001,0.1463,0.1415,0.1434,0.1481,0.2174,0.25729999,0.2122,0.2757,0.0438,0.0068,0.1962,0.1302,0.14129999,0.12989999,0.1279,0.1313,0.1355,0.20119999,0.2379,0.19580001,0.25850001,0.029300001,0.001,0.2036,0.1304
14926,0.1682,0.1629,0.1691,0.2044,0.2024,0.21690001,0.2445,0.227,0.2665,0.0372,0.0012,0.26989999,0.2101,El Gazira_41,POINT (32.71495059131407 14.363214422832272),0.1516,0.1301,0.1232,0.13249999,0.13079999,0.14139999,0.1575,0.1428,0.1661,0.0267,0.0009,0.16249999,0.1267,0.51609999,0.58050001,0.5485,0.56239998,0.5564,0.56559998,0.58060002,0.5984,0.58819997,0.2274,0.0067,0.48550001,0.37639999,0.1602,0.13959999,0.14390001,0.113,0.14659999,0.27669999,0.34060001,0.3184,0.36039999,0.046700001,0.0068,0.18970001,0.095299996,0.13850001,0.116,0.1178,0.099699996,0.1329,0.2282,0.27860001,0.25220001,0.30509999,0.033500001,0.0007,0.215,0.1107
41694,0.15350001,0.14300001,0.1462,0.1683,0.1628,0.173,0.1992,0.18979999,0.2157,0.0319,0.0013,0.2291,0.1848,El Gazira_41,POINT (32.717543543534156 14.350720872200895),0.15009999,0.1268,0.1223,0.1356,0.1382,0.15009999,0.1675,0.1542,0.1821,0.0286,0.0009,0.18979999,0.152,0.55409998,0.51050001,0.4962,0.52560002,0.52319998,0.55849999,0.59020001,0.55019999,0.61110002,0.2577,0.0053,0.51670003,0.43340001,0.1726,0.1523,0.1517,0.1561,0.166,0.22130001,0.259,0.24600001,0.27720001,0.046100002,0.009,0.2212,0.154,0.14049999,0.1167,0.1058,0.1089,0.1085,0.123,0.13429999,0.1226,0.1432,0.0187,0.0008,0.13950001,0.1044
146313,0.1542,0.1441,0.1478,0.17129999,0.16670001,0.182,0.20909999,0.1918,0.229,0.0339,0.0011,0.2491,0.19949999,El Gazira_41,POINT (32.73263822967254 14.315594077672102),0.1451,0.12639999,0.1178,0.1252,0.1247,0.1376,0.1557,0.1461,0.1701,0.0277,0.0008,0.1762,0.1328,0.29089999,0.2949,0.2703,0.2667,0.2586,0.281,0.30129999,0.31990001,0.3197,0.1186,0.0036,0.3021,0.23890001,0.1717,0.14820001,0.14929999,0.132,0.1569,0.26210001,0.3161,0.28569999,0.34580001,0.062399998,0.0154,0.204,0.1196,0.16339999,0.13789999,0.1203,0.1002,0.1146,0.1821,0.21439999,0.18970001,0.2297,0.061299998,0.0137,0.16,0.1267
80108,0.162,0.1594,0.1728,0.215,0.2122,0.2304,0.26300001,0.2418,0.2843,0.040399998,0.0012,0.2886,0.2216,El Gazira_41,POINT (32.697911191010625 14.337140925862446),0.1573,0.1445,0.1487,0.17389999,0.1763,0.1936,0.2145,0.1943,0.2308,0.035,0.0011,0.2383,0.17659999,0.42469999,0.3985,0.37380001,0.34380001,0.36390001,0.3976,0.43340001,0.4303,0.46219999,0.18430001,0.0035,0.4082,0.3689,0.18009999,0.16580001,0.1602,0.1622,0.1682,0.2114,0.24529999,0.2281,0.26210001,0.0524,0.0188,0.2132,0.1566,0.14480001,0.1244,0.1151,0.1221,0.1167,0.1323,0.1505,0.1382,0.159,0.0191,0.0008,0.1464,0.1083
97526,0.1525,0.1312,0.1327,0.15459999,0.1569,0.1618,0.183,0.16689999,0.1983,0.032400001,0.0011,0.20200001,0.1613,El Gazira_41,POINT (32.713283693458294 14.331890013278244),0.14489999,0.1233,0.1162,0.1295,0.1268,0.13860001,0.1557,0.1407,0.1665,0.0276,0.001,0.1662,0.1284,0.42160001,0.43430001,0.41080001,0.42660001,0.4242,0.45120001,0.48010001,0.4659,0.49239999,0.18889999,0.0049,0.45550001,0.40419999,0.17,0.14910001,0.147,0.1238,0.1452,0.28119999,0.35710001,0.3186,0.37920001,0.059700001,0.0153,0.19140001,0.105,0.12549999,0.1012,0.093599997,0.0787,0.0994,0.1542,0.1833,0.1734,0.2041,0.021400001,0.001,0.1285,0.066
27557,0.1576,0.14910001,0.1503,0.17739999,0.1753,0.1891,0.21870001,0.2066,0.2384,0.034200002,0.0012,0.25369999,0.1982,El Gazira_41,POINT (32.71374672064046 14.358416175126019),0.1558,0.139,0.1365,0.15369999,0.1516,0.16949999,0.1877,0.17470001,0.2043,0.0317,0.001,0.21439999,0.1691,0.66579998,0.65859997,0.63980001,0.67559999,0.67229998,0.69679999,0.72359997,0.6972,0.741,0.3299,0.0071,0.57120001,0.4393,0.1637,0.142,0.1346,0.12970001,0.1408,0.19850001,0.2306,0.1946,0.251,0.0402,0.0065,0.18279999,0.1242,0.1427,0.1171,0.1096,0.1012,0.1269,0.19939999,0.2401,0.20550001,0.26320001,0.0309,0.0008,0.2022,0.1277
3621,0.15449999,0.14740001,0.1523,0.1812,0.17919999,0.1956,0.2207,0.2089,0.2383,0.0352,0.0012,0.2438,0.1881,El Gazira_41,POINT (32.6993002725571 14.367469472684986),0.153,0.12530001,0.1164,0.1301,0.1287,0.1393,0.1574,0.14309999,0.1672,0.0307,0.001,0.17910001,0.14129999,0.47909999,0.3937,0.41769999,0.46540001,0.4786,0.50199997,0.52990001,0.43650001,0.54189998,0.2086,0.0046,0.4883,0.4147,0.16410001,0.1382,0.14300001,0.1154,0.1452,0.2642,0.31810001,0.29859999,0.34079999,0.0453,0.007,0.2018,0.1093,0.1397,0.1183,0.1228,0.1026,0.1344,0.235,0.2888,0.27770001,0.3231,0.0275,0.0007,0.2121,0.1129
71751,0.14560001,0.1186,0.1129,0.1219,0.12720001,0.1381,0.15180001,0.13339999,0.1635,0.029300001,0.0012,0.1737,0.13609999,El Gazira_41,POINT (32.71809917615275 14.339313717276598),0.1428,0.1211,0.1122,0.1182,0.1184,0.1339,0.149,0.1406,0.1594,0.0267,0.001,0.1619,0.1265,0.431,0.44229999,0.44159999,0.4779,0.4628,0.4734,0.4817,0.48800001,0.48120001,0.19230001,0.0054,0.4655,0.37380001,0.1726,0.1496,0.1575,0.1224,0.15279999,0.33770001,0.44549999,0.41069999,0.47420001,0.070100002,0.016100001,0.22050001,0.1106,0.1309,0.1059,0.1018,0.0893,0.1061,0.15279999,0.185,0.1696,0.2041,0.0239,0.0009,0.1567,0.086499996
12495,0.14569999,0.1331,0.13349999,0.1532,0.1507,0.1618,0.1806,0.1688,0.197,0.029,0.0012,0.20209999,0.1646,El Gazira_41,POINT (32.69670732033701 14.364029219612577),0.14390001,0.1207,0.1132,0.1228,0.1192,0.129,0.13940001,0.1288,0.1473,0.0251,0.0008,0.147,0.1174,0.45,0.40349999,0.3973,0.42680001,0.4391,0.46759999,0.49779999,0.44150001,0.5226,0.196,0.0038,0.45590001,0.39629999,0.1611,0.141,0.13259999,0.1286,0.1348,0.1825,0.20919999,0.1909,0.2177,0.0402,0.0086,0.1595,0.1127,0.13770001,0.1119,0.1081,0.097499996,0.1134,0.1982,0.23989999,0.2149,0.25729999,0.030200001,0.0007,0.1822,0.1111
147987,0.1529,0.14839999,0.151,0.1814,0.1727,0.19230001,0.21950001,0.211,0.24070001,0.0356,0.0011,0.243,0.1892,El Gazira_41,POINT (32.72550761106729 14.314598214940617),0.1415,0.1252,0.1173,0.1267,0.1332,0.15350001,0.17380001,0.1512,0.1839,0.0279,0.001,0.1788,0.12989999,0.27849999,0.32069999,0.30590001,0.30950001,0.29570001,0.31510001,0.32229999,0.353,0.32,0.099299997,0.0048,0.3391,0.23649999,0.1762,0.14740001,0.1488,0.1276,0.1521,0.2728,0.34150001,0.33360001,0.36430001,0.0682,0.019200001,0.19400001,0.117,0.1574,0.1367,0.1269,0.1067,0.1188,0.16429999,0.199,0.1908,0.21430001,0.054900002,0.0123,0.1567,0.12
80094,0.1575,0.15710001,0.1674,0.2035,0.1996,0.21600001,0.24429999,0.2342,0.26440001,0.0378,0.0011,0.26539999,0.2043,El Gazira_41,POINT (32.732453018799674 14.337231458838035),0.1435,0.1258,0.1161,0.1294,0.12989999,0.14040001,0.1542,0.1454,0.1655,0.025900001,0.0009,0.1591,0.122,0.29910001,0.30779999,0.27450001,0.2474,0.25189999,0.28749999,0.31920001,0.3256,0.33939999,0.1227,0.006,0.29949999,0.267,0.1621,0.1366,0.14030001,0.1074,0.14139999,0.31439999,0.39829999,0.36829999,0.43329999,0.057,0.0101,0.2061,0.1045,0.1406,0.1146,0.1072,0.102,0.108,0.1543,0.1816,0.1714,0.1972,0.0413,0.011,0.13860001,0.085699998
20810,0.1629,0.15090001,0.15189999,0.1767,0.1744,0.1881,0.21269999,0.1989,0.2333,0.0369,0.0012,0.2465,0.1999,El Gazira_41,POINT (32.70448617699728 14.360951098442529),0.1638,0.14309999,0.13940001,0.1576,0.1561,0.1708,0.1891,0.17659999,0.2044,0.0341,0.001,0.22220001,0.1758,0.32319999,0.41690001,0.40779999,0.43380001,0.39559999,0.38679999,0.359,0.43509999,0.33340001,0.1187,0.0038,0.3475,0.23289999,0.1706,0.1506,0.1495,0.1415,0.1582,0.227,0.2631,0.2455,0.2832,0.042100001,0.0074,0.2142,0.14229999,0.14830001,0.1294,0.1208,0.1296,0.1239,0.14120001,0.16150001,0.1486,0.17659999,0.021400001,0.0008,0.1787,0.1392
111756,0.15019999,0.1397,0.1455,0.1653,0.1688,0.18889999,0.2131,0.2005,0.2314,0.034400001,0.0011,0.20029999,0.1358,El Gazira_41,POINT (32.72560021650372 14.326820166645222),0.1442,0.1295,0.1258,0.14219999,0.1313,0.14910001,0.16419999,0.16670001,0.1733,0.0268,0.001,0.1772,0.1367,0.31,0.27919999,0.25470001,0.2493,0.25760001,0.28960001,0.31819999,0.2987,0.32460001,0.125,0.0055,0.29719999,0.245,0.1691,0.1471,0.1441,0.1294,0.15109999,0.2552,0.30860001,0.26210001,0.32609999,0.0535,0.0132,0.18790001,0.11,0.1382,0.104,0.1034,0.0995,0.1081,0.1446,0.1682,0.1348,0.1822,0.0314,0.0042,0.13429999,0.082900003
36175,0.15360001,0.1329,0.1295,0.14749999,0.151,0.1636,0.18889999,0.163,0.2027,0.034600001,0.0011,0.2203,0.1759,El Gazira_41,POINT (32.70661610203521 14.354704323126843),0.1498,0.1246,0.1179,0.12809999,0.1296,0.149,0.1657,0.1454,0.1781,0.030300001,0.0009,0.1855,0.141,0.63450003,0.59979999,0.58819997,0.63260001,0.6397,0.67549998,0.70929998,0.63880002,0.73290002,0.31459999,0.0053,0.56809998,0.43990001,0.1621,0.1381,0.142,0.1079,0.1419,0.3046,0.39309999,0.39770001,0.41580001,0.046700001,0.0071,0.2218,0.1166,0.1454,0.1209,0.13410001,0.1177,0.15880001,0.2395,0.2904,0.29570001,0.3328,0.0306,0.001,0.2586,0.14489999
15413,0.1574,0.1533,0.1556,0.18269999,0.17640001,0.18700001,0.2114,0.19750001,0.22849999,0.0307,0.0012,0.229,0.178,El Gazira_41,POINT (32.714117142386186 14.363033356881092),0.1525,0.1338,0.1283,0.1346,0.1344,0.15279999,0.1707,0.1635,0.181,0.0273,0.001,0.178,0.1356,0.57489997,0.60390002,0.57630002,0.59039998,0.5862,0.60089999,0.61440003,0.6225,0.61619997,0.26019999,0.0069,0.51209998,0.38519999,0.1622,0.152,0.14910001,0.1479,0.15800001,0.24,0.2841,0.2463,0.308,0.0466,0.0068,0.2022,0.1276,0.1417,0.1229,0.1188,0.1149,0.138,0.198,0.23909999,0.21070001,0.26100001,0.0332,0.0008,0.1983,0.1101
139644,0.1534,0.14120001,0.1452,0.1701,0.1664,0.1825,0.2045,0.1904,0.2246,0.0337,0.0011,0.2437,0.1988,El Gazira_41,POINT (32.71439495869548 14.317766869086256),0.1479,0.1276,0.1226,0.1401,0.1374,0.15279999,0.164,0.154,0.17900001,0.0306,0.0009,0.2032,0.164,0.35409999,0.22130001,0.2744,0.2714,0.27509999,0.30559999,0.345,0.315,0.37869999,0.1595,0.0042,0.3263,0.3161,0.17730001,0.1543,0.14300001,0.1372,0.14120001,0.17749999,0.2013,0.1886,0.2085,0.051800001,0.022700001,0.16500001,0.1252,0.13779999,0.1114,0.1037,0.1022,0.102,0.1147,0.12630001,0.1142,0.13070001,0.023800001,0.0077,0.1236,0.0845
138318,0.1512,0.1383,0.13770001,0.15809999,0.15700001,0.16850001,0.1918,0.1794,0.2111,0.032699998,0.0011,0.235,0.19220001,El Gazira_41,POINT (32.72930443396099 14.318219533964204),0.146,0.1213,0.1114,0.1199,0.1168,0.1274,0.14219999,0.1321,0.1516,0.0284,0.001,0.1683,0.1363,0.3109,0.359,0.34900001,0.35080001,0.3416,0.3427,0.338,0.40110001,0.32460001,0.1246,0.0038,0.36849999,0.2483,0.17030001,0.1453,0.1487,0.1121,0.14749999,0.31940001,0.4152,0.3714,0.43920001,0.0561,0.0152,0.20829999,0.1035,0.1531,0.13079999,0.1157,0.1,0.1133,0.16590001,0.20020001,0.18970001,0.2198,0.0497,0.0119,0.1495,0.1
8134,0.144,0.127,0.12630001,0.1443,0.1397,0.1525,0.1717,0.1666,0.186,0.030300001,0.001,0.18359999,0.1425,El Gazira_41,POINT (32.69661471490058 14.365658813173193),0.14470001,0.1249,0.1187,0.13510001,0.12710001,0.1415,0.1547,0.15459999,0.16779999,0.0272,0.0011,0.17120001,0.1321,0.51840001,0.50760001,0.4948,0.52710003,0.533,0.55229998,0.583,0.53979999,0.59810001,0.22849999,0.0049,0.52530003,0.43579999,0.1627,0.1426,0.14229999,0.12720001,0.1429,0.2604,0.31909999,0.2678,0.33840001,0.0475,0.008,0.1876,0.1036,0.14049999,0.1265,0.1283,0.1226,0.14040001,0.2352,0.2841,0.25319999,0.31470001,0.0332,0.0008,0.227,0.1287
99131,0.1557,0.1473,0.1551,0.19320001,0.1934,0.2129,0.2423,0.22840001,0.26980001,0.038800001,0.0012,0.273,0.2075,El Gazira_41,POINT (32.72708190348663 14.331346815424705),0.1522,0.1381,0.1372,0.16509999,0.1654,0.1837,0.2033,0.1918,0.2244,0.0341,0.001,0.2422,0.18520001,0.29980001,0.27860001,0.2493,0.26969999,0.27090001,0.30230001,0.3233,0.29640001,0.33759999,0.1169,0.0056,0.3075,0.2604,0.1736,0.1529,0.1495,0.1521,0.1627,0.218,0.25560001,0.2368,0.27959999,0.048,0.0121,0.21780001,0.1564,0.12970001,0.095299996,0.079499997,0.0818,0.076700002,0.089199997,0.1015,0.080799997,0.1086,0.017100001,0.002,0.0893,0.067400001
59526,0.1593,0.14669999,0.148,0.1786,0.1798,0.19410001,0.2172,0.2042,0.2378,0.0369,0.0011,0.26350001,0.2123,El Gazira_41,POINT (32.71467277500477 14.342482371422236),0.1595,0.1446,0.1442,0.17380001,0.1696,0.1839,0.2069,0.1999,0.2287,0.035300002,0.0012,0.25170001,0.2,0.47229999,0.3962,0.4131,0.4686,0.4853,0.50660002,0.52499998,0.4409,0.53649998,0.2243,0.0056,0.49790001,0.4294,0.1856,0.1647,0.1609,0.17219999,0.1812,0.2238,0.26069999,0.23649999,0.27520001,0.052700002,0.0136,0.2431,0.1884,0.147,0.1248,0.1167,0.1267,0.13160001,0.146,0.16760001,0.15019999,0.1785,0.022,0.0009,0.1786,0.13160001
34064,0.1542,0.14669999,0.1505,0.1806,0.1822,0.2025,0.2304,0.22130001,0.258,0.0369,0.0011,0.28639999,0.2142,El Gazira_41,POINT (32.70569004767089 14.355700185858328),0.1577,0.1451,0.1415,0.1675,0.1708,0.1899,0.213,0.20280001,0.2401,0.035,0.0011,0.26859999,0.1999,0.6516,0.56900001,0.5686,0.64319998,0.66060001,0.69150001,0.72130001,0.61009997,0.73119998,0.3163,0.0047,0.57590002,0.4285,0.1627,0.1419,0.1424,0.12710001,0.14749999,0.2278,0.27079999,0.25909999,0.30360001,0.043200001,0.0072,0.22830001,0.14300001,0.1432,0.1269,0.1189,0.1284,0.1227,0.1436,0.16680001,0.16509999,0.1893,0.0223,0.001,0.1978,0.1443
112695,0.15790001,0.1497,0.1542,0.1884,0.18359999,0.1991,0.22310001,0.2098,0.2445,0.0365,0.0011,0.2545,0.2025,El Gazira_41,POINT (32.71532101305979 14.326458034742863),0.1452,0.12630001,0.1203,0.1362,0.142,0.15790001,0.1663,0.1565,0.1825,0.028200001,0.001,0.1918,0.1538,0.38659999,0.3242,0.32280001,0.3633,0.36770001,0.3998,0.42500001,0.35609999,0.43900001,0.1758,0.005,0.40040001,0.35089999,0.1802,0.1514,0.145,0.1446,0.1567,0.2034,0.2388,0.2007,0.25220001,0.0534,0.0189,0.19220001,0.1436,0.1452,0.1198,0.1101,0.1106,0.1138,0.13349999,0.1521,0.1329,0.1566,0.0295,0.0069,0.1432,0.1021
77433,0.15790001,0.1463,0.15189999,0.1779,0.1767,0.1926,0.2182,0.20460001,0.2374,0.0354,0.0011,0.2586,0.2085,El Gazira_41,POINT (32.718191781589184 14.337865189667163),0.14579999,0.1303,0.1233,0.134,0.13339999,0.1525,0.1662,0.15700001,0.18009999,0.028100001,0.001,0.19069999,0.1507,0.41940001,0.371,0.4064,0.37869999,0.38170001,0.4149,0.4377,0.43,0.46160001,0.19059999,0.0056,0.40669999,0.36219999,0.1709,0.1507,0.1485,0.1276,0.155,0.25960001,0.31169999,0.28169999,0.33250001,0.060199998,0.0152,0.2024,0.1186,0.13349999,0.1081,0.096900001,0.081699997,0.099699996,0.15530001,0.1838,0.1716,0.2078,0.0276,0.0012,0.1389,0.077100001
63439,0.15979999,0.14569999,0.1498,0.1763,0.1745,0.1899,0.2122,0.2043,0.2384,0.038400002,0.0011,0.25479999,0.2014,El Gazira_41,POINT (32.72560021650372 14.34148650869075),0.155,0.13410001,0.13,0.1478,0.1478,0.16429999,0.1803,0.1717,0.1989,0.0336,0.0011,0.21969999,0.1742,0.39,0.39770001,0.38429999,0.39719999,0.41029999,0.43509999,0.46070001,0.43149999,0.4835,0.17309999,0.006,0.4391,0.3872,0.17209999,0.1454,0.14139999,0.1384,0.1441,0.1918,0.2235,0.2077,0.2377,0.0451,0.0104,0.1769,0.1248,0.13070001,0.098899998,0.087300003,0.076899998,0.0796,0.12549999,0.1539,0.1276,0.16410001,0.0164,0.001,0.1069,0.0638
34142,0.16509999,0.1566,0.16240001,0.1913,0.1883,0.2026,0.2274,0.21089999,0.2494,0.036800001,0.0012,0.26949999,0.2138,El Gazira_41,POINT (32.719488257699226 14.355700185858328),0.1559,0.13789999,0.1327,0.14579999,0.151,0.1681,0.18350001,0.16670001,0.19859999,0.0306,0.0011,0.2061,0.1601,0.5147,0.51319999,0.48280001,0.50209999,0.5043,0.5381,0.56980002,0.54180002,0.5905,0.2217,0.0076,0.50059998,0.42219999,0.1723,0.1496,0.1479,0.14040001,0.1611,0.2164,0.25060001,0.23360001,0.2712,0.040800001,0.0072,0.21269999,0.14740001,0.1344,0.1099,0.096199997,0.0933,0.093199998,0.1039,0.1167,0.1013,0.123,0.0138,0.0007,0.1081,0.079499997
43509,0.15979999,0.1542,0.1568,0.18619999,0.1891,0.2121,0.23729999,0.2216,0.26519999,0.0387,0.0013,0.27059999,0.2076,El Gazira_41,POINT (32.72661887630447 14.349543943518231),0.1464,0.12639999,0.119,0.12970001,0.1362,0.15539999,0.17990001,0.156,0.1885,0.0287,0.0008,0.19059999,0.1444,0.47,0.4307,0.4041,0.415,0.4323,0.4601,0.48930001,0.4589,0.49939999,0.2212,0.0051,0.44549999,0.38519999,0.1635,0.1462,0.1487,0.13590001,0.1522,0.2633,0.32820001,0.2809,0.35069999,0.0523,0.0086,0.21709999,0.12720001,0.1274,0.108,0.1017,0.092,0.099299997,0.15360001,0.1803,0.1653,0.2,0.0218,0.0009,0.1353,0.073700003
37627,0.153,0.1425,0.1433,0.1679,0.17110001,0.18970001,0.2131,0.195,0.23540001,0.0348,0.0013,0.2516,0.1956,El Gazira_41,POINT (32.7226368425379 14.353980059322124),0.1542,0.1391,0.1339,0.1525,0.1529,0.1705,0.19140001,0.1736,0.208,0.0317,0.0012,0.2279,0.1771,0.48750001,0.3511,0.4612,0.48609999,0.4876,0.50959998,0.53119999,0.50760001,0.54269999,0.2277,0.0058,0.48980001,0.40329999,0.1631,0.142,0.1331,0.1313,0.13420001,0.174,0.1996,0.185,0.21170001,0.036600001,0.0075,0.1759,0.13060001,0.1311,0.1074,0.094700001,0.087300003,0.088699996,0.115,0.13079999,0.1274,0.1464,0.02,0.0007,0.1107,0.0744
53924,0.1591,0.1521,0.1593,0.19419999,0.19419999,0.2148,0.2383,0.2298,0.26460001,0.04,0.0011,0.28400001,0.2207,El Gazira_41,POINT (32.725137189321565 14.34402143200726),0.153,0.1427,0.1384,0.1611,0.15009999,0.16429999,0.18350001,0.1875,0.20550001,0.0336,0.0012,0.226,0.17730001,0.44209999,0.4267,0.4192,0.45460001,0.4567,0.47909999,0.49689999,0.4677,0.50980002,0.20640001,0.0061,0.47150001,0.40279999,0.17110001,0.1532,0.1506,0.15449999,0.1564,0.2071,0.2358,0.2339,0.25479999,0.044799998,0.0102,0.2184,0.1602,0.1329,0.1048,0.0942,0.0942,0.086800002,0.095399998,0.114,0.1032,0.1154,0.0158,0.0008,0.1108,0.0823
111153,0.1577,0.1453,0.1517,0.18260001,0.1805,0.1948,0.21789999,0.20479999,0.23710001,0.0376,0.0011,0.2485,0.19859999,El Gazira_41,POINT (32.718191781589184 14.327001232596402),0.1514,0.1313,0.1288,0.1487,0.1426,0.1609,0.1772,0.1637,0.1869,0.033,0.0012,0.2027,0.1601,0.37670001,0.34459999,0.33360001,0.3585,0.3626,0.39129999,0.41819999,0.37650001,0.43169999,0.16850001,0.0052,0.39660001,0.3443,0.17820001,0.15,0.1408,0.1376,0.1435,0.184,0.2111,0.1901,0.2243,0.051800001,0.0174,0.17030001,0.13,0.138,0.109,0.094800003,0.0898,0.091600001,0.108,0.1198,0.1115,0.1256,0.0276,0.0053,0.1144,0.0836
54548,0.1514,0.137,0.1401,0.15970001,0.1586,0.1779,0.20020001,0.19859999,0.2208,0.037300002,0.0011,0.2207,0.1587,El Gazira_41,POINT (32.72754493066879 14.343840366056082),0.15,0.13420001,0.13259999,0.145,0.1473,0.17749999,0.1972,0.1846,0.2157,0.033300001,0.001,0.21870001,0.16150001,0.37619999,0.34819999,0.32190001,0.32969999,0.32460001,0.3558,0.382,0.37059999,0.40419999,0.1699,0.0058,0.36500001,0.32049999,0.1679,0.14129999,0.1328,0.1303,0.1318,0.1707,0.1948,0.17839999,0.2044,0.0422,0.0101,0.16769999,0.1252,0.1251,0.099799998,0.0854,0.082099997,0.078500003,0.0884,0.0999,0.0889,0.1028,0.0131,0.0009,0.089199997,0.0664
116485,0.1441,0.1397,0.1432,0.1582,0.1662,0.1988,0.2233,0.2155,0.2423,0.0283,0.0011,0.2335,0.1691,El Gazira_41,POINT (32.721525577300724 14.325190573084608),0.14740001,0.1336,0.13079999,0.13950001,0.1452,0.18,0.20190001,0.1983,0.23029999,0.0319,0.0009,0.223,0.1608,0.39770001,0.38339999,0.3732,0.39489999,0.39809999,0.42309999,0.44260001,0.4188,0.447,0.185,0.0052,0.44479999,0.37619999,0.17749999,0.1564,0.1516,0.1407,0.15700001,0.2316,0.2692,0.25549999,0.29769999,0.055300001,0.018100001,0.2059,0.13420001,0.1366,0.1102,0.1025,0.083899997,0.093900003,0.1602,0.1961,0.1759,0.2111,0.030400001,0.0049,0.14030001,0.0853
30874,0.15880001,0.1469,0.1459,0.1666,0.1649,0.17919999,0.2035,0.18619999,0.221,0.0354,0.0013,0.23,0.1874,El Gazira_41,POINT (32.7054122313616 14.357058180492173),0.1592,0.13680001,0.1321,0.14820001,0.14650001,0.161,0.1772,0.16140001,0.1927,0.0328,0.0011,0.2016,0.15889999,0.56370002,0.60930002,0.5765,0.58749998,0.5733,0.5826,0.58450001,0.61360002,0.57889998,0.2411,0.0045,0.43430001,0.2868,0.1657,0.1478,0.1488,0.1424,0.1574,0.2286,0.27180001,0.2489,0.28870001,0.043,0.0069,0.2066,0.1354,0.1478,0.124,0.1135,0.1189,0.117,0.1355,0.1552,0.1401,0.1689,0.022700001,0.0008,0.15790001,0.1222
127726,0.15620001,0.14929999,0.1565,0.1876,0.183,0.1992,0.22400001,0.2105,0.24680001,0.0348,0.0012,0.26230001,0.2123,El Gazira_41,POINT (32.71495059131407 14.321478721085432),0.1442,0.1354,0.1319,0.15180001,0.1434,0.159,0.1718,0.1701,0.1939,0.0278,0.001,0.2105,0.1717,0.36289999,0.40279999,0.37619999,0.3802,0.36770001,0.38319999,0.4014,0.4323,0.41190001,0.1578,0.0041,0.40529999,0.3294,0.1798,0.15989999,0.15530001,0.15260001,0.1574,0.2061,0.2376,0.2281,0.25400001,0.054699998,0.0209,0.1992,0.15019999,0.14300001,0.1138,0.103,0.1075,0.1037,0.1175,0.1338,0.1219,0.1476,0.030400001,0.006,0.1313,0.1036
78937,0.1464,0.124,0.1193,0.1375,0.1628,0.1742,0.1954,0.1521,0.2129,0.031,0.0011,0.2166,0.16689999,El Gazira_41,POINT (32.72504458388513 14.337503057764804),0.14,0.1208,0.1106,0.1193,0.1183,0.1305,0.142,0.1318,0.1524,0.0254,0.0009,0.15620001,0.1247,0.3955,0.389,0.37130001,0.38940001,0.38909999,0.408,0.42860001,0.40790001,0.43720001,0.1717,0.0055,0.39269999,0.3337,0.16429999,0.1407,0.146,0.111,0.14489999,0.29429999,0.36489999,0.36919999,0.3919,0.0581,0.012,0.1961,0.1044,0.1292,0.1087,0.097499996,0.081500001,0.092699997,0.1411,0.1698,0.1587,0.18790001,0.022600001,0.0017,0.1188,0.0669
43419,0.152,0.12710001,0.1252,0.1437,0.1432,0.14920001,0.14669999,0.1464,0.1724,0.031500001,0.0011,0.13429999,0.122,El Gazira_41,POINT (32.71828438702561 14.349543943518231),0.15009999,0.1287,0.1244,0.1337,0.12989999,0.1248,0.14309999,0.1286,0.1376,0.0299,0.0008,0.14030001,0.1049,0.50779998,0.5205,0.4905,0.5079,0.50840002,0.52990001,0.5535,0.55720001,0.56950003,0.2377,0.0051,0.50660002,0.41859999,0.17020001,0.14920001,0.14650001,0.14380001,0.1459,0.1838,0.2139,0.184,0.22390001,0.044,0.0095,0.1594,0.111,0.14380001,0.1153,0.1057,0.1049,0.1033,0.1131,0.13519999,0.1036,0.1363,0.0223,0.0008,0.1078,0.0735
2969,0.1585,0.14740001,0.15180001,0.1778,0.1734,0.1893,0.2138,0.20039999,0.2335,0.0374,0.0011,0.2423,0.1913,El Gazira_41,POINT (32.70874602707314 14.367831604587344),0.1584,0.1301,0.1252,0.13420001,0.1384,0.1654,0.18009999,0.15979999,0.19679999,0.035100002,0.001,0.1925,0.146,0.55250001,0.5575,0.54110003,0.5697,0.56209999,0.57969999,0.59640002,0.58289999,0.60839999,0.25310001,0.0065,0.51849997,0.40349999,0.1627,0.14489999,0.1442,0.1365,0.152,0.24089999,0.2861,0.2595,0.3118,0.0407,0.0061,0.2088,0.1278,0.1452,0.1155,0.1138,0.1018,0.1233,0.2388,0.296,0.2651,0.3175,0.029200001,0.0008,0.1996,0.104
114522,0.1608,0.15889999,0.1705,0.2068,0.2093,0.2228,0.2499,0.23190001,0.27489999,0.0383,0.0011,0.2701,0.207,El Gazira_41,POINT (32.71291327171257 14.325824303913736),0.15360001,0.1433,0.1444,0.1701,0.1699,0.1875,0.2066,0.19239999,0.22319999,0.0332,0.001,0.22840001,0.1743,0.3242,0.2897,0.2748,0.2933,0.2965,0.32820001,0.35179999,0.31490001,0.36269999,0.1988,0.0041,0.33579999,0.29300001,0.1813,0.16,0.15539999,0.1539,0.1629,0.2166,0.251,0.22669999,0.26820001,0.0545,0.0188,0.1997,0.1446,0.13259999,0.1195,0.1081,0.1049,0.1014,0.117,0.1303,0.1278,0.14129999,0.0211,0.0042,0.1176,0.0867
88736,0.1499,0.13600001,0.13850001,0.1618,0.15790001,0.1706,0.1917,0.178,0.2042,0.0314,0.0011,0.2181,0.17820001,El Gazira_41,POINT (32.72754493066879 14.335058667423883),0.1408,0.1183,0.1084,0.1167,0.1171,0.1284,0.14040001,0.1314,0.1524,0.0254,0.0009,0.15360001,0.1215,0.3231,0.33239999,0.3035,0.29190001,0.28850001,0.3109,0.3272,0.35210001,0.34020001,0.1327,0.007,0.31850001,0.26140001,0.16429999,0.1406,0.14650001,0.1105,0.1428,0.3256,0.42590001,0.3973,0.457,0.056,0.0114,0.2061,0.1018,0.129,0.1005,0.0933,0.081299998,0.095299996,0.1434,0.1661,0.1514,0.17820001,0.0272,0.004,0.1196,0.060400002
15176,0.1682,0.1608,0.17020001,0.2035,0.2024,0.21690001,0.2445,0.2274,0.2665,0.0372,0.0012,0.26989999,0.2101,El Gazira_41,POINT (32.7150431967505 14.36312388985668),0.1516,0.13160001,0.1224,0.13339999,0.13079999,0.14139999,0.1575,0.14139999,0.1661,0.0267,0.0009,0.16249999,0.1267,0.51609999,0.58960003,0.56220001,0.57139999,0.5564,0.56559998,0.58060002,0.61070001,0.58819997,0.2274,0.0067,0.48550001,0.37639999,0.1602,0.1416,0.14390001,0.1162,0.14659999,0.27669999,0.34060001,0.31729999,0.36039999,0.046700001,0.0068,0.18970001,0.095299996,0.13850001,0.1166,0.1189,0.1005,0.1329,0.2282,0.27860001,0.26100001,0.30509999,0.033500001,0.0007,0.215,0.1107
23042,0.1559,0.1495,0.155,0.181,0.1779,0.20919999,0.2411,0.23109999,0.267,0.0354,0.0013,0.2714,0.2044,El Gazira_41,POINT (32.713283693458294 14.360136301662223),0.1533,0.13860001,0.13349999,0.1522,0.14659999,0.1646,0.1813,0.1831,0.20110001,0.031599998,0.001,0.2174,0.1664,0.72060001,0.68180001,0.67159998,0.73580003,0.7471,0.75929999,0.78109998,0.70609999,0.79430002,0.34889999,0.0078,0.58499998,0.43630001,0.164,0.15,0.1445,0.1426,0.1531,0.228,0.26269999,0.25839999,0.28929999,0.041200001,0.007,0.2043,0.1337,0.1455,0.1366,0.1363,0.1446,0.14650001,0.211,0.24950001,0.2447,0.27160001,0.0286,0.001,0.2111,0.1372
7237,0.1547,0.148,0.1592,0.196,0.1981,0.2219,0.2463,0.2376,0.2744,0.0369,0.001,0.26,0.17649999,El Gazira_41,POINT (32.701522803031466 14.366020945075551),0.1478,0.13060001,0.1236,0.1381,0.134,0.1479,0.16060001,0.1577,0.1745,0.0277,0.001,0.163,0.1208,0.4235,0.30880001,0.27059999,0.27649999,0.336,0.3748,0.41060001,0.308,0.44260001,0.1882,0.004,0.35969999,0.33590001,0.15880001,0.1371,0.138,0.1105,0.1381,0.2658,0.3265,0.2976,0.34760001,0.0488,0.0073,0.17649999,0.090400003,0.1367,0.1118,0.1152,0.092100002,0.1283,0.24250001,0.29,0.27649999,0.3251,0.0358,0.0008,0.20209999,0.1001
148171,0.14830001,0.1348,0.139,0.1556,0.16060001,0.1857,0.2067,0.2067,0.2228,0.031,0.0011,0.2217,0.1732,El Gazira_41,POINT (32.731804780744646 14.314507681965027),0.1451,0.12809999,0.1265,0.1347,0.1332,0.15620001,0.1719,0.1728,0.1859,0.0286,0.001,0.1814,0.13950001,0.3581,0.308,0.31470001,0.343,0.34240001,0.37259999,0.3969,0.35640001,0.41280001,0.161,0.0046,0.39829999,0.3272,0.17470001,0.153,0.1489,0.13590001,0.1516,0.2739,0.33669999,0.27829999,0.37560001,0.061,0.015900001,0.2058,0.12549999,0.1671,0.1366,0.1314,0.1292,0.1338,0.177,0.2035,0.1821,0.21520001,0.0596,0.0168,0.1725,0.12630001
114346,0.13959999,0.1174,0.1201,0.1257,0.1313,0.1365,0.1569,0.1416,0.1542,0.021600001,0.0011,0.0814,0.0523,El Gazira_41,POINT (32.72124776099143 14.325914836889325),0.14669999,0.1287,0.1237,0.1348,0.13500001,0.155,0.1708,0.1635,0.1891,0.0296,0.0008,0.1851,0.14030001,0.38800001,0.32480001,0.3409,0.3594,0.36230001,0.39379999,0.41960001,0.3739,0.44490001,0.1813,0.0051,0.4041,0.37020001,0.1772,0.1542,0.1477,0.14129999,0.15019999,0.20389999,0.23649999,0.2183,0.25029999,0.0541,0.018200001,0.17290001,0.1149,0.1328,0.1031,0.1014,0.090899996,0.094800003,0.1557,0.18709999,0.1611,0.19580001,0.0277,0.006,0.1311,0.070900001
71387,0.1481,0.1234,0.1194,0.1344,0.1356,0.14219999,0.1595,0.14560001,0.1708,0.031,0.0011,0.1795,0.14129999,El Gazira_41,POINT (32.717173121788434 14.339404250252187),0.1429,0.123,0.1158,0.12819999,0.1257,0.13609999,0.1488,0.13869999,0.1594,0.0264,0.001,0.1613,0.1285,0.41510001,0.44890001,0.42390001,0.4567,0.4553,0.4777,0.4693,0.47679999,0.4727,0.18269999,0.0053,0.47260001,0.4073,0.1735,0.148,0.149,0.1155,0.1472,0.31830001,0.40279999,0.3714,0.43040001,0.067900002,0.0156,0.20730001,0.1047,0.13070001,0.1038,0.0994,0.078400001,0.1057,0.17569999,0.20909999,0.1798,0.2326,0.0253,0.0011,0.1531,0.075400002
67564,0.1566,0.1468,0.15090001,0.1688,0.1771,0.2013,0.22750001,0.21439999,0.24969999,0.037300002,0.0011,0.2413,0.1725,El Gazira_41,POINT (32.72078473380927 14.340400112983673),0.148,0.1277,0.1201,0.1278,0.127,0.1424,0.1574,0.1494,0.171,0.0279,0.001,0.1815,0.14309999,0.43900001,0.40450001,0.3876,0.4219,0.43090001,0.46160001,0.4867,0.43470001,0.5043,0.2066,0.0056,0.4603,0.4,0.1692,0.14300001,0.1522,0.1163,0.153,0.31990001,0.40180001,0.33930001,0.43200001,0.0605,0.0124,0.2078,0.1036,0.1331,0.1073,0.1036,0.090099998,0.1156,0.1657,0.19490001,0.18780001,0.22059999,0.024900001,0.0009,0.1714,0.09
122477,0.15449999,0.1389,0.1399,0.1681,0.1753,0.1926,0.21969999,0.2112,0.2474,0.0361,0.0011,0.25369999,0.1912,El Gazira_41,POINT (32.72134036642786 14.323198847621635),0.1514,0.1362,0.1313,0.1543,0.1533,0.17389999,0.19140001,0.18449999,0.2154,0.032600001,0.001,0.2326,0.1754,0.39120001,0.38780001,0.33860001,0.34619999,0.36230001,0.4039,0.43900001,0.4154,0.4605,0.18189999,0.0052,0.44010001,0.38029999,0.1777,0.1573,0.15009999,0.1469,0.1487,0.1919,0.22849999,0.2176,0.2396,0.050500002,0.0175,0.1882,0.1398,0.1503,0.1152,0.1054,0.1052,0.1104,0.1336,0.1514,0.1223,0.15970001,0.038199998,0.0071,0.1432,0.1045
127895,0.1454,0.1312,0.1283,0.1418,0.13940001,0.1523,0.1693,0.1591,0.18189999,0.029,0.0011,0.1957,0.1568,El Gazira_41,POINT (32.73060091007104 14.321478721085432),0.1469,0.12729999,0.1228,0.1295,0.1347,0.156,0.1701,0.15790001,0.18529999,0.028200001,0.0009,0.1892,0.14820001,0.32190001,0.25040001,0.2323,0.2622,0.2823,0.31009999,0.33629999,0.27379999,0.3493,0.1363,0.0045,0.32859999,0.27559999,0.16680001,0.1425,0.1454,0.1094,0.14480001,0.32679999,0.41960001,0.3777,0.44780001,0.065700002,0.0141,0.20829999,0.1016,0.15109999,0.1002,0.098800004,0.088699996,0.1078,0.1539,0.1804,0.15279999,0.2025,0.051600002,0.0075,0.14659999,0.1071
68724,0.15790001,0.1505,0.159,0.1925,0.18889999,0.20630001,0.23559999,0.22390001,0.25709999,0.038800001,0.0013,0.2834,0.225,El Gazira_41,POINT (32.73097133181676 14.340128514056904),0.14579999,0.1284,0.1249,0.13959999,0.14480001,0.16769999,0.1858,0.1734,0.2018,0.0294,0.0009,0.22579999,0.1754,0.36520001,0.35330001,0.3344,0.3599,0.36320001,0.38339999,0.4016,0.3813,0.412,0.1584,0.0054,0.3908,0.33559999,0.1613,0.1344,0.1329,0.1093,0.13609999,0.303,0.38460001,0.348,0.4059,0.054,0.0097,0.1948,0.1076,0.1303,0.106,0.090099998,0.0774,0.0849,0.1258,0.14579999,0.1391,0.159,0.029100001,0.0059,0.1189,0.074900001
69118,0.15719999,0.1445,0.1468,0.17200001,0.16949999,0.1839,0.2045,0.1911,0.2216,0.035,0.0012,0.23639999,0.19419999,El Gazira_41,POINT (32.69781858557419 14.339947448105725),0.1514,0.13060001,0.12809999,0.14380001,0.1402,0.1522,0.16859999,0.1556,0.18340001,0.0305,0.0011,0.18970001,0.151,0.44980001,0.42539999,0.41530001,0.44580001,0.4488,0.4711,0.49470001,0.4508,0.51010001,0.19580001,0.0036,0.47889999,0.3989,0.1715,0.15109999,0.1389,0.1348,0.1356,0.1707,0.19220001,0.18279999,0.2031,0.045600001,0.0166,0.1619,0.1218,0.1373,0.1095,0.094700001,0.092200004,0.091300003,0.1014,0.1156,0.1021,0.1243,0.017100001,0.0007,0.1124,0.088600002
2708,0.1489,0.1225,0.1215,0.13249999,0.14300001,0.1477,0.1708,0.1455,0.17730001,0.030400001,0.0013,0.111,0.0739,El Gazira_41,POINT (32.70096717041287 14.367922137562934),0.1469,0.1237,0.112,0.1167,0.1191,0.1283,0.1406,0.1286,0.153,0.0266,0.0009,0.1391,0.092600003,0.47479999,0.4781,0.44710001,0.46079999,0.45390001,0.465,0.48570001,0.49860001,0.50139999,0.2088,0.0043,0.46180001,0.38060001,0.1608,0.14219999,0.1434,0.13349999,0.1517,0.235,0.27430001,0.2454,0.29480001,0.046,0.0068,0.1899,0.109,0.1384,0.1155,0.1176,0.099600002,0.1302,0.20370001,0.2466,0.2396,0.2929,0.034,0.0008,0.2412,0.13510001
92897,0.14820001,0.1433,0.1477,0.1745,0.1699,0.1908,0.2184,0.2305,0.233,0.0332,0.0011,0.2211,0.1662,El Gazira_41,POINT (32.72522979475799 14.333700672790037),0.14489999,0.1295,0.12809999,0.1329,0.1434,0.17219999,0.191,0.2018,0.1943,0.0307,0.001,0.1814,0.1366,0.32890001,0.3294,0.30739999,0.31310001,0.31940001,0.34279999,0.35780001,0.3536,0.3696,0.13789999,0.0055,0.34889999,0.29089999,0.1698,0.1453,0.1434,0.1259,0.15440001,0.2291,0.26719999,0.26120001,0.28889999,0.048500001,0.0119,0.1869,0.1207,0.1336,0.1004,0.088799998,0.084799998,0.0942,0.1239,0.144,0.13410001,0.1534,0.023800001,0.0037,0.1127,0.075099997
73607,0.15180001,0.13959999,0.1429,0.1629,0.164,0.1849,0.20909999,0.19760001,0.22400001,0.034200002,0.001,0.2255,0.1714,El Gazira_41,POINT (32.72634105999518 14.338861052398649),0.144,0.1198,0.1101,0.1173,0.1224,0.1339,0.1514,0.1267,0.159,0.0267,0.001,0.1569,0.1121,0.38609999,0.35929999,0.34990001,0.36790001,0.37189999,0.3985,0.4199,0.389,0.43130001,0.16769999,0.0058,0.38940001,0.32980001,0.16779999,0.1408,0.146,0.1193,0.1487,0.27489999,0.3436,0.361,0.36669999,0.0554,0.0111,0.20739999,0.1202,0.1274,0.096100003,0.090300001,0.0678,0.0823,0.12720001,0.15090001,0.1463,0.1645,0.0221,0.0019,0.1095,0.0616
29818,0.1587,0.15270001,0.1582,0.18709999,0.18970001,0.2158,0.2441,0.22679999,0.27110001,0.0378,0.0013,0.27520001,0.1999,El Gazira_41,POINT (32.71078334667464 14.357510845370122),0.15019999,0.1321,0.1242,0.1372,0.14049999,0.1664,0.181,0.1717,0.1974,0.0298,0.001,0.19850001,0.1425,0.6505,0.6451,0.62720001,0.67690003,0.67629999,0.69260001,0.71310002,0.69230002,0.72729999,0.31670001,0.0061,0.55190003,0.405,0.1611,0.13770001,0.1381,0.1176,0.1434,0.2243,0.26620001,0.24789999,0.2843,0.0414,0.0065,0.1613,0.0876,0.13959999,0.1229,0.1242,0.1143,0.1303,0.19400001,0.2392,0.2269,0.2613,0.0289,0.001,0.1873,0.1029
41998,0.15539999,0.1444,0.1442,0.16429999,0.1628,0.1754,0.1969,0.1849,0.211,0.0323,0.0011,0.2209,0.17739999,El Gazira_41,POINT (32.72226642079218 14.350539806249717),0.146,0.12800001,0.119,0.12540001,0.1283,0.1558,0.1708,0.1564,0.18359999,0.0279,0.001,0.177,0.1337,0.47409999,0.50139999,0.48010001,0.50669998,0.51,0.52700001,0.55059999,0.5345,0.55980003,0.2174,0.005,0.51910001,0.43990001,0.1618,0.1375,0.14480001,0.1093,0.15,0.3206,0.406,0.38820001,0.43959999,0.0589,0.0085,0.2185,0.1072,0.12890001,0.1004,0.091700003,0.0748,0.0933,0.137,0.1584,0.15,0.1763,0.021600001,0.0009,0.1344,0.071199998
55885,0.16,0.15019999,0.1569,0.1849,0.18529999,0.2045,0.23119999,0.21780001,0.25479999,0.039,0.0013,0.274,0.2147,El Gazira_41,POINT (32.72597063824945 14.343478234153721),0.1471,0.1215,0.113,0.1217,0.1224,0.1327,0.14650001,0.1339,0.1587,0.029100001,0.001,0.1736,0.1419,0.454,0.44870001,0.4294,0.43329999,0.44780001,0.4842,0.51319999,0.487,0.52929997,0.2154,0.0053,0.49520001,0.44150001,0.1692,0.1425,0.1312,0.1279,0.1347,0.169,0.196,0.17649999,0.2052,0.0418,0.0102,0.17640001,0.1363,0.1283,0.096100003,0.079099998,0.072499998,0.073,0.080399998,0.093199998,0.077500001,0.0972,0.0135,0.0008,0.087800004,0.0655
10787,0.1454,0.13349999,0.13500001,0.1595,0.1556,0.1663,0.1873,0.17460001,0.20209999,0.029300001,0.001,0.20900001,0.16850001,El Gazira_41,POINT (32.69707774208274 14.364662950441705),0.1432,0.119,0.1116,0.1227,0.1195,0.1288,0.14049999,0.12729999,0.1486,0.025800001,0.0009,0.14820001,0.1162,0.4456,0.40279999,0.41510001,0.44749999,0.4619,0.48210001,0.50319999,0.4488,0.50709999,0.1917,0.0049,0.47369999,0.3872,0.16159999,0.1383,0.13590001,0.1214,0.1381,0.2254,0.27200001,0.23119999,0.28760001,0.0442,0.0078,0.1706,0.1011,0.1366,0.1139,0.1128,0.1015,0.1239,0.2121,0.2543,0.2199,0.2739,0.031599998,0.0008,0.1891,0.1084
24284,0.1499,0.13410001,0.134,0.15700001,0.15360001,0.16779999,0.1876,0.1762,0.2076,0.0332,0.0012,0.22229999,0.1745,El Gazira_41,POINT (32.696244293154855 14.359593103808685),0.1473,0.1212,0.1133,0.1245,0.1239,0.13249999,0.1477,0.1353,0.1605,0.0276,0.0011,0.1664,0.12890001,0.55040002,0.52530003,0.51679999,0.55760002,0.55620003,0.58029997,0.60390002,0.56519997,0.61909997,0.24420001,0.0048,0.54650003,0.43020001,0.1621,0.13689999,0.1331,0.1192,0.1339,0.22830001,0.27430001,0.25350001,0.29100001,0.043,0.0093,0.1497,0.084299996,0.1365,0.1126,0.1113,0.0871,0.1167,0.27090001,0.34189999,0.31959999,0.3691,0.0341,0.0008,0.19,0.095799997
62386,0.15970001,0.15090001,0.15350001,0.18089999,0.17910001,0.197,0.2221,0.204,0.2406,0.0354,0.0011,0.25279999,0.2041,El Gazira_41,POINT (32.724211134957244 14.341758107617519),0.1498,0.139,0.1331,0.15459999,0.153,0.1692,0.1851,0.1714,0.2017,0.029200001,0.001,0.2155,0.1718,0.478,0.4668,0.4522,0.48370001,0.48339999,0.50870001,0.53049999,0.5068,0.54629999,0.2305,0.0065,0.5061,0.43360001,0.1692,0.1445,0.1375,0.13510001,0.1402,0.17839999,0.2103,0.1912,0.2106,0.048500001,0.0111,0.1749,0.131,0.134,0.1105,0.099,0.1003,0.096199997,0.109,0.1268,0.1127,0.1311,0.0208,0.0008,0.1146,0.083499998
11092,0.16240001,0.15979999,0.1696,0.20810001,0.2058,0.22570001,0.25319999,0.2383,0.2816,0.037700001,0.0011,0.2782,0.2032,El Gazira_41,POINT (32.70272667370508 14.364572417466116),0.1567,0.152,0.154,0.1816,0.1813,0.1996,0.22220001,0.2032,0.2404,0.0308,0.001,0.24070001,0.18089999,0.34689999,0.38370001,0.3687,0.37920001,0.37090001,0.38330001,0.39340001,0.4012,0.3946,0.1242,0.0041,0.37009999,0.28659999,0.1629,0.1429,0.1477,0.1265,0.1521,0.25150001,0.30180001,0.287,0.3242,0.0436,0.0072,0.1971,0.1168,0.1383,0.1232,0.1189,0.1191,0.1247,0.1955,0.23810001,0.1778,0.26109999,0.0314,0.0008,0.1701,0.096
10120,0.162,0.1593,0.1705,0.20460001,0.18880001,0.2079,0.2289,0.2362,0.25459999,0.036,0.0011,0.25440001,0.1939,El Gazira_41,POINT (32.70272667370508 14.364934549368474),0.15440001,0.1517,0.15260001,0.18009999,0.1609,0.17659999,0.1917,0.20020001,0.2111,0.0296,0.0009,0.2173,0.16509999,0.3057,0.37970001,0.35260001,0.3477,0.31510001,0.31990001,0.33230001,0.3937,0.34040001,0.1093,0.0036,0.31740001,0.2498,0.16240001,0.1417,0.1417,0.1213,0.1453,0.236,0.28279999,0.2809,0.3019,0.042300001,0.0071,0.1911,0.1152,0.1362,0.1137,0.1154,0.091,0.1145,0.24950001,0.3175,0.26530001,0.3466,0.0341,0.0008,0.1904,0.0937
94273,0.1549,0.1498,0.1557,0.1815,0.17550001,0.1946,0.21510001,0.20640001,0.2317,0.036,0.0011,0.2282,0.18449999,El Gazira_41,POINT (32.72189599904645 14.333157474936499),0.1453,0.1294,0.124,0.132,0.1294,0.1479,0.1569,0.1498,0.17110001,0.0286,0.0009,0.1314,0.096900001,0.41190001,0.39919999,0.3892,0.41209999,0.41729999,0.43920001,0.4596,0.4341,0.4734,0.19069999,0.0055,0.4443,0.3836,0.1699,0.152,0.14650001,0.13600001,0.1425,0.20810001,0.2463,0.2201,0.25279999,0.0519,0.0133,0.1496,0.091899998,0.13060001,0.1088,0.0995,0.093800001,0.089599997,0.1171,0.1407,0.1246,0.1393,0.0221,0.003,0.0994,0.058200002
123657,0.14659999,0.1235,0.1168,0.1295,0.12970001,0.13590001,0.1552,0.1426,0.1655,0.029,0.001,0.15279999,0.1039,El Gazira_41,POINT (32.72791535241451 14.322836715719276),0.1446,0.12630001,0.1183,0.12710001,0.1211,0.1338,0.14839999,0.1392,0.15989999,0.0277,0.001,0.1734,0.13950001,0.28189999,0.25389999,0.26280001,0.28510001,0.27649999,0.29969999,0.30649999,0.29249999,0.31389999,0.1058,0.0045,0.3145,0.2317,0.1698,0.1391,0.1411,0.1119,0.1398,0.27810001,0.3594,0.31909999,0.3847,0.055,0.0135,0.1892,0.097099997,0.133,0.1133,0.1018,0.090700001,0.1007,0.147,0.1705,0.16680001,0.1855,0.0272,0.0043,0.145,0.0779
133586,0.1516,0.139,0.1443,0.1673,0.16339999,0.1832,0.21269999,0.2076,0.22750001,0.032900002,0.0011,0.2361,0.182,El Gazira_41,POINT (32.72606324368588 14.319668061573639),0.1495,0.1312,0.127,0.14129999,0.1415,0.1576,0.1768,0.173,0.196,0.0312,0.001,0.20479999,0.15719999,0.3407,0.36649999,0.34130001,0.3441,0.34650001,0.36860001,0.3888,0.3964,0.398,0.14650001,0.0039,0.41100001,0.3141,0.1726,0.1494,0.14470001,0.1357,0.14470001,0.2093,0.24150001,0.24240001,0.26809999,0.0484,0.0154,0.1822,0.1283,0.1564,0.1082,0.1046,0.1094,0.1161,0.1471,0.17219999,0.13420001,0.18449999,0.0464,0.0098,0.15019999,0.111
5617,0.1561,0.13789999,0.1356,0.1567,0.166,0.18440001,0.20649999,0.1772,0.2326,0.0391,0.0012,0.2277,0.1662,El Gazira_41,POINT (32.70374533350583 14.366654675904678),0.1558,0.12890001,0.1205,0.13259999,0.1401,0.15459999,0.1683,0.1464,0.1883,0.0317,0.001,0.20029999,0.1505,0.39919999,0.34869999,0.3563,0.38330001,0.3804,0.40189999,0.4181,0.36680001,0.42989999,0.1573,0.0037,0.38479999,0.30790001,0.16320001,0.14030001,0.1382,0.1245,0.1402,0.23190001,0.278,0.26679999,0.2942,0.0378,0.0067,0.183,0.1086,0.1374,0.1124,0.1113,0.0845,0.1191,0.2658,0.33489999,0.32409999,0.36750001,0.0337,0.0007,0.19850001,0.1022
114195,0.153,0.1408,0.1425,0.16329999,0.16159999,0.1744,0.19760001,0.1829,0.21080001,0.0321,0.0011,0.217,0.1786,El Gazira_41,POINT (32.731804780744646 14.326005369864916),0.14669999,0.1296,0.1245,0.1401,0.1392,0.15090001,0.1699,0.155,0.1824,0.0288,0.001,0.18529999,0.1496,0.29089999,0.2357,0.2383,0.2563,0.27129999,0.30930001,0.33379999,0.2773,0.34670001,0.1166,0.0046,0.32190001,0.26320001,0.16500001,0.14210001,0.1322,0.1269,0.13519999,0.1842,0.2149,0.1944,0.2173,0.047400001,0.0115,0.16249999,0.119,0.1399,0.1237,0.1029,0.095600002,0.094700001,0.1208,0.14229999,0.13680001,0.1523,0.034200002,0.009,0.1188,0.0911
113782,0.1577,0.1473,0.15530001,0.1873,0.1839,0.19859999,0.2243,0.2112,0.2395,0.036600001,0.0011,0.24969999,0.1978,El Gazira_41,POINT (32.71809917615275 14.326095902840505),0.152,0.134,0.1329,0.1547,0.1534,0.16670001,0.1846,0.17470001,0.2001,0.0328,0.0012,0.2111,0.16859999,0.38510001,0.3687,0.36269999,0.3757,0.37349999,0.398,0.4174,0.40329999,0.43189999,0.1749,0.0043,0.3987,0.3409,0.17839999,0.1505,0.14229999,0.14040001,0.14129999,0.17900001,0.2067,0.1876,0.21610001,0.0519,0.0184,0.16670001,0.12720001,0.13860001,0.1088,0.095100001,0.0889,0.092699997,0.1113,0.1244,0.1089,0.1303,0.0289,0.0068,0.119,0.0849
